document_title,eisenhower_url,naid,collection,topic,bibliography_matches,matched_bibliography_files,unit_record_matches,matched_unit_records
"21 Army Group General Situation, December 16, 1944",https://www.eisenhowerlibrary.gov/sites/default/files/research/online-documents/ardennes-battle-bulge/033-037.pdf,12125645,"DDE Pre-Presidential Papers, Principal File, Box 83",Ardennes,0,,0,
"Cable, Eisenhower to Montgomery, December 19, 1944",https://www.eisenhowerlibrary.gov/sites/default/files/research/online-documents/ardennes-battle-bulge/033-038.pdf,12125646,"DDE Pre-Presidential Papers, Principal File, Box 83",Ardennes,18,memo_sub_decisions_reached_at_supreme_commanders_conf_18_oct_44_dtd_22_oct_44_01KT7YPJS0YVYNHDJN1ZH7YWFX.json; cbl_to_eisenhower_6_aug_42_draft_in_memo_handy_for_classified_mc_01KQ64XM9DA0RYS7BHHJRVWWKV.json; interview_with_maj_gen_kenneth_r_mclean_01KPTABRAQG9VQNYQE3HX46K7R.json; ccs_132d_mtg_01KPT9NABY9X6MXBFTP80RHF7P.json; notes_on_a_meeting_of_army_commanders_01KPTABTWYM18VVDZPHBFZJDBB.json,0,
"Cable, Eisenhower to Bradley Re Protection of Meuse River Bridges, December 19, 1944",https://www.eisenhowerlibrary.gov/sites/default/files/research/online-documents/ardennes-battle-bulge/033-032.pdf,12117241,"DDE Pre-Presidential Papers, Principal File, Box 13",Ardennes,29,memo_sub_decisions_reached_at_supreme_commanders_conf_18_oct_44_dtd_22_oct_44_01KT7YPJS0YVYNHDJN1ZH7YWFX.json; aeaf_opn_cobra_01KPSNKZNG67242YNRC6KB1R9R.json; aaf_iii_01KPSNM5G0J1GVN2SH3JPKDXZ7.json; cbl_to_eisenhower_6_aug_42_draft_in_memo_handy_for_classified_mc_01KQ64XM9DA0RYS7BHHJRVWWKV.json; interview_with_gen_bradley_01KQ5JQNMK0188HCMYDZMX8W2W.json,0,
"Telephone Conversation with General Bradley, December 21, 1944",https://www.eisenhowerlibrary.gov/sites/default/files/research/online-documents/ardennes-battle-bulge/126-003.pdf,12113396,"Harold R. Bull Papers, Box 2",Ardennes,15,aeaf_opn_cobra_01KPSNKZNG67242YNRC6KB1R9R.json; aaf_iii_01KPSNM5G0J1GVN2SH3JPKDXZ7.json; interview_with_gen_bradley_01KQ5JQNMK0188HCMYDZMX8W2W.json; interv_by_author_with_gen_collins_30_mar_56_washington_dc_01KPSN62F7M8R46P7K5BE3BCFZ.json; shaef_g_3_to_shaef_cofs_sub_scaef_letter_to_general_bradley_15_dec_44_01KT80XY1B5Z3P5VSEFRZQBQNP.json,0,
"Cable, Montgomery to Eisenhower, December 21, 1944",https://www.eisenhowerlibrary.gov/sites/default/files/research/online-documents/ardennes-battle-bulge/033-039.pdf,12125649,"DDE Pre-Presidential Papers, Principal File, Box 83",Ardennes,18,memo_sub_decisions_reached_at_supreme_commanders_conf_18_oct_44_dtd_22_oct_44_01KT7YPJS0YVYNHDJN1ZH7YWFX.json; cbl_to_eisenhower_6_aug_42_draft_in_memo_handy_for_classified_mc_01KQ64XM9DA0RYS7BHHJRVWWKV.json; interview_with_maj_gen_kenneth_r_mclean_01KPTABRAQG9VQNYQE3HX46K7R.json; ccs_132d_mtg_01KPT9NABY9X6MXBFTP80RHF7P.json; notes_on_a_meeting_of_army_commanders_01KPTABTWYM18VVDZPHBFZJDBB.json,0,
"Outgoing Message to Every Member of the Allied Expeditionary Force, December 22, 1944",https://www.eisenhowerlibrary.gov/sites/default/files/research/online-documents/ardennes-battle-bulge/033-053.pdf,12126643,"DDE Pre-Presidential Papers, Principal File, Box 148",Ardennes,0,,0,
"Cable, Eisenhower to Montgomery, December 22, 1944",https://www.eisenhowerlibrary.gov/sites/default/files/research/online-documents/ardennes-battle-bulge/033-040.pdf,12125650,"DDE Pre-Presidential Papers, Principal File, Box 83",Ardennes,18,memo_sub_decisions_reached_at_supreme_commanders_conf_18_oct_44_dtd_22_oct_44_01KT7YPJS0YVYNHDJN1ZH7YWFX.json; cbl_to_eisenhower_6_aug_42_draft_in_memo_handy_for_classified_mc_01KQ64XM9DA0RYS7BHHJRVWWKV.json; interview_with_maj_gen_kenneth_r_mclean_01KPTABRAQG9VQNYQE3HX46K7R.json; ccs_132d_mtg_01KPT9NABY9X6MXBFTP80RHF7P.json; notes_on_a_meeting_of_army_commanders_01KPTABTWYM18VVDZPHBFZJDBB.json,0,
"Cable, Montgomery to Eisenhower, December 23, 1944",https://www.eisenhowerlibrary.gov/sites/default/files/research/online-documents/ardennes-battle-bulge/033-041.pdf,12125651,"DDE Pre-Presidential Papers, Principal File, Box 83",Ardennes,18,memo_sub_decisions_reached_at_supreme_commanders_conf_18_oct_44_dtd_22_oct_44_01KT7YPJS0YVYNHDJN1ZH7YWFX.json; cbl_to_eisenhower_6_aug_42_draft_in_memo_handy_for_classified_mc_01KQ64XM9DA0RYS7BHHJRVWWKV.json; interview_with_maj_gen_kenneth_r_mclean_01KPTABRAQG9VQNYQE3HX46K7R.json; ccs_132d_mtg_01KPT9NABY9X6MXBFTP80RHF7P.json; notes_on_a_meeting_of_army_commanders_01KPTABTWYM18VVDZPHBFZJDBB.json,0,
"Cable, Montgomery to Eisenhower, December 24, 1944",https://www.eisenhowerlibrary.gov/sites/default/files/research/online-documents/ardennes-battle-bulge/033-042.pdf,12125656,"DDE Pre-Presidential Papers, Principal File, Box 83",Ardennes,18,memo_sub_decisions_reached_at_supreme_commanders_conf_18_oct_44_dtd_22_oct_44_01KT7YPJS0YVYNHDJN1ZH7YWFX.json; cbl_to_eisenhower_6_aug_42_draft_in_memo_handy_for_classified_mc_01KQ64XM9DA0RYS7BHHJRVWWKV.json; interview_with_maj_gen_kenneth_r_mclean_01KPTABRAQG9VQNYQE3HX46K7R.json; ccs_132d_mtg_01KPT9NABY9X6MXBFTP80RHF7P.json; notes_on_a_meeting_of_army_commanders_01KPTABTWYM18VVDZPHBFZJDBB.json,0,
"Diary Entry, December 24, 1944",https://www.eisenhowerlibrary.gov/sites/default/files/research/online-documents/ardennes-battle-bulge/033-048.pdf,12126625,"DDE Pre-Presidential Papers, Butcher's Diary",Ardennes,0,,0,
"Cable, Montgomery to Eisenhower, December 25, 1944",https://www.eisenhowerlibrary.gov/sites/default/files/research/online-documents/ardennes-battle-bulge/033-043.pdf,12125674,"DDE Pre-Presidential Papers, Principal File, Box 83",Ardennes,18,memo_sub_decisions_reached_at_supreme_commanders_conf_18_oct_44_dtd_22_oct_44_01KT7YPJS0YVYNHDJN1ZH7YWFX.json; cbl_to_eisenhower_6_aug_42_draft_in_memo_handy_for_classified_mc_01KQ64XM9DA0RYS7BHHJRVWWKV.json; interview_with_maj_gen_kenneth_r_mclean_01KPTABRAQG9VQNYQE3HX46K7R.json; ccs_132d_mtg_01KPT9NABY9X6MXBFTP80RHF7P.json; notes_on_a_meeting_of_army_commanders_01KPTABTWYM18VVDZPHBFZJDBB.json,0,
"Cable, Montgomery to Eisenhower, December 26, 1944",https://www.eisenhowerlibrary.gov/sites/default/files/research/online-documents/ardennes-battle-bulge/033-044.pdf,12125681,"DDE Pre-Presidential Papers, Principal File, Box 83",Ardennes,18,memo_sub_decisions_reached_at_supreme_commanders_conf_18_oct_44_dtd_22_oct_44_01KT7YPJS0YVYNHDJN1ZH7YWFX.json; cbl_to_eisenhower_6_aug_42_draft_in_memo_handy_for_classified_mc_01KQ64XM9DA0RYS7BHHJRVWWKV.json; interview_with_maj_gen_kenneth_r_mclean_01KPTABRAQG9VQNYQE3HX46K7R.json; ccs_132d_mtg_01KPT9NABY9X6MXBFTP80RHF7P.json; notes_on_a_meeting_of_army_commanders_01KPTABTWYM18VVDZPHBFZJDBB.json,0,
"Letter, Montgomery to Eisenhower re operational control of 12 and 21 Army Groups, December 29, 1944",https://www.eisenhowerlibrary.gov/sites/default/files/research/online-documents/ardennes-battle-bulge/033-045.pdf,12125686,"DDE Pre-Presidential Papers, Principal File, Box 83",Ardennes,18,memo_sub_decisions_reached_at_supreme_commanders_conf_18_oct_44_dtd_22_oct_44_01KT7YPJS0YVYNHDJN1ZH7YWFX.json; cbl_to_eisenhower_6_aug_42_draft_in_memo_handy_for_classified_mc_01KQ64XM9DA0RYS7BHHJRVWWKV.json; interview_with_maj_gen_kenneth_r_mclean_01KPTABRAQG9VQNYQE3HX46K7R.json; ccs_132d_mtg_01KPT9NABY9X6MXBFTP80RHF7P.json; notes_on_a_meeting_of_army_commanders_01KPTABTWYM18VVDZPHBFZJDBB.json,0,
"Outline Plan of Operations, December 31, 1944",https://www.eisenhowerlibrary.gov/sites/default/files/research/online-documents/ardennes-battle-bulge/033-047.pdf,12125699,"DDE Pre-Presidential Papers, Principal File, Box 83",Ardennes,0,,0,
"Letter, Eisenhower to Montgomery re Outline Plan, December 31, 1944",https://www.eisenhowerlibrary.gov/sites/default/files/research/online-documents/ardennes-battle-bulge/033-046.pdf,12125692,"DDE Pre-Presidential Papers, Principal File, Box 83",Ardennes,18,memo_sub_decisions_reached_at_supreme_commanders_conf_18_oct_44_dtd_22_oct_44_01KT7YPJS0YVYNHDJN1ZH7YWFX.json; cbl_to_eisenhower_6_aug_42_draft_in_memo_handy_for_classified_mc_01KQ64XM9DA0RYS7BHHJRVWWKV.json; interview_with_maj_gen_kenneth_r_mclean_01KPTABRAQG9VQNYQE3HX46K7R.json; ccs_132d_mtg_01KPT9NABY9X6MXBFTP80RHF7P.json; notes_on_a_meeting_of_army_commanders_01KPTABTWYM18VVDZPHBFZJDBB.json,0,
"Cable, Montgomery to Eisenhower, January 2, 1945",https://www.eisenhowerlibrary.gov/sites/default/files/research/online-documents/ardennes-battle-bulge/033-034.pdf,12125642,"DDE Pre-Presidential Papers, Principal File, Box 83",Ardennes,17,cbl_smith_to_eisenhower_5_jan_44_eisenhower_personal_files_see_bibliographical_n_01KQ6GA50AS799AW9QN2XEJA88.json; cbl_eisenhower_to_smith_6_jan_44_eisenhower_personal_files_01KQ67WBVNV4BFF7NV7N3466N9.json; interview_with_maj_gen_kenneth_r_mclean_01KPTABRAQG9VQNYQE3HX46K7R.json; ccs_132d_mtg_01KPT9NABY9X6MXBFTP80RHF7P.json; notes_on_a_meeting_of_army_commanders_01KPTABTWYM18VVDZPHBFZJDBB.json,0,
"Letter, Montgomery to Bradley, January 12, 1945",https://www.eisenhowerlibrary.gov/sites/default/files/research/online-documents/ardennes-battle-bulge/033-035.pdf,12125643,"DDE Pre-Presidential Papers, Principal File, Box 83",Ardennes,13,letter_bradley_to_ocmh_01KPT0QECHFY0004RNQZJMKRVX.json; cbl_smith_to_eisenhower_5_jan_44_eisenhower_personal_files_see_bibliographical_n_01KQ6GA50AS799AW9QN2XEJA88.json; interview_with_maj_gen_kenneth_r_mclean_01KPTABRAQG9VQNYQE3HX46K7R.json; ltr_bradley_to_ocmh_7_jan_55_01KPVRCPMKZSZJ2PFFF8DJMFRN.json; notes_on_a_meeting_of_army_commanders_01KPTABTWYM18VVDZPHBFZJDBB.json,0,
"Letter, Eisenhower to Marshall, January 12, 1945",https://www.eisenhowerlibrary.gov/sites/default/files/research/online-documents/ardennes-battle-bulge/033-033.pdf,12123688,"DDE Pre-Presidential Papers, Principal File, Box 80",Ardennes,16,cbl_smith_to_eisenhower_5_jan_44_eisenhower_personal_files_see_bibliographical_n_01KQ6GA50AS799AW9QN2XEJA88.json; cbl_eisenhower_to_smith_6_jan_44_eisenhower_personal_files_01KQ67WBVNV4BFF7NV7N3466N9.json; ccs_132d_mtg_01KPT9NABY9X6MXBFTP80RHF7P.json; proceedings_of_the_2d_anfa_meeting_01KPVZDX781AG182YZT7ZCMSVN.json; the_chiefs_of_staff_conference_01KQ66H07MS9YRCYHBCR9WZWVB.json,0,
"Cable, Montgomery to Eisenhower re conclusion of Ardennes campaign, January 16, 1945",https://www.eisenhowerlibrary.gov/sites/default/files/research/online-documents/ardennes-battle-bulge/033-036.pdf,12125644,"DDE Pre-Presidential Papers, Principal File, Box 83",Ardennes,17,cbl_smith_to_eisenhower_5_jan_44_eisenhower_personal_files_see_bibliographical_n_01KQ6GA50AS799AW9QN2XEJA88.json; cbl_eisenhower_to_smith_6_jan_44_eisenhower_personal_files_01KQ67WBVNV4BFF7NV7N3466N9.json; interview_with_maj_gen_kenneth_r_mclean_01KPTABRAQG9VQNYQE3HX46K7R.json; ccs_132d_mtg_01KPT9NABY9X6MXBFTP80RHF7P.json; notes_on_a_meeting_of_army_commanders_01KPTABTWYM18VVDZPHBFZJDBB.json,0,
"Letter, J. Lawton Collins to James L. Collins, January 16, 1945",https://www.eisenhowerlibrary.gov/sites/default/files/research/online-documents/ardennes-battle-bulge/008-010.pdf,12113405,"J. Lawton Collins Papers, Box 3",Ardennes,16,interv_with_collins_01KTC1KQ2AKNVZN2QZ5KZ2X8NR.json; operations_memorandum_76_26_august_1944_01KQ7YBJ3J746856VX9XCP6C7Q.json; talk_19_jan_48_01KQ9HCCJ01G8JAZVR8B8YX69M.json; interv_with_collins_25_jan_54_01KT9R97N2A0S7KW6T9X03MYP9.json; collins_talk_01KPT0EQ77V41WC6Q5PPMFGY2V.json,0,
"Ardennes: Translation of Written Questions Answered by Jodl and Approved by Keitel, July 20, 1945",https://www.eisenhowerlibrary.gov/sites/default/files/research/online-documents/ardennes-battle-bulge/102-009.pdf,12130736,"Walter Bedell Smith Collection, Box 41",Ardennes,16,oni_fuehrer_confs_01KPSYZ91WZGYKQR7G5QX0KCB6.json; wolframs_min_1_jul_in_agp_b_ktb_annex_33_jodl_diary_29_jun_oni_fuehrer_confs_der_01KQ5X7QRVQ24C3V4SF8MQQ052.json; min_1_jul_in_agp_b_ktb_annex_33_01KPSYZ73QCMQ2GBJ8QYVJKTQ6.json; report_of_kluge_jodl_telecon_01KQ629BF045HKJJAY0J5ANP6V.json; telecon_kluge_and_jodl_1828_13_jul_01KPSNRK9049H2C8BXZZNV2J8W.json,0,
"Ardennes Counteroffensive: Additional Interview with Jodl, July 26, 1945",https://www.eisenhowerlibrary.gov/sites/default/files/research/online-documents/ardennes-battle-bulge/102-010.pdf,12130740,"Walter Bedell Smith Collection, Box 41",Ardennes,16,oni_fuehrer_confs_01KPSYZ91WZGYKQR7G5QX0KCB6.json; wolframs_min_1_jul_in_agp_b_ktb_annex_33_jodl_diary_29_jun_oni_fuehrer_confs_der_01KQ5X7QRVQ24C3V4SF8MQQ052.json; min_1_jul_in_agp_b_ktb_annex_33_01KPSYZ73QCMQ2GBJ8QYVJKTQ6.json; report_of_kluge_jodl_telecon_01KQ629BF045HKJJAY0J5ANP6V.json; telecon_kluge_and_jodl_1828_13_jul_01KPSNRK9049H2C8BXZZNV2J8W.json,0,
"Battle of the Ardennes: Interview with Lt Col Otto Skorzeny, August 12, 1945",https://www.eisenhowerlibrary.gov/sites/default/files/research/online-documents/ardennes-battle-bulge/102-011.pdf,12130741,"Walter Bedell Smith Collection, Box 41",Ardennes,0,,0,
"The Ardennes Campaign by General Courtney H. Hodges, 1946",https://www.eisenhowerlibrary.gov/sites/default/files/research/online-documents/ardennes-battle-bulge/127-001.pdf,12126303,"Courtney H. Hodges Papers, Box 9",Ardennes,0,,0,
"Letter, H. R. Bull to Hanson Baldwin, September 12, 1946",https://www.eisenhowerlibrary.gov/sites/default/files/research/online-documents/ardennes-battle-bulge/126-001.pdf,12113394,"Harold R. Bull Papers, Box 2",Ardennes,24,21st_army_group_daily_administrative_bulletin_no_84_01KS0ZHFA7GTQJ3P6TQM956H0M.json; 21st_a_gp_basic_statistical_rpt_no_5_01KRSJTMFBZBY7YV7ZPVDV4VM1.json; 21st_a_gp_daily_adm_bull_no_84_2_sep_44_01KRSJTTT2B160Z19ZX37NNZV9.json; 21st_a_gp_daily_adm_bull_no_84_2_sep_44_01KRSVB37TARW2ZEZ96GW0Y29J.json; 21st_a_gp_basic_statistical_rpt_no_5_01KRSVB2TYHDKR5CBZ2V8XGM39.json,0,
"Memorandum for the Chief of Staff, September 12, 1946",https://www.eisenhowerlibrary.gov/sites/default/files/research/online-documents/ardennes-battle-bulge/126-002.pdf,12113395,"Harold R. Bull Papers, Box 2",Ardennes,0,,0,
"Order of the Day, June 6, 1944",https://www.eisenhowerlibrary.gov/sites/default/files/research/online-documents/d-day/order-of-the-day.pdf,12000995,"Museum Manuscripts, Box 1",D-Day,22,ms_a_105_01KT9RC9Y9245TM0YD6QWHZPK8.json; 89th_div_order_of_the_day_01KTC1ZPRE780QBY6TCB9ET45Y.json; ethint_56_01KTC1ZWK7JQGMGRTA69GECWAB.json; division_review_of_the_89th_division_01KTC1ZNBGSZ2E4GCQSRH1ASAB.json; ms_p_032a_01KTC1ZVQQGB3X7J9YNPQ0DSHJ.json,0,
Order of the Day - draft of statement,https://www.eisenhowerlibrary.gov/sites/default/files/research/online-documents/d-day/order-of-the-day-draft.pdf,12010107,"Ray W. Barker Papers, Box 1",D-Day,22,ms_a_105_01KT9RC9Y9245TM0YD6QWHZPK8.json; 89th_div_order_of_the_day_01KTC1ZPRE780QBY6TCB9ET45Y.json; ethint_56_01KTC1ZWK7JQGMGRTA69GECWAB.json; division_review_of_the_89th_division_01KTC1ZNBGSZ2E4GCQSRH1ASAB.json; ms_p_032a_01KTC1ZVQQGB3X7J9YNPQ0DSHJ.json,0,
In Case of Failure Message,https://www.eisenhowerlibrary.gov/sites/default/files/research/online-documents/d-day/in-case-of-failure-message.pdf,186470,"DDE Pre-Presidential Papers, Butcher Diary",D-Day,0,,0,
"The Trident Conference, May 1943",https://www.eisenhowerlibrary.gov/sites/default/files/research/online-documents/d-day/trident-conference.pdf,12005142,"Combined Chiefs of Staff Conference Proceedings, Box 2",D-Day,9,meetings_at_algiers_between_churchill_marshall_eisenhower_and_others_29_and_31_m_01KQ661Y58YA3665B36XBZ642B.json; min_of_trident_conf_01KQ66201N0XKS2GSP9PFGYR1A.json; minutes_of_trident_conference_01KPT989RHJCGB6QNARFXXPQ7K.json; 1st_white_house_mtg_trident_conf_01KPT79A1NZXPE4HV8E1PMNZWZ.json; jps_231_adequacy_of_the_trident_strategy_26_jul_43_colonel_bessell_army_member_o_01KPT99HFQZRC4Q71V809TP4QK.json,0,
"The Quadrant Conference, August 1943",https://www.eisenhowerlibrary.gov/sites/default/files/research/online-documents/d-day/quadrant-conference.pdf,12005143,"Combined Chiefs of Staff Conference Proceedings, Box 2",D-Day,15,1st_plenary_citadel_mtg_01KQ664TZ4NPCD1VXM3W97C2M1.json; report_on_quadrant_01KPW0DDCPJVE74B9SB792FMSD.json; memos_and_staff_studies_in_opd_file_abc_337_25_may_43_passim_01KQ662KC73T638WFNSK8EWXCF.json; jcs_4221_01KPT7GJ8F3WMC289PVF2V97ER.json; quadrant_01KPT98VKR2ZXB8DPVSKCSMA28.json,0,
"Harry Butcher Diary Entry, October 5, 1943",https://www.eisenhowerlibrary.gov/sites/default/files/research/online-documents/d-day/butcher-diary.pdf,12004922,"DDE Pre-Presidential Papers, Butcher Diary",D-Day,0,,0,
"The Sextant and Eureka Conferences, November-December 1943",https://www.eisenhowerlibrary.gov/sites/default/files/research/online-documents/d-day/sextant-and-eureka-conferences.pdf,12005144,"Combined Chiefs of Staff Conference Proceedings, Box 2",D-Day,9,2d_plenary_meeting_at_cairo_24_november_1943_01KPT9NG5164A3CBF5C3C008TT.json; 2d_plenary_mtg_at_cairo_01KQ66SF1X14ESWKHMABDPE2B4.json; official_us_minutes_of_the_meeting_bound_with_the_minutes_of_the_cairo_sextant_c_01KQ66TWGN0BV14WYF39BJW2G3.json; official_us_minutes_of_the_meeting_01KQ75V2DPDZXA8MT7F5Y3BHND.json; official_us_minutes_of_the_meeting_bound_with_the_minutes_of_the_cairo_sextant_c_01KQ66T910WD9PEQM688F28NG4.json,0,
"Roosevelt to Stalin appointing Eisenhower to command Overlord, December 7, 1943",https://www.eisenhowerlibrary.gov/sites/default/files/research/online-documents/d-day/1943-12-07-roosevelt-to-stalin.pdf,,,D-Day,444,ltr_airborne_opns_to_further_overlord_6_jul_01KQ7YKC2VS82T5JY5CKHV1VD7.json; eisenhower_to_12th_and_6th_a_gps_fwd_15934_26_sep_44_01KS8KB8C9SBZXEGPTWB77183B.json; cable_marshall_to_eisenhower_01KQ67WVV4MJDV63RH8TD5HFAD.json; eisenhower_to_ccs_01KSDGRV10GZTKJ5BTM867SEBR.json; directive_to_commanders_01KS3GDGP010HG4AN4MTHASHE7.json,0,
"Overlord - Anvil Papers, December 1943 - April 1944 Part 1",https://www.eisenhowerlibrary.gov/sites/default/files/research/online-documents/d-day/overlord-part-1.pdf,12009137,"Walter Bedell Smith Collection, Box 21",D-Day,444,ltr_airborne_opns_to_further_overlord_6_jul_01KQ7YKC2VS82T5JY5CKHV1VD7.json; eisenhower_to_12th_and_6th_a_gps_fwd_15934_26_sep_44_01KS8KB8C9SBZXEGPTWB77183B.json; cable_marshall_to_eisenhower_01KQ67WVV4MJDV63RH8TD5HFAD.json; eisenhower_to_ccs_01KSDGRV10GZTKJ5BTM867SEBR.json; directive_to_commanders_01KS3GDGP010HG4AN4MTHASHE7.json,0,
"Overlord - Anvil Papers, December 1943 - April 1944 Part 2",https://www.eisenhowerlibrary.gov/sites/default/files/research/online-documents/d-day/overlord-part-2.pdf,12005073,"Walter Bedell Smith Collection, Box 21",D-Day,444,ltr_airborne_opns_to_further_overlord_6_jul_01KQ7YKC2VS82T5JY5CKHV1VD7.json; eisenhower_to_12th_and_6th_a_gps_fwd_15934_26_sep_44_01KS8KB8C9SBZXEGPTWB77183B.json; cable_marshall_to_eisenhower_01KQ67WVV4MJDV63RH8TD5HFAD.json; eisenhower_to_ccs_01KSDGRV10GZTKJ5BTM867SEBR.json; directive_to_commanders_01KS3GDGP010HG4AN4MTHASHE7.json,0,
"Operation Policy Memoranda, January 29, 1944",https://www.eisenhowerlibrary.gov/sites/default/files/research/online-documents/d-day/operation-policy-memoranda.pdf,12005223,"DDE Pre-Presidential Papers, Box 136",D-Day,0,,0,
"British Assault Area - Naval Operation Orders, May 15, 1944",https://www.eisenhowerlibrary.gov/sites/default/files/research/online-documents/d-day/british-assault-area.pdf,12004565,"Walter Bedell Smith Collection, Box 48",D-Day,0,,0,
"Minutes of the SCAEF 21st Meeting, June 2, 1944",https://www.eisenhowerlibrary.gov/sites/default/files/research/online-documents/d-day/minutes-of-the-scaef.pdf,12004923,"DDE Pre-Presidential Papers, Box 136",D-Day,16,letter_enclosing_staff_comments_on_shaef_proposal_to_reduce_the_allocation_of_la_01KPW28SRDGCM2PCC6PG2T8JX8.json; scaef_12th_meeting_01KPT99TQAFXBB3FYAWXGA6Y9J.json; letter_enclosing_staff_comments_on_shaef_proposal_01KPTADK53C7AZP82CSJWF44E1.json; scaef_5th_mtg_01KQ67Y1SFXQNBZX4T81RWR193.json; shaef_g_3_to_shaef_cofs_sub_scaef_letter_to_general_bradley_15_dec_44_01KT80XY1B5Z3P5VSEFRZQBQNP.json,0,
"Conditions in Normandy, June 3, 1944",https://www.eisenhowerlibrary.gov/sites/default/files/research/online-documents/d-day/1944-06-03-conditions-in-normandy.pdf,12005079,"DDE Pre-Presidential Papers, Box 137",D-Day,0,,0,
"Report of the 8th Air Force, Normandy Invasion, June 2-17, 1944",https://www.eisenhowerlibrary.gov/sites/default/files/research/online-documents/d-day/report-of-the-eighth-air-force.pdf,12005069,"Walter Bedell Smith Collection, Box 48",D-Day,50,letter_eaker_to_cg_etousa_31_dec_43_exhibit_2_to_eaker_report_01KPTAZM0N9ZAEMDXK412JAVDD.json; eaker_rpt_01KPTB0S0EYMQHBS8X6068MVQJ.json; effectiveness_of_third_phase_tactical_air_operations_in_the_european_theater_01KS3PQ33ZRY8NBZB1NYA3WF0M.json; ltr_cofs_eighth_af_to_cg_viii_bomber_command_and_viii_fighter_command_objectives_01KQ870X7BTH5YCZYQM8W08Y4S.json; effectiveness_of_third_phase_tactical_air_operations_in_the_european_theater_01KRSRBP800VBGJQE40PZ015G7.json,0,
"Report of Amphibious Operations, Invasion of Northern France, Western Task Force, June 1944",https://www.eisenhowerlibrary.gov/sites/default/files/research/online-documents/d-day/report-of-the-amphibious-operations.pdf,12005066,"Walter Bedell Smith Collection, Box 48",D-Day,0,,0,
"Report of the 82nd Airborne Division, Operation Neptune, June 6 - July 8, 1944",https://www.eisenhowerlibrary.gov/sites/default/files/research/online-documents/d-day/1944-06-06-to-08-82nd-airborne.pdf,12004816,"U.S. Army Unit Records, Box 6",D-Day,84,aeaf_memo_operation_neptune_employment_of_british_and_american_airborne_forces_01KPTC8QZK2WRT1GAKDP3T39M3.json; post_neptune_courses_of_action_after_capture_of_the_lodgment_area_main_objective_01KTC591RRKV0E26SXJF82RG1P.json; ps_shaef_44_21_final_01KQ5JK0W40R6E1JXPN413DZD6.json; shaef245003ops_01KPSMFGHRNK88TBM9RQYYHRJ2.json; sgs_shaef_file_381_post_overlord_plng_01KQ5JGMXRVZVMR9ATDF0W1753.json,1,"82nd AIRBORNE DIVISION, 1943-1946"
"After Action Report, 115th Infantry, June 1944",https://www.eisenhowerlibrary.gov/sites/default/files/research/online-documents/d-day/1944-06-after-action-report.pdf,12004462,"U.S. Army Unit Records, Box 867",D-Day,2,115th_infantry_s_3_journal_18_june_1944_01KPT4TKBXX3P5NFFPKXR0ZR2Q.json; 115th_infantry_regiment_s_3_journal_01KPT4QPN7TFHTM5538XPR0B1E.json,1,"115th INFANTRY REGIMENT, 1944-1945"
"After Action Report, Headquarters, 22nd Infantry, July 21, 1944",https://www.eisenhowerlibrary.gov/sites/default/files/research/online-documents/d-day/1944-07-21-after-action-report.pdf,12004463,"U.S. Army Unit Records, Box 791",D-Day,18,combat_interv_with_s_sgt_louis_pingatore_co_c_22d_inf_01KT7ZW58EF7PP17NDXXN4V2TH.json; combat_interv_with_lt_bernasco_co_a_22d_inf_01KT9RX38WXS9FYXKH8GA7A97K.json; combat_interv_with_lt_bernasco_co_a_22d_inf_01KT7ZW10Y818GF80VB22D5C4Z.json; combat_interv_with_capt_jennings_frye_1st_bn_22d_inf_01KT7ZWBR556ATQ4NFX213SG0G.json; combat_interv_with_lt_bernasco_co_a_22d_inf_01KTA7TRQGV4N5WAHFAX4HA4MK.json,0,
"SHAEF Message Eisenhower to Marshall, first reports of Normandy landing, June 6, 1944",https://www.eisenhowerlibrary.gov/sites/default/files/research/online-documents/d-day/1944-06-06-dde-to-marshall.pdf,594652,"DDE Pre-Presidential Papers, Box 133",D-Day,995,messages_to_agwar_for_jps_01KQ96QXWVTBJVTE0KTH9KEM4C.json; ltr_airborne_opns_to_further_overlord_6_jul_01KQ7YKC2VS82T5JY5CKHV1VD7.json; cosintrep_36_01KPT5AG09T49JVHSC22X500FY.json; eisenhower_to_12th_and_6th_a_gps_fwd_15934_26_sep_44_01KS8KB8C9SBZXEGPTWB77183B.json; memo_sub_decisions_reached_at_supreme_commanders_conf_18_oct_44_dtd_22_oct_44_01KT7YPJS0YVYNHDJN1ZH7YWFX.json,0,
"SHAEF Message reporting on D-Day landing area, June 8, 1944",https://www.eisenhowerlibrary.gov/sites/default/files/research/online-documents/d-day/1944-06-08-shaef-message.pdf,12009139,"DDE Pre-Presidential Papers, Box 130",D-Day,995,messages_to_agwar_for_jps_01KQ96QXWVTBJVTE0KTH9KEM4C.json; ltr_airborne_opns_to_further_overlord_6_jul_01KQ7YKC2VS82T5JY5CKHV1VD7.json; cosintrep_36_01KPT5AG09T49JVHSC22X500FY.json; eisenhower_to_12th_and_6th_a_gps_fwd_15934_26_sep_44_01KS8KB8C9SBZXEGPTWB77183B.json; memo_sub_decisions_reached_at_supreme_commanders_conf_18_oct_44_dtd_22_oct_44_01KT7YPJS0YVYNHDJN1ZH7YWFX.json,0,
"Journal entries from the 16th Infantry Regiment Journal, June 6-17, 1944",https://www.eisenhowerlibrary.gov/sites/default/files/research/online-documents/d-day/journal-entries.pdf,12004868,"U.S. Army Unit Records, Box 1264",D-Day,30,combat_interview_16th_infantry_01KPTCA8RF1Q7YJEKFY7PX43W1.json; 16th_inf_s_3_jnl_15_oct_44_01KT7Y27HKQYABXSB8E6BB01Z6.json; 116th_inf_jnl_16_17_nov_44_01KT80BJVP75E68NP20SRRR5AY.json; brest_au_combat_01KPSZR6HABC9DKGA5016Y4H5Q.json; 116th_inf_jnl_16_17_nov_44_01KTABFPB23NB4SGQ9RQWEPZ0R.json,1,"16th INFANTRY REGIMENT, 1936-1946"
"SHAEF Minutes of the Chief of Staff Meetings, March, 1944",https://www.eisenhowerlibrary.gov/sites/default/files/research/subject-guides/pdf/dday-planning-overlord.pdf,,"BARKER, RAY W.: Papers, 1943-1945 Box 1",D-Day Planning (Subject Guide),995,messages_to_agwar_for_jps_01KQ96QXWVTBJVTE0KTH9KEM4C.json; ltr_airborne_opns_to_further_overlord_6_jul_01KQ7YKC2VS82T5JY5CKHV1VD7.json; cosintrep_36_01KPT5AG09T49JVHSC22X500FY.json; eisenhower_to_12th_and_6th_a_gps_fwd_15934_26_sep_44_01KS8KB8C9SBZXEGPTWB77183B.json; memo_sub_decisions_reached_at_supreme_commanders_conf_18_oct_44_dtd_22_oct_44_01KT7YPJS0YVYNHDJN1ZH7YWFX.json,0,
"Minutes of COSSAC Staff Meetings, 1943-1944",https://www.eisenhowerlibrary.gov/sites/default/files/research/subject-guides/pdf/dday-planning-overlord.pdf,,"BARKER, RAY W.: Papers, 1943-1945 Box 1",D-Day Planning (Subject Guide),70,12th_staff_meeting_01KQ65JA21HWHG2SSXJ1DX7XW4.json; letter_to_maj_gen_w_d_morgan_cofs_21_army_group_01KQ66BRG3WR1942WH384WB3Z2.json; provisional_organization_of_cossac_staff_01KQ65FQV9Z7N9QC54HZM5MBSG.json; opn_overlord_01KQ5PS12XXTAYQZEYAHD9WQ0F.json; shaef_files_01KPT5ZZHXV2BKAA6XTN2VREX8.json,0,
"Papers Pertaining to COSSAC, 1943-1944",https://www.eisenhowerlibrary.gov/sites/default/files/research/subject-guides/pdf/dday-planning-overlord.pdf,,"BARKER, RAY W.: Papers, 1943-1945 Box 1",D-Day Planning (Subject Guide),70,12th_staff_meeting_01KQ65JA21HWHG2SSXJ1DX7XW4.json; letter_to_maj_gen_w_d_morgan_cofs_21_army_group_01KQ66BRG3WR1942WH384WB3Z2.json; provisional_organization_of_cossac_staff_01KQ65FQV9Z7N9QC54HZM5MBSG.json; opn_overlord_01KQ5PS12XXTAYQZEYAHD9WQ0F.json; shaef_files_01KPT5ZZHXV2BKAA6XTN2VREX8.json,0,
"TRIDENT Conference, May 1943: Papers and Minute of meetings",https://www.eisenhowerlibrary.gov/sites/default/files/research/subject-guides/pdf/dday-planning-overlord.pdf,,"COMBINED CHIEFS OF STAFF: Conference proceedings, 1941-1945 Box 2",D-Day Planning (Subject Guide),9,meetings_at_algiers_between_churchill_marshall_eisenhower_and_others_29_and_31_m_01KQ661Y58YA3665B36XBZ642B.json; min_of_trident_conf_01KQ66201N0XKS2GSP9PFGYR1A.json; minutes_of_trident_conference_01KPT989RHJCGB6QNARFXXPQ7K.json; 1st_white_house_mtg_trident_conf_01KPT79A1NZXPE4HV8E1PMNZWZ.json; jps_231_adequacy_of_the_trident_strategy_26_jul_43_colonel_bessell_army_member_o_01KPT99HFQZRC4Q71V809TP4QK.json,0,
"QUADRANT Conference, August 1943: Papers and Minutes of Meetings",https://www.eisenhowerlibrary.gov/sites/default/files/research/subject-guides/pdf/dday-planning-overlord.pdf,,"COMBINED CHIEFS OF STAFF: Conference proceedings, 1941-1945 Box 2",D-Day Planning (Subject Guide),15,1st_plenary_citadel_mtg_01KQ664TZ4NPCD1VXM3W97C2M1.json; report_on_quadrant_01KPW0DDCPJVE74B9SB792FMSD.json; memos_and_staff_studies_in_opd_file_abc_337_25_may_43_passim_01KQ662KC73T638WFNSK8EWXCF.json; jcs_4221_01KPT7GJ8F3WMC289PVF2V97ER.json; quadrant_01KPT98VKR2ZXB8DPVSKCSMA28.json,0,
"SEXTANT Conference, November-December 1943: Papers and Minutes",https://www.eisenhowerlibrary.gov/sites/default/files/research/subject-guides/pdf/dday-planning-overlord.pdf,,"COMBINED CHIEFS OF STAFF: Conference proceedings, 1941-1945 Box 2",D-Day Planning (Subject Guide),9,2d_plenary_meeting_at_cairo_24_november_1943_01KPT9NG5164A3CBF5C3C008TT.json; 2d_plenary_mtg_at_cairo_01KQ66SF1X14ESWKHMABDPE2B4.json; official_us_minutes_of_the_meeting_bound_with_the_minutes_of_the_cairo_sextant_c_01KQ66TWGN0BV14WYF39BJW2G3.json; official_us_minutes_of_the_meeting_01KQ75V2DPDZXA8MT7F5Y3BHND.json; official_us_minutes_of_the_meeting_bound_with_the_minutes_of_the_cairo_sextant_c_01KQ66T910WD9PEQM688F28NG4.json,0,
Operation Neptune June 1944,https://www.eisenhowerlibrary.gov/sites/default/files/research/subject-guides/pdf/dday-planning-overlord.pdf,,"DWIGHT D. EISENHOWER LIBRARY: Collection of 20th Century Military Records, 1918-1950 Box 153",D-Day Planning (Subject Guide),84,aeaf_memo_operation_neptune_employment_of_british_and_american_airborne_forces_01KPTC8QZK2WRT1GAKDP3T39M3.json; post_neptune_courses_of_action_after_capture_of_the_lodgment_area_main_objective_01KTC591RRKV0E26SXJF82RG1P.json; ps_shaef_44_21_final_01KQ5JK0W40R6E1JXPN413DZD6.json; shaef245003ops_01KPSMFGHRNK88TBM9RQYYHRJ2.json; sgs_shaef_file_381_post_overlord_plng_01KQ5JGMXRVZVMR9ATDF0W1753.json,0,
"GILMER, DAN: Secretary of the General Staff, SHAEF Reports",https://www.eisenhowerlibrary.gov/sites/default/files/research/subject-guides/pdf/dday-planning-overlord.pdf,,"DWIGHT D. EISENHOWER LIBRARY: Collection of 20th Century Military Records, 1918-1950 Box 11",D-Day Planning (Subject Guide),995,messages_to_agwar_for_jps_01KQ96QXWVTBJVTE0KTH9KEM4C.json; ltr_airborne_opns_to_further_overlord_6_jul_01KQ7YKC2VS82T5JY5CKHV1VD7.json; cosintrep_36_01KPT5AG09T49JVHSC22X500FY.json; eisenhower_to_12th_and_6th_a_gps_fwd_15934_26_sep_44_01KS8KB8C9SBZXEGPTWB77183B.json; memo_sub_decisions_reached_at_supreme_commanders_conf_18_oct_44_dtd_22_oct_44_01KT7YPJS0YVYNHDJN1ZH7YWFX.json,0,
Psychological Warfare Division (PWD) SHAEF (1)-(2),https://www.eisenhowerlibrary.gov/sites/default/files/research/subject-guides/pdf/dday-planning-overlord.pdf,,"LILLY, EDWARD P.: Papers, 1928-1992 Box 40",D-Day Planning (Subject Guide),995,messages_to_agwar_for_jps_01KQ96QXWVTBJVTE0KTH9KEM4C.json; ltr_airborne_opns_to_further_overlord_6_jul_01KQ7YKC2VS82T5JY5CKHV1VD7.json; cosintrep_36_01KPT5AG09T49JVHSC22X500FY.json; eisenhower_to_12th_and_6th_a_gps_fwd_15934_26_sep_44_01KS8KB8C9SBZXEGPTWB77183B.json; memo_sub_decisions_reached_at_supreme_commanders_conf_18_oct_44_dtd_22_oct_44_01KT7YPJS0YVYNHDJN1ZH7YWFX.json,0,
"TRIDENT Conference Minutes [Wash., D.C., 5/13-21/1943] (1)-(3)",https://www.eisenhowerlibrary.gov/sites/default/files/research/subject-guides/pdf/dday-planning-overlord.pdf,,"SMITH, WALTER BEDDELL: Collection of World War II Documents, 1941-1945 Box 2",D-Day Planning (Subject Guide),9,meetings_at_algiers_between_churchill_marshall_eisenhower_and_others_29_and_31_m_01KQ661Y58YA3665B36XBZ642B.json; min_of_trident_conf_01KQ66201N0XKS2GSP9PFGYR1A.json; minutes_of_trident_conference_01KPT989RHJCGB6QNARFXXPQ7K.json; 1st_white_house_mtg_trident_conf_01KPT79A1NZXPE4HV8E1PMNZWZ.json; jps_231_adequacy_of_the_trident_strategy_26_jul_43_colonel_bessell_army_member_o_01KPT99HFQZRC4Q71V809TP4QK.json,0,
Overlord-Anvil Papers [December 1943-April 1944] (1)-(6),https://www.eisenhowerlibrary.gov/sites/default/files/research/subject-guides/pdf/dday-planning-overlord.pdf,,"SMITH, WALTER BEDDELL: Collection of World War II Documents, 1941-1945 Box 21",D-Day Planning (Subject Guide),464,ltr_airborne_opns_to_further_overlord_6_jul_01KQ7YKC2VS82T5JY5CKHV1VD7.json; eisenhower_to_12th_and_6th_a_gps_fwd_15934_26_sep_44_01KS8KB8C9SBZXEGPTWB77183B.json; cable_marshall_to_eisenhower_01KQ67WVV4MJDV63RH8TD5HFAD.json; eisenhower_to_ccs_01KSDGRV10GZTKJ5BTM867SEBR.json; directive_to_commanders_01KS3GDGP010HG4AN4MTHASHE7.json,0,
"Neptune Initial Joint Plan [February 1, 1944] (1)(2)",https://www.eisenhowerlibrary.gov/sites/default/files/research/subject-guides/pdf/dday-planning-overlord.pdf,,"SMITH, WALTER BEDDELL: Collection of World War II Documents, 1941-1945 Box 28",D-Day Planning (Subject Guide),84,aeaf_memo_operation_neptune_employment_of_british_and_american_airborne_forces_01KPTC8QZK2WRT1GAKDP3T39M3.json; post_neptune_courses_of_action_after_capture_of_the_lodgment_area_main_objective_01KTC591RRKV0E26SXJF82RG1P.json; ps_shaef_44_21_final_01KQ5JK0W40R6E1JXPN413DZD6.json; shaef245003ops_01KPSMFGHRNK88TBM9RQYYHRJ2.json; sgs_shaef_file_381_post_overlord_plng_01KQ5JGMXRVZVMR9ATDF0W1753.json,0,
"Neptune Initial Joint Plan [February 1, 1944] (3)-(7)",https://www.eisenhowerlibrary.gov/sites/default/files/research/subject-guides/pdf/dday-planning-overlord.pdf,,"SMITH, WALTER BEDDELL: Collection of World War II Documents, 1941-1945 Box 29",D-Day Planning (Subject Guide),84,aeaf_memo_operation_neptune_employment_of_british_and_american_airborne_forces_01KPTC8QZK2WRT1GAKDP3T39M3.json; post_neptune_courses_of_action_after_capture_of_the_lodgment_area_main_objective_01KTC591RRKV0E26SXJF82RG1P.json; ps_shaef_44_21_final_01KQ5JK0W40R6E1JXPN413DZD6.json; shaef245003ops_01KPSMFGHRNK88TBM9RQYYHRJ2.json; sgs_shaef_file_381_post_overlord_plng_01KQ5JGMXRVZVMR9ATDF0W1753.json,0,
"SHAEF War Diary [February 4, 1944 - July 13, 1945] (1)-(3)",https://www.eisenhowerlibrary.gov/sites/default/files/research/subject-guides/pdf/dday-planning-overlord.pdf,,"SMITH, WALTER BEDDELL: Collection of World War II Documents, 1941-1945 Box 29",D-Day Planning (Subject Guide),995,messages_to_agwar_for_jps_01KQ96QXWVTBJVTE0KTH9KEM4C.json; ltr_airborne_opns_to_further_overlord_6_jul_01KQ7YKC2VS82T5JY5CKHV1VD7.json; cosintrep_36_01KPT5AG09T49JVHSC22X500FY.json; eisenhower_to_12th_and_6th_a_gps_fwd_15934_26_sep_44_01KS8KB8C9SBZXEGPTWB77183B.json; memo_sub_decisions_reached_at_supreme_commanders_conf_18_oct_44_dtd_22_oct_44_01KT7YPJS0YVYNHDJN1ZH7YWFX.json,0,
"History of COSSAC, 1943-1944 [May 1944]",https://www.eisenhowerlibrary.gov/sites/default/files/research/subject-guides/pdf/dday-planning-overlord.pdf,,"SMITH, WALTER BEDDELL: Collection of World War II Documents, 1941-1945 Box 33",D-Day Planning (Subject Guide),70,12th_staff_meeting_01KQ65JA21HWHG2SSXJ1DX7XW4.json; letter_to_maj_gen_w_d_morgan_cofs_21_army_group_01KQ66BRG3WR1942WH384WB3Z2.json; provisional_organization_of_cossac_staff_01KQ65FQV9Z7N9QC54HZM5MBSG.json; opn_overlord_01KQ5PS12XXTAYQZEYAHD9WQ0F.json; shaef_files_01KPT5ZZHXV2BKAA6XTN2VREX8.json,0,
"Operation Neptune, Vol I [1944]",https://www.eisenhowerlibrary.gov/sites/default/files/research/subject-guides/pdf/dday-planning-overlord.pdf,,"SMITH, WALTER BEDDELL: Collection of World War II Documents, 1941-1945 Box 33",D-Day Planning (Subject Guide),84,aeaf_memo_operation_neptune_employment_of_british_and_american_airborne_forces_01KPTC8QZK2WRT1GAKDP3T39M3.json; post_neptune_courses_of_action_after_capture_of_the_lodgment_area_main_objective_01KTC591RRKV0E26SXJF82RG1P.json; ps_shaef_44_21_final_01KQ5JK0W40R6E1JXPN413DZD6.json; shaef245003ops_01KPSMFGHRNK88TBM9RQYYHRJ2.json; sgs_shaef_file_381_post_overlord_plng_01KQ5JGMXRVZVMR9ATDF0W1753.json,0,
"Operation Neptune, Vol. II [1944]",https://www.eisenhowerlibrary.gov/sites/default/files/research/subject-guides/pdf/dday-planning-overlord.pdf,,"SMITH, WALTER BEDDELL: Collection of World War II Documents, 1941-1945 Box 33",D-Day Planning (Subject Guide),84,aeaf_memo_operation_neptune_employment_of_british_and_american_airborne_forces_01KPTC8QZK2WRT1GAKDP3T39M3.json; post_neptune_courses_of_action_after_capture_of_the_lodgment_area_main_objective_01KTC591RRKV0E26SXJF82RG1P.json; ps_shaef_44_21_final_01KQ5JK0W40R6E1JXPN413DZD6.json; shaef245003ops_01KPSMFGHRNK88TBM9RQYYHRJ2.json; sgs_shaef_file_381_post_overlord_plng_01KQ5JGMXRVZVMR9ATDF0W1753.json,0,
"Operation Neptune, Vol III [1944]",https://www.eisenhowerlibrary.gov/sites/default/files/research/subject-guides/pdf/dday-planning-overlord.pdf,,"SMITH, WALTER BEDDELL: Collection of World War II Documents, 1941-1945 Box 34",D-Day Planning (Subject Guide),84,aeaf_memo_operation_neptune_employment_of_british_and_american_airborne_forces_01KPTC8QZK2WRT1GAKDP3T39M3.json; post_neptune_courses_of_action_after_capture_of_the_lodgment_area_main_objective_01KTC591RRKV0E26SXJF82RG1P.json; ps_shaef_44_21_final_01KQ5JK0W40R6E1JXPN413DZD6.json; shaef245003ops_01KPSMFGHRNK88TBM9RQYYHRJ2.json; sgs_shaef_file_381_post_overlord_plng_01KQ5JGMXRVZVMR9ATDF0W1753.json,0,
"Memo, General Smith to Historical Section, SHAEF, on SAC’s decisions",https://www.eisenhowerlibrary.gov/sites/default/files/research/subject-guides/pdf/dday-planning-overlord.pdf,,"SMITH, WALTER BEDDELL: Collection of World War II Documents, 1941-1945 Box 36",D-Day Planning (Subject Guide),995,messages_to_agwar_for_jps_01KQ96QXWVTBJVTE0KTH9KEM4C.json; ltr_airborne_opns_to_further_overlord_6_jul_01KQ7YKC2VS82T5JY5CKHV1VD7.json; cosintrep_36_01KPT5AG09T49JVHSC22X500FY.json; eisenhower_to_12th_and_6th_a_gps_fwd_15934_26_sep_44_01KS8KB8C9SBZXEGPTWB77183B.json; memo_sub_decisions_reached_at_supreme_commanders_conf_18_oct_44_dtd_22_oct_44_01KT7YPJS0YVYNHDJN1ZH7YWFX.json,0,
"on Overlord, February 22, 19445",https://www.eisenhowerlibrary.gov/sites/default/files/research/subject-guides/pdf/dday-planning-overlord.pdf,,"SMITH, WALTER BEDDELL: Collection of World War II Documents, 1941-1945 Box 36",D-Day Planning (Subject Guide),444,ltr_airborne_opns_to_further_overlord_6_jul_01KQ7YKC2VS82T5JY5CKHV1VD7.json; eisenhower_to_12th_and_6th_a_gps_fwd_15934_26_sep_44_01KS8KB8C9SBZXEGPTWB77183B.json; cable_marshall_to_eisenhower_01KQ67WVV4MJDV63RH8TD5HFAD.json; eisenhower_to_ccs_01KSDGRV10GZTKJ5BTM867SEBR.json; directive_to_commanders_01KS3GDGP010HG4AN4MTHASHE7.json,0,
"SHAEF G-2 Weekly Intelligence Summary No. 2, 1 Apr. 1944",https://www.eisenhowerlibrary.gov/sites/default/files/research/subject-guides/pdf/dday-planning-overlord.pdf,,"SMITH, WALTER BEDDELL: Collection of World War II Documents, 1941-1945 Box 8",D-Day Planning (Subject Guide),995,messages_to_agwar_for_jps_01KQ96QXWVTBJVTE0KTH9KEM4C.json; ltr_airborne_opns_to_further_overlord_6_jul_01KQ7YKC2VS82T5JY5CKHV1VD7.json; cosintrep_36_01KPT5AG09T49JVHSC22X500FY.json; eisenhower_to_12th_and_6th_a_gps_fwd_15934_26_sep_44_01KS8KB8C9SBZXEGPTWB77183B.json; memo_sub_decisions_reached_at_supreme_commanders_conf_18_oct_44_dtd_22_oct_44_01KT7YPJS0YVYNHDJN1ZH7YWFX.json,0,
"SHAEF G-2 Weekly Intelligence Summary No. 3, 8 Apr. 1944",https://www.eisenhowerlibrary.gov/sites/default/files/research/subject-guides/pdf/dday-planning-overlord.pdf,,"SMITH, WALTER BEDDELL: Collection of World War II Documents, 1941-1945 Box 8",D-Day Planning (Subject Guide),995,messages_to_agwar_for_jps_01KQ96QXWVTBJVTE0KTH9KEM4C.json; ltr_airborne_opns_to_further_overlord_6_jul_01KQ7YKC2VS82T5JY5CKHV1VD7.json; cosintrep_36_01KPT5AG09T49JVHSC22X500FY.json; eisenhower_to_12th_and_6th_a_gps_fwd_15934_26_sep_44_01KS8KB8C9SBZXEGPTWB77183B.json; memo_sub_decisions_reached_at_supreme_commanders_conf_18_oct_44_dtd_22_oct_44_01KT7YPJS0YVYNHDJN1ZH7YWFX.json,0,
"SHAEF G-2 Weekly Intelligence Summary No. 4, 15 Apr. 1944",https://www.eisenhowerlibrary.gov/sites/default/files/research/subject-guides/pdf/dday-planning-overlord.pdf,,"SMITH, WALTER BEDDELL: Collection of World War II Documents, 1941-1945 Box 8",D-Day Planning (Subject Guide),995,messages_to_agwar_for_jps_01KQ96QXWVTBJVTE0KTH9KEM4C.json; ltr_airborne_opns_to_further_overlord_6_jul_01KQ7YKC2VS82T5JY5CKHV1VD7.json; cosintrep_36_01KPT5AG09T49JVHSC22X500FY.json; eisenhower_to_12th_and_6th_a_gps_fwd_15934_26_sep_44_01KS8KB8C9SBZXEGPTWB77183B.json; memo_sub_decisions_reached_at_supreme_commanders_conf_18_oct_44_dtd_22_oct_44_01KT7YPJS0YVYNHDJN1ZH7YWFX.json,0,
"SHAEF G-2 Weekly Intelligence Summary No. 5, 22 Apr. 1944",https://www.eisenhowerlibrary.gov/sites/default/files/research/subject-guides/pdf/dday-planning-overlord.pdf,,"SMITH, WALTER BEDDELL: Collection of World War II Documents, 1941-1945 Box 8",D-Day Planning (Subject Guide),995,messages_to_agwar_for_jps_01KQ96QXWVTBJVTE0KTH9KEM4C.json; ltr_airborne_opns_to_further_overlord_6_jul_01KQ7YKC2VS82T5JY5CKHV1VD7.json; cosintrep_36_01KPT5AG09T49JVHSC22X500FY.json; eisenhower_to_12th_and_6th_a_gps_fwd_15934_26_sep_44_01KS8KB8C9SBZXEGPTWB77183B.json; memo_sub_decisions_reached_at_supreme_commanders_conf_18_oct_44_dtd_22_oct_44_01KT7YPJS0YVYNHDJN1ZH7YWFX.json,0,
"SHAEF G-2 Weekly Intelligence Summary No. 6, 29 Apr. 1944",https://www.eisenhowerlibrary.gov/sites/default/files/research/subject-guides/pdf/dday-planning-overlord.pdf,,"SMITH, WALTER BEDDELL: Collection of World War II Documents, 1941-1945 Box 8",D-Day Planning (Subject Guide),995,messages_to_agwar_for_jps_01KQ96QXWVTBJVTE0KTH9KEM4C.json; ltr_airborne_opns_to_further_overlord_6_jul_01KQ7YKC2VS82T5JY5CKHV1VD7.json; cosintrep_36_01KPT5AG09T49JVHSC22X500FY.json; eisenhower_to_12th_and_6th_a_gps_fwd_15934_26_sep_44_01KS8KB8C9SBZXEGPTWB77183B.json; memo_sub_decisions_reached_at_supreme_commanders_conf_18_oct_44_dtd_22_oct_44_01KT7YPJS0YVYNHDJN1ZH7YWFX.json,0,
"SHAEF G-2 Weekly Intelligence Summary No. 7, 6 May 1944",https://www.eisenhowerlibrary.gov/sites/default/files/research/subject-guides/pdf/dday-planning-overlord.pdf,,"SMITH, WALTER BEDDELL: Collection of World War II Documents, 1941-1945 Box 8",D-Day Planning (Subject Guide),995,messages_to_agwar_for_jps_01KQ96QXWVTBJVTE0KTH9KEM4C.json; ltr_airborne_opns_to_further_overlord_6_jul_01KQ7YKC2VS82T5JY5CKHV1VD7.json; cosintrep_36_01KPT5AG09T49JVHSC22X500FY.json; eisenhower_to_12th_and_6th_a_gps_fwd_15934_26_sep_44_01KS8KB8C9SBZXEGPTWB77183B.json; memo_sub_decisions_reached_at_supreme_commanders_conf_18_oct_44_dtd_22_oct_44_01KT7YPJS0YVYNHDJN1ZH7YWFX.json,0,
"SHAEF G-2 Weekly Intelligence Summary No. 8, 13 May 1944",https://www.eisenhowerlibrary.gov/sites/default/files/research/subject-guides/pdf/dday-planning-overlord.pdf,,"SMITH, WALTER BEDDELL: Collection of World War II Documents, 1941-1945 Box 8",D-Day Planning (Subject Guide),995,messages_to_agwar_for_jps_01KQ96QXWVTBJVTE0KTH9KEM4C.json; ltr_airborne_opns_to_further_overlord_6_jul_01KQ7YKC2VS82T5JY5CKHV1VD7.json; cosintrep_36_01KPT5AG09T49JVHSC22X500FY.json; eisenhower_to_12th_and_6th_a_gps_fwd_15934_26_sep_44_01KS8KB8C9SBZXEGPTWB77183B.json; memo_sub_decisions_reached_at_supreme_commanders_conf_18_oct_44_dtd_22_oct_44_01KT7YPJS0YVYNHDJN1ZH7YWFX.json,0,
"SHAEF G-2 Weekly Intelligence Summary No. 9, 20 May 1944",https://www.eisenhowerlibrary.gov/sites/default/files/research/subject-guides/pdf/dday-planning-overlord.pdf,,"SMITH, WALTER BEDDELL: Collection of World War II Documents, 1941-1945 Box 8",D-Day Planning (Subject Guide),995,messages_to_agwar_for_jps_01KQ96QXWVTBJVTE0KTH9KEM4C.json; ltr_airborne_opns_to_further_overlord_6_jul_01KQ7YKC2VS82T5JY5CKHV1VD7.json; cosintrep_36_01KPT5AG09T49JVHSC22X500FY.json; eisenhower_to_12th_and_6th_a_gps_fwd_15934_26_sep_44_01KS8KB8C9SBZXEGPTWB77183B.json; memo_sub_decisions_reached_at_supreme_commanders_conf_18_oct_44_dtd_22_oct_44_01KT7YPJS0YVYNHDJN1ZH7YWFX.json,0,
"SHAEF G-2 Weekly Intelligence Summary No. 10, 27 May 1944",https://www.eisenhowerlibrary.gov/sites/default/files/research/subject-guides/pdf/dday-planning-overlord.pdf,,"SMITH, WALTER BEDDELL: Collection of World War II Documents, 1941-1945 Box 8",D-Day Planning (Subject Guide),995,messages_to_agwar_for_jps_01KQ96QXWVTBJVTE0KTH9KEM4C.json; ltr_airborne_opns_to_further_overlord_6_jul_01KQ7YKC2VS82T5JY5CKHV1VD7.json; cosintrep_36_01KPT5AG09T49JVHSC22X500FY.json; eisenhower_to_12th_and_6th_a_gps_fwd_15934_26_sep_44_01KS8KB8C9SBZXEGPTWB77183B.json; memo_sub_decisions_reached_at_supreme_commanders_conf_18_oct_44_dtd_22_oct_44_01KT7YPJS0YVYNHDJN1ZH7YWFX.json,0,
"SHAEF G-2 Weekly Intelligence Summary No. 11, 3 June 1944",https://www.eisenhowerlibrary.gov/sites/default/files/research/subject-guides/pdf/dday-planning-overlord.pdf,,"SMITH, WALTER BEDDELL: Collection of World War II Documents, 1941-1945 Box 8",D-Day Planning (Subject Guide),995,messages_to_agwar_for_jps_01KQ96QXWVTBJVTE0KTH9KEM4C.json; ltr_airborne_opns_to_further_overlord_6_jul_01KQ7YKC2VS82T5JY5CKHV1VD7.json; cosintrep_36_01KPT5AG09T49JVHSC22X500FY.json; eisenhower_to_12th_and_6th_a_gps_fwd_15934_26_sep_44_01KS8KB8C9SBZXEGPTWB77183B.json; memo_sub_decisions_reached_at_supreme_commanders_conf_18_oct_44_dtd_22_oct_44_01KT7YPJS0YVYNHDJN1ZH7YWFX.json,0,
"SHAEF G-2 Weekly Intelligence Notes Nos. 1-16 Incl., 17 Mar. 1944- 28",https://www.eisenhowerlibrary.gov/sites/default/files/research/subject-guides/pdf/dday-planning-overlord.pdf,,"SMITH, WALTER BEDDELL: Collection of World War II Documents, 1941-1945 Box 15",D-Day Planning (Subject Guide),995,messages_to_agwar_for_jps_01KQ96QXWVTBJVTE0KTH9KEM4C.json; ltr_airborne_opns_to_further_overlord_6_jul_01KQ7YKC2VS82T5JY5CKHV1VD7.json; cosintrep_36_01KPT5AG09T49JVHSC22X500FY.json; eisenhower_to_12th_and_6th_a_gps_fwd_15934_26_sep_44_01KS8KB8C9SBZXEGPTWB77183B.json; memo_sub_decisions_reached_at_supreme_commanders_conf_18_oct_44_dtd_22_oct_44_01KT7YPJS0YVYNHDJN1ZH7YWFX.json,0,
"SHAEF G-2 Reports #30-42, 44-53",https://www.eisenhowerlibrary.gov/sites/default/files/research/subject-guides/pdf/dday-planning-overlord.pdf,,"SMITH, WALTER BEDDELL: Collection of World War II Documents, 1941-1945 Box 26",D-Day Planning (Subject Guide),995,messages_to_agwar_for_jps_01KQ96QXWVTBJVTE0KTH9KEM4C.json; ltr_airborne_opns_to_further_overlord_6_jul_01KQ7YKC2VS82T5JY5CKHV1VD7.json; cosintrep_36_01KPT5AG09T49JVHSC22X500FY.json; eisenhower_to_12th_and_6th_a_gps_fwd_15934_26_sep_44_01KS8KB8C9SBZXEGPTWB77183B.json; memo_sub_decisions_reached_at_supreme_commanders_conf_18_oct_44_dtd_22_oct_44_01KT7YPJS0YVYNHDJN1ZH7YWFX.json,0,
"SHAEF G-2 Neptune Argus (Intelligence reports, appendices & photos)",https://www.eisenhowerlibrary.gov/sites/default/files/research/subject-guides/pdf/dday-planning-overlord.pdf,,"SMITH, WALTER BEDDELL: Collection of World War II Documents, 1941-1945 Box 27",D-Day Planning (Subject Guide),1018,messages_to_agwar_for_jps_01KQ96QXWVTBJVTE0KTH9KEM4C.json; ltr_airborne_opns_to_further_overlord_6_jul_01KQ7YKC2VS82T5JY5CKHV1VD7.json; cosintrep_36_01KPT5AG09T49JVHSC22X500FY.json; eisenhower_to_12th_and_6th_a_gps_fwd_15934_26_sep_44_01KS8KB8C9SBZXEGPTWB77183B.json; memo_sub_decisions_reached_at_supreme_commanders_conf_18_oct_44_dtd_22_oct_44_01KT7YPJS0YVYNHDJN1ZH7YWFX.json,0,
"G-3 SHAEF War Room Summaries - June 6, 1944 - November 1944",https://www.eisenhowerlibrary.gov/sites/default/files/research/subject-guides/pdf/dday-planning-overlord.pdf,,"SMITH, WALTER BEDDELL: Collection of World War II Documents, 1941-1945 Box 31",D-Day Planning (Subject Guide),995,messages_to_agwar_for_jps_01KQ96QXWVTBJVTE0KTH9KEM4C.json; ltr_airborne_opns_to_further_overlord_6_jul_01KQ7YKC2VS82T5JY5CKHV1VD7.json; cosintrep_36_01KPT5AG09T49JVHSC22X500FY.json; eisenhower_to_12th_and_6th_a_gps_fwd_15934_26_sep_44_01KS8KB8C9SBZXEGPTWB77183B.json; memo_sub_decisions_reached_at_supreme_commanders_conf_18_oct_44_dtd_22_oct_44_01KT7YPJS0YVYNHDJN1ZH7YWFX.json,0,
"SHAEF. Allied Naval CINC. Expeditionary Force. Report on ""Operation",https://www.eisenhowerlibrary.gov/sites/default/files/research/subject-guides/pdf/dday-planning-overlord.pdf,,"SMITH, WALTER BEDDELL: Collection of World War II Documents, 1941-1945 Box 41",D-Day Planning (Subject Guide),995,messages_to_agwar_for_jps_01KQ96QXWVTBJVTE0KTH9KEM4C.json; ltr_airborne_opns_to_further_overlord_6_jul_01KQ7YKC2VS82T5JY5CKHV1VD7.json; cosintrep_36_01KPT5AG09T49JVHSC22X500FY.json; eisenhower_to_12th_and_6th_a_gps_fwd_15934_26_sep_44_01KS8KB8C9SBZXEGPTWB77183B.json; memo_sub_decisions_reached_at_supreme_commanders_conf_18_oct_44_dtd_22_oct_44_01KT7YPJS0YVYNHDJN1ZH7YWFX.json,0,
"Neptune Initial Joint Plan. (February 1, 1944)",https://www.eisenhowerlibrary.gov/sites/default/files/research/subject-guides/pdf/dday-planning-overlord.pdf,,"SMITH, WALTER BEDDELL: Collection of World War II Documents, 1941-1945 Box 41",D-Day Planning (Subject Guide),84,aeaf_memo_operation_neptune_employment_of_british_and_american_airborne_forces_01KPTC8QZK2WRT1GAKDP3T39M3.json; post_neptune_courses_of_action_after_capture_of_the_lodgment_area_main_objective_01KTC591RRKV0E26SXJF82RG1P.json; ps_shaef_44_21_final_01KQ5JK0W40R6E1JXPN413DZD6.json; shaef245003ops_01KPSMFGHRNK88TBM9RQYYHRJ2.json; sgs_shaef_file_381_post_overlord_plng_01KQ5JGMXRVZVMR9ATDF0W1753.json,0,
"Operation Neptune - Naval Communication Orders. (April 10, 1944 &",https://www.eisenhowerlibrary.gov/sites/default/files/research/subject-guides/pdf/dday-planning-overlord.pdf,,"SMITH, WALTER BEDDELL: Collection of World War II Documents, 1941-1945 Box 42",D-Day Planning (Subject Guide),84,aeaf_memo_operation_neptune_employment_of_british_and_american_airborne_forces_01KPTC8QZK2WRT1GAKDP3T39M3.json; post_neptune_courses_of_action_after_capture_of_the_lodgment_area_main_objective_01KTC591RRKV0E26SXJF82RG1P.json; ps_shaef_44_21_final_01KQ5JK0W40R6E1JXPN413DZD6.json; shaef245003ops_01KPSMFGHRNK88TBM9RQYYHRJ2.json; sgs_shaef_file_381_post_overlord_plng_01KQ5JGMXRVZVMR9ATDF0W1753.json,0,
"Planning Staff, SHAEF [159-161]",https://www.eisenhowerlibrary.gov/sites/default/files/research/subject-guides/pdf/dday-planning-overlord.pdf,,"SMITH, WALTER BEDDELL: Collection of World War II Documents, 1941-1945 Box 1, Reel 1",D-Day Planning (Subject Guide),995,messages_to_agwar_for_jps_01KQ96QXWVTBJVTE0KTH9KEM4C.json; ltr_airborne_opns_to_further_overlord_6_jul_01KQ7YKC2VS82T5JY5CKHV1VD7.json; cosintrep_36_01KPT5AG09T49JVHSC22X500FY.json; eisenhower_to_12th_and_6th_a_gps_fwd_15934_26_sep_44_01KS8KB8C9SBZXEGPTWB77183B.json; memo_sub_decisions_reached_at_supreme_commanders_conf_18_oct_44_dtd_22_oct_44_01KT7YPJS0YVYNHDJN1ZH7YWFX.json,0,
"U. S. ARMY, 1st INFANTRY DIVISION: After action reports, 1940-48 (Microfilm)",https://www.eisenhowerlibrary.gov/sites/default/files/research/subject-guides/pdf/dday-planning-overlord.pdf,,"SMITH, WALTER BEDDELL: Collection of World War II Documents, 1941-1945 Box 6, Reel 52",D-Day Planning (Subject Guide),824,90th_division_after_action_report_for_november_01KRSXTF403ECJ9XDJM9P82NKM.json; after_action_reports_and_unit_journals_of_the_xx_corps_7th_armored_division_5th__01KRSK04YH0XEZNT5E6HNBXR56.json; 135th_engr_c_bn_aar_01KS85DBPHQ2K4E0MDRSGP01DN.json; 377th_inf_aar_01KS45FYHZ6W19T298B72956NE.json; task_force_a_after_action_report_and_journal_august_01KPSSQDDNAZAJ976792ZYTAWD.json,0,
Operation Plan NEPTUNE Mar-May 1944 [1029-1067],https://www.eisenhowerlibrary.gov/sites/default/files/research/subject-guides/pdf/dday-planning-overlord.pdf,,"SMITH, WALTER BEDDELL: Collection of World War II Documents, 1941-1945 Box 1, Reel 4",D-Day Planning (Subject Guide),84,aeaf_memo_operation_neptune_employment_of_british_and_american_airborne_forces_01KPTC8QZK2WRT1GAKDP3T39M3.json; post_neptune_courses_of_action_after_capture_of_the_lodgment_area_main_objective_01KTC591RRKV0E26SXJF82RG1P.json; ps_shaef_44_21_final_01KQ5JK0W40R6E1JXPN413DZD6.json; shaef245003ops_01KPSMFGHRNK88TBM9RQYYHRJ2.json; sgs_shaef_file_381_post_overlord_plng_01KQ5JGMXRVZVMR9ATDF0W1753.json,0,
"U. S. ARMY, 4th INFANTRY DIVISION: After action reports, 1940-46 (Microfilm)",https://www.eisenhowerlibrary.gov/sites/default/files/research/subject-guides/pdf/dday-planning-overlord.pdf,,"SMITH, WALTER BEDDELL: Collection of World War II Documents, 1941-1945 Box 1, Reel 4",D-Day Planning (Subject Guide),824,90th_division_after_action_report_for_november_01KRSXTF403ECJ9XDJM9P82NKM.json; after_action_reports_and_unit_journals_of_the_xx_corps_7th_armored_division_5th__01KRSK04YH0XEZNT5E6HNBXR56.json; 135th_engr_c_bn_aar_01KS85DBPHQ2K4E0MDRSGP01DN.json; 377th_inf_aar_01KS45FYHZ6W19T298B72956NE.json; task_force_a_after_action_report_and_journal_august_01KPSSQDDNAZAJ976792ZYTAWD.json,0,
"5th E.S.B. S-3 Overlord Plans, 1944",https://www.eisenhowerlibrary.gov/sites/default/files/research/subject-guides/pdf/dday-planning-overlord.pdf,,"SMITH, WALTER BEDDELL: Collection of World War II Documents, 1941-1945 Box 554",D-Day Planning (Subject Guide),444,ltr_airborne_opns_to_further_overlord_6_jul_01KQ7YKC2VS82T5JY5CKHV1VD7.json; eisenhower_to_12th_and_6th_a_gps_fwd_15934_26_sep_44_01KS8KB8C9SBZXEGPTWB77183B.json; cable_marshall_to_eisenhower_01KQ67WVV4MJDV63RH8TD5HFAD.json; eisenhower_to_ccs_01KSDGRV10GZTKJ5BTM867SEBR.json; directive_to_commanders_01KS3GDGP010HG4AN4MTHASHE7.json,0,
5th E.S.B. S-4 Supply Plans for Overlord; April 1944,https://www.eisenhowerlibrary.gov/sites/default/files/research/subject-guides/pdf/dday-planning-overlord.pdf,,"SMITH, WALTER BEDDELL: Collection of World War II Documents, 1941-1945 Box 554",D-Day Planning (Subject Guide),444,ltr_airborne_opns_to_further_overlord_6_jul_01KQ7YKC2VS82T5JY5CKHV1VD7.json; eisenhower_to_12th_and_6th_a_gps_fwd_15934_26_sep_44_01KS8KB8C9SBZXEGPTWB77183B.json; cable_marshall_to_eisenhower_01KQ67WVV4MJDV63RH8TD5HFAD.json; eisenhower_to_ccs_01KSDGRV10GZTKJ5BTM867SEBR.json; directive_to_commanders_01KS3GDGP010HG4AN4MTHASHE7.json,0,
"1944: Allied Chiefs of Staff, England, Eisenhower, Bernard Montgomery, and Arthur Tedder, and",https://www.eisenhowerlibrary.gov/sites/default/files/research/subject-guides/pdf/dday-planning-overlord.pdf,,"WYDEN, BARBARA: Papers, 1944-1945 Box 1",D-Day Planning (Subject Guide),276,letter_to_montgomery_15_september_1944_01KS0ZV0NQ2FHEQD91RPXP83VS.json; intentions_second_british_army_and_first_canadian_army_19_20_21_and_23_aug_01KPSY97B5VKNJH2NEGVKBPSG4.json; unnumbered_telg_01KQ6T1G6023K5JH2RE9ME2DF0.json; 21_agp_dirs_m_510_and_m_515_01KPSR7SV6P8CJAJMST5MACTWR.json; pogue_intervs_memo_eisenhower_for_pogue_10_mar_47_21_agp_cinc_notes_15_jun_44_21_01KQ6RN98T3QKF79WY3F0NWNW0.json,0,
"June 5, 1944: Eisenhower with the 101st Airborne Division, prior to embarkation for Normandy",https://www.eisenhowerlibrary.gov/sites/default/files/research/subject-guides/pdf/dday-planning-overlord.pdf,,"WYDEN, BARBARA: Papers, 1944-1945 Box 1",D-Day Planning (Subject Guide),0,,1,"101st AIRBORNE DIVISION, 1942-1949"
"Omar Bradley, Thomas Ramsey, Trafford Leigh-Mallory, Walter Beddell Smith, Carl Spaatz), 1944",https://www.eisenhowerlibrary.gov/sites/default/files/research/subject-guides/pdf/dday-planning-overlord.pdf,,"WYDEN, BARBARA: Papers, 1944-1945 Box 1",D-Day Planning (Subject Guide),350,to_patton_01KRJ34DV7HGNM0J7AXP1W1XGZ.json; smith_to_bradley_01KS3J4ECWTG9RJN51KP4KJRY8.json; ltr_bradley_to_eisenhower_10_sep_pogue_files_01KPSWCX9XBT5SGAWJND6K4FK0.json; bradley_to_patton_23_sep_44_01KS0ZXMHAGDN4EFSN9E6C37TM.json; 21_agp_dirs_m_510_and_m_515_01KPSR7SV6P8CJAJMST5MACTWR.json,0,
"Montgomery, June 7, 1944.",https://www.eisenhowerlibrary.gov/sites/default/files/research/subject-guides/pdf/dday-planning-overlord.pdf,,"WYDEN, BARBARA: Papers, 1944-1945 Box 1",D-Day Planning (Subject Guide),276,letter_to_montgomery_15_september_1944_01KS0ZV0NQ2FHEQD91RPXP83VS.json; intentions_second_british_army_and_first_canadian_army_19_20_21_and_23_aug_01KPSY97B5VKNJH2NEGVKBPSG4.json; unnumbered_telg_01KQ6T1G6023K5JH2RE9ME2DF0.json; 21_agp_dirs_m_510_and_m_515_01KPSR7SV6P8CJAJMST5MACTWR.json; pogue_intervs_memo_eisenhower_for_pogue_10_mar_47_21_agp_cinc_notes_15_jun_44_21_01KQ6RN98T3QKF79WY3F0NWNW0.json,0,
with conversation at Southwick House (SHAEF Forward Headquarters) in the War Room. They,https://www.eisenhowerlibrary.gov/sites/default/files/research/subject-guides/pdf/dday-planning-overlord.pdf,,"WYDEN, BARBARA: Papers, 1944-1945 Box 1",D-Day Planning (Subject Guide),995,messages_to_agwar_for_jps_01KQ96QXWVTBJVTE0KTH9KEM4C.json; ltr_airborne_opns_to_further_overlord_6_jul_01KQ7YKC2VS82T5JY5CKHV1VD7.json; cosintrep_36_01KPT5AG09T49JVHSC22X500FY.json; eisenhower_to_12th_and_6th_a_gps_fwd_15934_26_sep_44_01KS8KB8C9SBZXEGPTWB77183B.json; memo_sub_decisions_reached_at_supreme_commanders_conf_18_oct_44_dtd_22_oct_44_01KT7YPJS0YVYNHDJN1ZH7YWFX.json,0,
"in Europe; England, Bernard Montgomery, Arthur Tedder, Winston Churchill; D-Day, Normandy",https://www.eisenhowerlibrary.gov/sites/default/files/research/subject-guides/pdf/dday-planning-overlord.pdf,,"WYDEN, BARBARA: Papers, 1944-1945 Box 1",D-Day Planning (Subject Guide),276,letter_to_montgomery_15_september_1944_01KS0ZV0NQ2FHEQD91RPXP83VS.json; intentions_second_british_army_and_first_canadian_army_19_20_21_and_23_aug_01KPSY97B5VKNJH2NEGVKBPSG4.json; unnumbered_telg_01KQ6T1G6023K5JH2RE9ME2DF0.json; 21_agp_dirs_m_510_and_m_515_01KPSR7SV6P8CJAJMST5MACTWR.json; pogue_intervs_memo_eisenhower_for_pogue_10_mar_47_21_agp_cinc_notes_15_jun_44_21_01KQ6RN98T3QKF79WY3F0NWNW0.json,0,
"time for the invasion drew near. After a postponement of one day because of very bad weather, the",https://www.eisenhowerlibrary.gov/sites/default/files/research/subject-guides/pdf/dday-planning-overlord.pdf,,"WYDEN, BARBARA: Papers, 1944-1945 Box 1",D-Day Planning (Subject Guide),40,weather_and_climate_as_related_to_military_operations_in_france_01KS0EAVQJS7BZ9245M8Z56X4G.json; hyperwar_foundation_transcription_01KPVCKHYGAX96306DCRBE65S8.json; weather_conditions_in_the_european_theater_of_operations_on_d_day_and_in_novembe_01KRSVH382QWD2QZVJB7C5GBAN.json; weather_and_climate_as_related_to_military_operations_in_france_01KSDFXWWNKDX4R9CZNSNJ0J1Z.json; the_army_air_forces_01KQ66384DK4YA73PNCQKXGZ8Z.json,0,
"Edwards, Kenneth. Operation Neptune. London: Collins, 1946.",https://www.eisenhowerlibrary.gov/sites/default/files/research/subject-guides/pdf/dday-planning-overlord.pdf,,"WYDEN, BARBARA: Papers, 1944-1945 Box 1",D-Day Planning (Subject Guide),84,aeaf_memo_operation_neptune_employment_of_british_and_american_airborne_forces_01KPTC8QZK2WRT1GAKDP3T39M3.json; post_neptune_courses_of_action_after_capture_of_the_lodgment_area_main_objective_01KTC591RRKV0E26SXJF82RG1P.json; ps_shaef_44_21_final_01KQ5JK0W40R6E1JXPN413DZD6.json; shaef245003ops_01KPSMFGHRNK88TBM9RQYYHRJ2.json; sgs_shaef_file_381_post_overlord_plng_01KQ5JGMXRVZVMR9ATDF0W1753.json,0,
"Hastings, Max. Overlord: D-Day and the Battle for Normandy. New York: Simon & Schuster,",https://www.eisenhowerlibrary.gov/sites/default/files/research/subject-guides/pdf/dday-planning-overlord.pdf,,"WYDEN, BARBARA: Papers, 1944-1945 Box 1",D-Day Planning (Subject Guide),444,ltr_airborne_opns_to_further_overlord_6_jul_01KQ7YKC2VS82T5JY5CKHV1VD7.json; eisenhower_to_12th_and_6th_a_gps_fwd_15934_26_sep_44_01KS8KB8C9SBZXEGPTWB77183B.json; cable_marshall_to_eisenhower_01KQ67WVV4MJDV63RH8TD5HFAD.json; eisenhower_to_ccs_01KSDGRV10GZTKJ5BTM867SEBR.json; directive_to_commanders_01KS3GDGP010HG4AN4MTHASHE7.json,0,
"Jackson, William Godfrey Fothergill, Sir. Overlord, Normandy 1944. Newark: University of",https://www.eisenhowerlibrary.gov/sites/default/files/research/subject-guides/pdf/dday-planning-overlord.pdf,,"WYDEN, BARBARA: Papers, 1944-1945 Box 1",D-Day Planning (Subject Guide),444,ltr_airborne_opns_to_further_overlord_6_jul_01KQ7YKC2VS82T5JY5CKHV1VD7.json; eisenhower_to_12th_and_6th_a_gps_fwd_15934_26_sep_44_01KS8KB8C9SBZXEGPTWB77183B.json; cable_marshall_to_eisenhower_01KQ67WVV4MJDV63RH8TD5HFAD.json; eisenhower_to_ccs_01KSDGRV10GZTKJ5BTM867SEBR.json; directive_to_commanders_01KS3GDGP010HG4AN4MTHASHE7.json,0,
"Operation Report Neptune: Omaha Beach, 26 Feburary-26 June, 1944. Provisional Engineer Special",https://www.eisenhowerlibrary.gov/sites/default/files/research/subject-guides/pdf/dday-planning-overlord.pdf,,"WYDEN, BARBARA: Papers, 1944-1945 Box 1",D-Day Planning (Subject Guide),84,aeaf_memo_operation_neptune_employment_of_british_and_american_airborne_forces_01KPTC8QZK2WRT1GAKDP3T39M3.json; post_neptune_courses_of_action_after_capture_of_the_lodgment_area_main_objective_01KTC591RRKV0E26SXJF82RG1P.json; ps_shaef_44_21_final_01KQ5JK0W40R6E1JXPN413DZD6.json; shaef245003ops_01KPSMFGHRNK88TBM9RQYYHRJ2.json; sgs_shaef_file_381_post_overlord_plng_01KQ5JGMXRVZVMR9ATDF0W1753.json,0,
For BAYTOWN and AVALANCHE assaults against Italian mainland,https://www.eisenhowerlibrary.gov/sites/default/files/research/subject-guides/pdf/italian-front.pdf,,Papers of Edward Lilly Boxes 38-39- PWB/AFHQ- several folders including psychological warfare plan,Italian Front (Subject Guide),9,cos_44_5th_mtg_o_7_jan_44_01KPTACG03MF8E50PDEB4W5XC5.json; jcs_meeting_15_november_1943_01KPT9J4983VWZ45DAK60Q242Y.json; jcs_meeting_minutes_01KPW0T6S6XXA35AE39ZDBM77Q.json; cbl_eisenhower_to_marshall_9_mar_44_01KPW2993C059TFCT5S21MFTBH.json; ccs_408_command_of_british_and_us_forces_operating_against_germany_01KPT9J0CDN1ZMQ2FY0729Z4F8.json,0,
"Historical Narrative and Journal Sept 14, 1943- April 30, 1945 – Italian",https://www.eisenhowerlibrary.gov/sites/default/files/research/subject-guides/pdf/italian-front.pdf,,Papers of Charles Ryder Box 4- folders on 34th Infantry Division including Hq. 34th Inf. Div. G-3,Italian Front (Subject Guide),9,cos_44_5th_mtg_o_7_jan_44_01KPTACG03MF8E50PDEB4W5XC5.json; jcs_meeting_15_november_1943_01KPT9J4983VWZ45DAK60Q242Y.json; jcs_meeting_minutes_01KPW0T6S6XXA35AE39ZDBM77Q.json; cbl_eisenhower_to_marshall_9_mar_44_01KPW2993C059TFCT5S21MFTBH.json; ccs_408_command_of_british_and_us_forces_operating_against_germany_01KPT9J0CDN1ZMQ2FY0729Z4F8.json,0,
1st Armored Division- Boxes 18-29,https://www.eisenhowerlibrary.gov/sites/default/files/research/subject-guides/pdf/italian-front.pdf,,Papers of Charles Ryder Box 9- Unit Histories and Campaign Reports- From the Volturno to the,Italian Front (Subject Guide),0,,1,"1st ARMORED DIVISION, 1940-1946"
"29th Infantry Division, Box 860- Notes of General Gerhardt on Visit to Italy",https://www.eisenhowerlibrary.gov/sites/default/files/research/subject-guides/pdf/italian-front.pdf,,Papers of Charles Ryder Box 9- Unit Histories and Campaign Reports- From the Volturno to the,Italian Front (Subject Guide),4,ccs_234_defeat_of_the_axis_powers_in_europe_elimination_of_italy_first_01KPT7948071FXT0T9B16W95XZ.json; karteiblatt_heeresgruppe_b_01KPTA3KJZPY0ACD76P1J0J534.json; sicily_and_the_surrender_of_italy_01KPT987XCX34P08HGH2TWNGYB.json; ccs_234_01KPT79654CMDASZTNAE4BYXCW.json,0,
"36th Infantry Division, Box 898, 899, 900, 902",https://www.eisenhowerlibrary.gov/sites/default/files/research/subject-guides/pdf/italian-front.pdf,,Papers of Charles Ryder Box 9- Unit Histories and Campaign Reports- From the Volturno to the,Italian Front (Subject Guide),0,,1,"36th INFANTRY DIVISION, 1941-1945."
"45th Infantry Division, Box 1020, including report on crossing of River Volturno,",https://www.eisenhowerlibrary.gov/sites/default/files/research/subject-guides/pdf/italian-front.pdf,,Papers of Charles Ryder Box 9- Unit Histories and Campaign Reports- From the Volturno to the,Italian Front (Subject Guide),0,,1,"45th INFANTRY DIVISION, 1940-1945, 1951"
Wade through a lot of messages but information on Italian Campaign,https://www.eisenhowerlibrary.gov/sites/default/files/research/subject-guides/pdf/italian-front.pdf,,"Smith, Walter Bedell, Collection of World War II Documents Boxes 6-12- Cable Logs 1943- incoming and outgoing (will have to",Italian Front (Subject Guide),9,cos_44_5th_mtg_o_7_jan_44_01KPTACG03MF8E50PDEB4W5XC5.json; jcs_meeting_15_november_1943_01KPT9J4983VWZ45DAK60Q242Y.json; jcs_meeting_minutes_01KPW0T6S6XXA35AE39ZDBM77Q.json; cbl_eisenhower_to_marshall_9_mar_44_01KPW2993C059TFCT5S21MFTBH.json; ccs_408_command_of_british_and_us_forces_operating_against_germany_01KPT9J0CDN1ZMQ2FY0729Z4F8.json,0,
services in North Africa],https://www.eisenhowerlibrary.gov/sites/default/files/research/subject-guides/pdf/north-african-campaign.pdf,,"CHASE, MARGARET: Papers, 1942-60 Box 2",North African Campaign (Subject Guide),9,cos_44_5th_mtg_o_7_jan_44_01KPTACG03MF8E50PDEB4W5XC5.json; a_history_of_the_second_united_states_armored_division_01KTC6TXE50NV5RV9J4CCJD22P.json; ch_i_01KQ663BC560ZY6C8AQKGCD1JE.json; a_history_of_the_second_united_states_armored_division_01KTACETX1WEW4BZEBHEHX565D.json; general_krueger_report_01KRSWWNXWFXBX6BK5CRG08Q16.json,0,
support services in North Africa],https://www.eisenhowerlibrary.gov/sites/default/files/research/subject-guides/pdf/north-african-campaign.pdf,,"CHASE, MARGARET: Papers, 1942-60 Box 4",North African Campaign (Subject Guide),9,cos_44_5th_mtg_o_7_jan_44_01KPTACG03MF8E50PDEB4W5XC5.json; a_history_of_the_second_united_states_armored_division_01KTC6TXE50NV5RV9J4CCJD22P.json; ch_i_01KQ663BC560ZY6C8AQKGCD1JE.json; a_history_of_the_second_united_states_armored_division_01KTACETX1WEW4BZEBHEHX565D.json; general_krueger_report_01KRSWWNXWFXBX6BK5CRG08Q16.json,0,
Researcher should check microfilm for information on North Africa.,https://www.eisenhowerlibrary.gov/sites/default/files/research/subject-guides/pdf/north-african-campaign.pdf,,"CHASE, MARGARET: Papers, 1942-60 Box 4",North African Campaign (Subject Guide),9,cos_44_5th_mtg_o_7_jan_44_01KPTACG03MF8E50PDEB4W5XC5.json; a_history_of_the_second_united_states_armored_division_01KTC6TXE50NV5RV9J4CCJD22P.json; ch_i_01KQ663BC560ZY6C8AQKGCD1JE.json; a_history_of_the_second_united_states_armored_division_01KTACETX1WEW4BZEBHEHX565D.json; general_krueger_report_01KRSWWNXWFXBX6BK5CRG08Q16.json,0,
"CASABLANCA Conference, January 1943: Papers and Minutes of",https://www.eisenhowerlibrary.gov/sites/default/files/research/subject-guides/pdf/north-african-campaign.pdf,,"COMBINED CHIEFS OF STAFF: Conference Proceedings, 1941-45 Box 1",North African Campaign (Subject Guide),16,ccs_56th_mtg_14_jan_43_01KPT6SHVNEYQB346DARHTT0PH.json; ccs_55th_meeting_minutes_14_january_1943_01KPT6RW6F0EDS7SPFQSF9FD8B.json; cos_43_105_0_final_01KPT6YR2B9DEYN5BZ2377GZD5.json; annex_to_3d_br_cos_casablanca_mtg_01KQ659CXKBD31KQX1GCG37VC8.json; note_by_minister_of_defence_01KPT6RY1DEAM56SV56GDMWDPJ.json,0,
"CASABLANCA Conference, January 1943: Joint Chiefs of Staff, Minutes",https://www.eisenhowerlibrary.gov/sites/default/files/research/subject-guides/pdf/north-african-campaign.pdf,,"COMBINED CHIEFS OF STAFF: Conference Proceedings, 1941-45 Box 1",North African Campaign (Subject Guide),16,ccs_56th_mtg_14_jan_43_01KPT6SHVNEYQB346DARHTT0PH.json; ccs_55th_meeting_minutes_14_january_1943_01KPT6RW6F0EDS7SPFQSF9FD8B.json; cos_43_105_0_final_01KPT6YR2B9DEYN5BZ2377GZD5.json; annex_to_3d_br_cos_casablanca_mtg_01KQ659CXKBD31KQX1GCG37VC8.json; note_by_minister_of_defence_01KPT6RY1DEAM56SV56GDMWDPJ.json,0,
North Africa],https://www.eisenhowerlibrary.gov/sites/default/files/research/subject-guides/pdf/north-african-campaign.pdf,,"COMBINED CHIEFS OF STAFF: Conference Proceedings, 1941-45 Box 1",North African Campaign (Subject Guide),9,cos_44_5th_mtg_o_7_jan_44_01KPTACG03MF8E50PDEB4W5XC5.json; a_history_of_the_second_united_states_armored_division_01KTC6TXE50NV5RV9J4CCJD22P.json; ch_i_01KQ663BC560ZY6C8AQKGCD1JE.json; a_history_of_the_second_united_states_armored_division_01KTACETX1WEW4BZEBHEHX565D.json; general_krueger_report_01KRSWWNXWFXBX6BK5CRG08Q16.json,0,
"Official Correspondence, 1943-1946 [North Africa]",https://www.eisenhowerlibrary.gov/sites/default/files/research/subject-guides/pdf/north-african-campaign.pdf,,"COMBINED CHIEFS OF STAFF: Conference Proceedings, 1941-45 Box 2",North African Campaign (Subject Guide),9,cos_44_5th_mtg_o_7_jan_44_01KPTACG03MF8E50PDEB4W5XC5.json; a_history_of_the_second_united_states_armored_division_01KTC6TXE50NV5RV9J4CCJD22P.json; ch_i_01KQ663BC560ZY6C8AQKGCD1JE.json; a_history_of_the_second_united_states_armored_division_01KTACETX1WEW4BZEBHEHX565D.json; general_krueger_report_01KRSWWNXWFXBX6BK5CRG08Q16.json,0,
and North Africa,https://www.eisenhowerlibrary.gov/sites/default/files/research/subject-guides/pdf/north-african-campaign.pdf,,"DAVIS, THOMAS JEFFERSON: Papers, 1916-64 Box 2",North African Campaign (Subject Guide),9,cos_44_5th_mtg_o_7_jan_44_01KPTACG03MF8E50PDEB4W5XC5.json; a_history_of_the_second_united_states_armored_division_01KTC6TXE50NV5RV9J4CCJD22P.json; ch_i_01KQ663BC560ZY6C8AQKGCD1JE.json; a_history_of_the_second_united_states_armored_division_01KTACETX1WEW4BZEBHEHX565D.json; general_krueger_report_01KRSWWNXWFXBX6BK5CRG08Q16.json,0,
"& Africa, Dec. 1942 – Jan 1943]",https://www.eisenhowerlibrary.gov/sites/default/files/research/subject-guides/pdf/north-african-campaign.pdf,,"DEVERS, JACOB: Papers, 1939-49 Box 1",North African Campaign (Subject Guide),9,cos_44_5th_mtg_o_7_jan_44_01KPTACG03MF8E50PDEB4W5XC5.json; a_history_of_the_second_united_states_armored_division_01KTC6TXE50NV5RV9J4CCJD22P.json; ch_i_01KQ663BC560ZY6C8AQKGCD1JE.json; a_history_of_the_second_united_states_armored_division_01KTACETX1WEW4BZEBHEHX565D.json; general_krueger_report_01KRSWWNXWFXBX6BK5CRG08Q16.json,0,
"Lt. Gen. Devers from Brig. Gen. Sibert, AC of S G-2, ETOUSA [202347] [reference material regarding N",https://www.eisenhowerlibrary.gov/sites/default/files/research/subject-guides/pdf/north-african-campaign.pdf,,"DEVERS, JACOB: Papers, 1939-49 Box 2",North African Campaign (Subject Guide),9,cos_44_5th_mtg_o_7_jan_44_01KPTACG03MF8E50PDEB4W5XC5.json; a_history_of_the_second_united_states_armored_division_01KTC6TXE50NV5RV9J4CCJD22P.json; ch_i_01KQ663BC560ZY6C8AQKGCD1JE.json; a_history_of_the_second_united_states_armored_division_01KTACETX1WEW4BZEBHEHX565D.json; general_krueger_report_01KRSWWNXWFXBX6BK5CRG08Q16.json,0,
reports from North African Theater of Operations],https://www.eisenhowerlibrary.gov/sites/default/files/research/subject-guides/pdf/north-african-campaign.pdf,,"DEVERS, JACOB: Papers, 1939-49 Box 2",North African Campaign (Subject Guide),9,cos_44_5th_mtg_o_7_jan_44_01KPTACG03MF8E50PDEB4W5XC5.json; a_history_of_the_second_united_states_armored_division_01KTC6TXE50NV5RV9J4CCJD22P.json; ch_i_01KQ663BC560ZY6C8AQKGCD1JE.json; a_history_of_the_second_united_states_armored_division_01KTACETX1WEW4BZEBHEHX565D.json; general_krueger_report_01KRSWWNXWFXBX6BK5CRG08Q16.json,0,
"11 Nov.-22 Nov., 1959 – Survey Flight to North Africa, Middle East",https://www.eisenhowerlibrary.gov/sites/default/files/research/subject-guides/pdf/north-african-campaign.pdf,,"DEVERS, JACOB: Papers, 1939-49 Box 17",North African Campaign (Subject Guide),9,cos_44_5th_mtg_o_7_jan_44_01KPTACG03MF8E50PDEB4W5XC5.json; a_history_of_the_second_united_states_armored_division_01KTC6TXE50NV5RV9J4CCJD22P.json; ch_i_01KQ663BC560ZY6C8AQKGCD1JE.json; a_history_of_the_second_united_states_armored_division_01KTACETX1WEW4BZEBHEHX565D.json; general_krueger_report_01KRSWWNXWFXBX6BK5CRG08Q16.json,0,
"[DDE’s trip to Europe, Middle East and Africa (Monsoon) (1)(2)",https://www.eisenhowerlibrary.gov/sites/default/files/research/subject-guides/pdf/north-african-campaign.pdf,,"DEVERS, JACOB: Papers, 1939-49 Box 18",North African Campaign (Subject Guide),9,cos_44_5th_mtg_o_7_jan_44_01KPTACG03MF8E50PDEB4W5XC5.json; a_history_of_the_second_united_states_armored_division_01KTC6TXE50NV5RV9J4CCJD22P.json; ch_i_01KQ663BC560ZY6C8AQKGCD1JE.json; a_history_of_the_second_united_states_armored_division_01KTACETX1WEW4BZEBHEHX565D.json; general_krueger_report_01KRSWWNXWFXBX6BK5CRG08Q16.json,0,
"3 Dec.-22 Dec. 1959 – DDE’s trip to Europe, Middle East & Africa",https://www.eisenhowerlibrary.gov/sites/default/files/research/subject-guides/pdf/north-african-campaign.pdf,,"DEVERS, JACOB: Papers, 1939-49 Box 18",North African Campaign (Subject Guide),9,cos_44_5th_mtg_o_7_jan_44_01KPTACG03MF8E50PDEB4W5XC5.json; a_history_of_the_second_united_states_armored_division_01KTC6TXE50NV5RV9J4CCJD22P.json; ch_i_01KQ663BC560ZY6C8AQKGCD1JE.json; a_history_of_the_second_united_states_armored_division_01KTACETX1WEW4BZEBHEHX565D.json; general_krueger_report_01KRSWWNXWFXBX6BK5CRG08Q16.json,0,
Study 105 Air Phase of the North African Invasion,https://www.eisenhowerlibrary.gov/sites/default/files/research/subject-guides/pdf/north-african-campaign.pdf,,"DWIGHT D. EISENHOWER LIBRARY: Collection of 20th century military records, Box 32",North African Campaign (Subject Guide),9,cos_44_5th_mtg_o_7_jan_44_01KPTACG03MF8E50PDEB4W5XC5.json; a_history_of_the_second_united_states_armored_division_01KTC6TXE50NV5RV9J4CCJD22P.json; ch_i_01KQ663BC560ZY6C8AQKGCD1JE.json; a_history_of_the_second_united_states_armored_division_01KTACETX1WEW4BZEBHEHX565D.json; general_krueger_report_01KRSWWNXWFXBX6BK5CRG08Q16.json,0,
Study 114 The 12th Air Force in North African Winter Campaign,https://www.eisenhowerlibrary.gov/sites/default/files/research/subject-guides/pdf/north-african-campaign.pdf,,"DWIGHT D. EISENHOWER LIBRARY: Collection of 20th century military records, Box 32",North African Campaign (Subject Guide),9,cos_44_5th_mtg_o_7_jan_44_01KPTACG03MF8E50PDEB4W5XC5.json; a_history_of_the_second_united_states_armored_division_01KTC6TXE50NV5RV9J4CCJD22P.json; ch_i_01KQ663BC560ZY6C8AQKGCD1JE.json; a_history_of_the_second_united_states_armored_division_01KTACETX1WEW4BZEBHEHX565D.json; general_krueger_report_01KRSWWNXWFXBX6BK5CRG08Q16.json,0,
of Northwest Africa.,https://www.eisenhowerlibrary.gov/sites/default/files/research/subject-guides/pdf/north-african-campaign.pdf,,"DWIGHT D. EISENHOWER LIBRARY: Collection of 20th century military records, Box 29",North African Campaign (Subject Guide),9,cos_44_5th_mtg_o_7_jan_44_01KPTACG03MF8E50PDEB4W5XC5.json; a_history_of_the_second_united_states_armored_division_01KTC6TXE50NV5RV9J4CCJD22P.json; ch_i_01KQ663BC560ZY6C8AQKGCD1JE.json; a_history_of_the_second_united_states_armored_division_01KTACETX1WEW4BZEBHEHX565D.json; general_krueger_report_01KRSWWNXWFXBX6BK5CRG08Q16.json,0,
"[Comparison of information - British, French, U.S. maps of North Africa]",https://www.eisenhowerlibrary.gov/sites/default/files/research/subject-guides/pdf/north-african-campaign.pdf,,"DWIGHT D. EISENHOWER LIBRARY: Collection of 20th century military records, Box 30",North African Campaign (Subject Guide),9,cos_44_5th_mtg_o_7_jan_44_01KPTACG03MF8E50PDEB4W5XC5.json; a_history_of_the_second_united_states_armored_division_01KTC6TXE50NV5RV9J4CCJD22P.json; ch_i_01KQ663BC560ZY6C8AQKGCD1JE.json; a_history_of_the_second_united_states_armored_division_01KTACETX1WEW4BZEBHEHX565D.json; general_krueger_report_01KRSWWNXWFXBX6BK5CRG08Q16.json,0,
General J.I.C.A North African,https://www.eisenhowerlibrary.gov/sites/default/files/research/subject-guides/pdf/north-african-campaign.pdf,,"DWIGHT D. EISENHOWER LIBRARY: Collection of 20th century military records, Box 30",North African Campaign (Subject Guide),9,cos_44_5th_mtg_o_7_jan_44_01KPTACG03MF8E50PDEB4W5XC5.json; a_history_of_the_second_united_states_armored_division_01KTC6TXE50NV5RV9J4CCJD22P.json; ch_i_01KQ663BC560ZY6C8AQKGCD1JE.json; a_history_of_the_second_united_states_armored_division_01KTACETX1WEW4BZEBHEHX565D.json; general_krueger_report_01KRSWWNXWFXBX6BK5CRG08Q16.json,0,
"North Africa, 1943]",https://www.eisenhowerlibrary.gov/sites/default/files/research/subject-guides/pdf/north-african-campaign.pdf,,DWIGHT D. EISENHOWER LIBRARY: Small Manuscript Collections Box 2,North African Campaign (Subject Guide),9,cos_44_5th_mtg_o_7_jan_44_01KPTACG03MF8E50PDEB4W5XC5.json; a_history_of_the_second_united_states_armored_division_01KTC6TXE50NV5RV9J4CCJD22P.json; ch_i_01KQ663BC560ZY6C8AQKGCD1JE.json; a_history_of_the_second_united_states_armored_division_01KTACETX1WEW4BZEBHEHX565D.json; general_krueger_report_01KRSWWNXWFXBX6BK5CRG08Q16.json,0,
comments on the North African and Sicilian campaigns],https://www.eisenhowerlibrary.gov/sites/default/files/research/subject-guides/pdf/north-african-campaign.pdf,,DWIGHT D. EISENHOWER LIBRARY: Small Manuscript Collections Box 75,North African Campaign (Subject Guide),9,cos_44_5th_mtg_o_7_jan_44_01KPTACG03MF8E50PDEB4W5XC5.json; a_history_of_the_second_united_states_armored_division_01KTC6TXE50NV5RV9J4CCJD22P.json; ch_i_01KQ663BC560ZY6C8AQKGCD1JE.json; a_history_of_the_second_united_states_armored_division_01KTACETX1WEW4BZEBHEHX565D.json; general_krueger_report_01KRSWWNXWFXBX6BK5CRG08Q16.json,0,
"ANDERSON, Kenneth (1) [Jan. 1943-May 1952] [French forces in North",https://www.eisenhowerlibrary.gov/sites/default/files/research/subject-guides/pdf/north-african-campaign.pdf,,DWIGHT D. EISENHOWER LIBRARY: Small Manuscript Collections Box 75,North African Campaign (Subject Guide),14,history_ix_bombardment_division_m_sep_oct_44_01KT9QWPCFSMFGTD70YDF9C6C8.json; history_ix_bombardment_division_m_sep_oct_44_01KTA7N5F9H25T5832D5KMX94W.json; combat_interv_with_colonel_anderson_01KT9RSPRFYJHTAJNDGWBTM149.json; force_required_against_railway_targets_01KPTB6G3SWN3GSZ4GENASA7X9.json; plan_for_the_completion_of_the_combined_bomber_offensive_01KPTB1GP47MA8E8TJJCQH7P0J.json,0,
"ANDERSON, Kenneth (2) [Sept. 1942-Dec.1942] [N. African campaign;",https://www.eisenhowerlibrary.gov/sites/default/files/research/subject-guides/pdf/north-african-campaign.pdf,,DWIGHT D. EISENHOWER LIBRARY: Small Manuscript Collections Box 75,North African Campaign (Subject Guide),23,cos_44_5th_mtg_o_7_jan_44_01KPTACG03MF8E50PDEB4W5XC5.json; history_ix_bombardment_division_m_sep_oct_44_01KT9QWPCFSMFGTD70YDF9C6C8.json; a_history_of_the_second_united_states_armored_division_01KTC6TXE50NV5RV9J4CCJD22P.json; history_ix_bombardment_division_m_sep_oct_44_01KTA7N5F9H25T5832D5KMX94W.json; combat_interv_with_colonel_anderson_01KT9RSPRFYJHTAJNDGWBTM149.json,0,
French forces in North Africa; Operation TORCH],https://www.eisenhowerlibrary.gov/sites/default/files/research/subject-guides/pdf/north-african-campaign.pdf,,DWIGHT D. EISENHOWER LIBRARY: Small Manuscript Collections Box 75,North African Campaign (Subject Guide),31,cos_44_5th_mtg_o_7_jan_44_01KPTACG03MF8E50PDEB4W5XC5.json; torch_01KPVZ4Z9C3SRVEJCJM5ACARPE.json; cbl_to_eisenhower_6_aug_42_draft_in_memo_handy_for_classified_mc_01KQ64XM9DA0RYS7BHHJRVWWKV.json; notes_of_a_conference_held_at_the_white_house_at_830_pm_july_30_1942_01KPT6HDB14AJS642G511P2AJ1.json; memorandum_for_wd_classified_mc_commander_for_torch_01KPVZ4XX941T9WPEGJTYTETB3.json,0,
Political situation on French North Africa],https://www.eisenhowerlibrary.gov/sites/default/files/research/subject-guides/pdf/north-african-campaign.pdf,,DWIGHT D. EISENHOWER LIBRARY: Small Manuscript Collections Box 75,North African Campaign (Subject Guide),9,cos_44_5th_mtg_o_7_jan_44_01KPTACG03MF8E50PDEB4W5XC5.json; a_history_of_the_second_united_states_armored_division_01KTC6TXE50NV5RV9J4CCJD22P.json; ch_i_01KQ663BC560ZY6C8AQKGCD1JE.json; a_history_of_the_second_united_states_armored_division_01KTACETX1WEW4BZEBHEHX565D.json; general_krueger_report_01KRSWWNXWFXBX6BK5CRG08Q16.json,0,
difficulties with the French in North Africa],https://www.eisenhowerlibrary.gov/sites/default/files/research/subject-guides/pdf/north-african-campaign.pdf,,DWIGHT D. EISENHOWER LIBRARY: Small Manuscript Collections Box 75,North African Campaign (Subject Guide),9,cos_44_5th_mtg_o_7_jan_44_01KPTACG03MF8E50PDEB4W5XC5.json; a_history_of_the_second_united_states_armored_division_01KTC6TXE50NV5RV9J4CCJD22P.json; ch_i_01KQ663BC560ZY6C8AQKGCD1JE.json; a_history_of_the_second_united_states_armored_division_01KTACETX1WEW4BZEBHEHX565D.json; general_krueger_report_01KRSWWNXWFXBX6BK5CRG08Q16.json,0,
American-British ranks in the “Torch” theater],https://www.eisenhowerlibrary.gov/sites/default/files/research/subject-guides/pdf/north-african-campaign.pdf,,DWIGHT D. EISENHOWER LIBRARY: Small Manuscript Collections Box 75,North African Campaign (Subject Guide),23,torch_01KPVZ4Z9C3SRVEJCJM5ACARPE.json; cbl_to_eisenhower_6_aug_42_draft_in_memo_handy_for_classified_mc_01KQ64XM9DA0RYS7BHHJRVWWKV.json; notes_of_a_conference_held_at_the_white_house_at_830_pm_july_30_1942_01KPT6HDB14AJS642G511P2AJ1.json; memorandum_for_wd_classified_mc_commander_for_torch_01KPVZ4XX941T9WPEGJTYTETB3.json; torch_and_the_european_theater_of_operations_the_administrative_and_logistical_h_01KPVZQ8EKR6TF67YZ2SQNHGSP.json,0,
"deGAULLE, Charles [corres. re political situation in North Africa]",https://www.eisenhowerlibrary.gov/sites/default/files/research/subject-guides/pdf/north-african-campaign.pdf,,DWIGHT D. EISENHOWER LIBRARY: Small Manuscript Collections Box 75,North African Campaign (Subject Guide),9,cos_44_5th_mtg_o_7_jan_44_01KPTACG03MF8E50PDEB4W5XC5.json; a_history_of_the_second_united_states_armored_division_01KTC6TXE50NV5RV9J4CCJD22P.json; ch_i_01KQ663BC560ZY6C8AQKGCD1JE.json; a_history_of_the_second_united_states_armored_division_01KTACETX1WEW4BZEBHEHX565D.json; general_krueger_report_01KRSWWNXWFXBX6BK5CRG08Q16.json,0,
"FRANKS, Oliver S. [the medal of the North African Star]",https://www.eisenhowerlibrary.gov/sites/default/files/research/subject-guides/pdf/north-african-campaign.pdf,,DWIGHT D. EISENHOWER LIBRARY: Small Manuscript Collections Box 75,North African Campaign (Subject Guide),9,cos_44_5th_mtg_o_7_jan_44_01KPTACG03MF8E50PDEB4W5XC5.json; a_history_of_the_second_united_states_armored_division_01KTC6TXE50NV5RV9J4CCJD22P.json; ch_i_01KQ663BC560ZY6C8AQKGCD1JE.json; a_history_of_the_second_united_states_armored_division_01KTACETX1WEW4BZEBHEHX565D.json; general_krueger_report_01KRSWWNXWFXBX6BK5CRG08Q16.json,0,
"[Commander-in-Chief, French forces in North and West Africa; DDE’s",https://www.eisenhowerlibrary.gov/sites/default/files/research/subject-guides/pdf/north-african-campaign.pdf,,DWIGHT D. EISENHOWER LIBRARY: Small Manuscript Collections Box 75,North African Campaign (Subject Guide),9,cos_44_5th_mtg_o_7_jan_44_01KPTACG03MF8E50PDEB4W5XC5.json; a_history_of_the_second_united_states_armored_division_01KTC6TXE50NV5RV9J4CCJD22P.json; ch_i_01KQ663BC560ZY6C8AQKGCD1JE.json; a_history_of_the_second_united_states_armored_division_01KTACETX1WEW4BZEBHEHX565D.json; general_krueger_report_01KRSWWNXWFXBX6BK5CRG08Q16.json,0,
"speech for the French Rearmament Ceremony, Algiers]",https://www.eisenhowerlibrary.gov/sites/default/files/research/subject-guides/pdf/north-african-campaign.pdf,,DWIGHT D. EISENHOWER LIBRARY: Small Manuscript Collections Box 75,North African Campaign (Subject Guide),3,meetings_at_algiers_between_churchill_marshall_eisenhower_and_others_29_and_31_m_01KQ661Y58YA3665B36XBZ642B.json; min_of_trident_conf_01KQ66201N0XKS2GSP9PFGYR1A.json; minutes_of_trident_conference_01KPT989RHJCGB6QNARFXXPQ7K.json,0,
DDE and Giraud re Giraud’s position of authority in French North Africa],https://www.eisenhowerlibrary.gov/sites/default/files/research/subject-guides/pdf/north-african-campaign.pdf,,DWIGHT D. EISENHOWER LIBRARY: Small Manuscript Collections Box 75,North African Campaign (Subject Guide),9,cos_44_5th_mtg_o_7_jan_44_01KPTACG03MF8E50PDEB4W5XC5.json; a_history_of_the_second_united_states_armored_division_01KTC6TXE50NV5RV9J4CCJD22P.json; ch_i_01KQ663BC560ZY6C8AQKGCD1JE.json; a_history_of_the_second_united_states_armored_division_01KTACETX1WEW4BZEBHEHX565D.json; general_krueger_report_01KRSWWNXWFXBX6BK5CRG08Q16.json,0,
Spitfires relative to “Torch” campaign],https://www.eisenhowerlibrary.gov/sites/default/files/research/subject-guides/pdf/north-african-campaign.pdf,,DWIGHT D. EISENHOWER LIBRARY: Small Manuscript Collections Box 75,North African Campaign (Subject Guide),23,torch_01KPVZ4Z9C3SRVEJCJM5ACARPE.json; cbl_to_eisenhower_6_aug_42_draft_in_memo_handy_for_classified_mc_01KQ64XM9DA0RYS7BHHJRVWWKV.json; notes_of_a_conference_held_at_the_white_house_at_830_pm_july_30_1942_01KPT6HDB14AJS642G511P2AJ1.json; memorandum_for_wd_classified_mc_commander_for_torch_01KPVZ4XX941T9WPEGJTYTETB3.json; torch_and_the_european_theater_of_operations_the_administrative_and_logistical_h_01KPVZQ8EKR6TF67YZ2SQNHGSP.json,0,
operations on North Africa; questionable aspects of Operation Torch],https://www.eisenhowerlibrary.gov/sites/default/files/research/subject-guides/pdf/north-african-campaign.pdf,,DWIGHT D. EISENHOWER LIBRARY: Small Manuscript Collections Box 75,North African Campaign (Subject Guide),31,cos_44_5th_mtg_o_7_jan_44_01KPTACG03MF8E50PDEB4W5XC5.json; torch_01KPVZ4Z9C3SRVEJCJM5ACARPE.json; cbl_to_eisenhower_6_aug_42_draft_in_memo_handy_for_classified_mc_01KQ64XM9DA0RYS7BHHJRVWWKV.json; notes_of_a_conference_held_at_the_white_house_at_830_pm_july_30_1942_01KPT6HDB14AJS642G511P2AJ1.json; memorandum_for_wd_classified_mc_commander_for_torch_01KPVZ4XX941T9WPEGJTYTETB3.json,0,
"HEWITT, Henry K. [North African campaign]",https://www.eisenhowerlibrary.gov/sites/default/files/research/subject-guides/pdf/north-african-campaign.pdf,,DWIGHT D. EISENHOWER LIBRARY: Small Manuscript Collections Box 75,North African Campaign (Subject Guide),9,cos_44_5th_mtg_o_7_jan_44_01KPTACG03MF8E50PDEB4W5XC5.json; a_history_of_the_second_united_states_armored_division_01KTC6TXE50NV5RV9J4CCJD22P.json; ch_i_01KQ663BC560ZY6C8AQKGCD1JE.json; a_history_of_the_second_united_states_armored_division_01KTACETX1WEW4BZEBHEHX565D.json; general_krueger_report_01KRSWWNXWFXBX6BK5CRG08Q16.json,0,
French territorial affairs in Africa],https://www.eisenhowerlibrary.gov/sites/default/files/research/subject-guides/pdf/north-african-campaign.pdf,,DWIGHT D. EISENHOWER LIBRARY: Small Manuscript Collections Box 75,North African Campaign (Subject Guide),9,cos_44_5th_mtg_o_7_jan_44_01KPTACG03MF8E50PDEB4W5XC5.json; a_history_of_the_second_united_states_armored_division_01KTC6TXE50NV5RV9J4CCJD22P.json; ch_i_01KQ663BC560ZY6C8AQKGCD1JE.json; a_history_of_the_second_united_states_armored_division_01KTACETX1WEW4BZEBHEHX565D.json; general_krueger_report_01KRSWWNXWFXBX6BK5CRG08Q16.json,0,
the Casablanca conference],https://www.eisenhowerlibrary.gov/sites/default/files/research/subject-guides/pdf/north-african-campaign.pdf,,DWIGHT D. EISENHOWER LIBRARY: Small Manuscript Collections Box 75,North African Campaign (Subject Guide),16,ccs_56th_mtg_14_jan_43_01KPT6SHVNEYQB346DARHTT0PH.json; ccs_55th_meeting_minutes_14_january_1943_01KPT6RW6F0EDS7SPFQSF9FD8B.json; cos_43_105_0_final_01KPT6YR2B9DEYN5BZ2377GZD5.json; annex_to_3d_br_cos_casablanca_mtg_01KQ659CXKBD31KQX1GCG37VC8.json; note_by_minister_of_defence_01KPT6RY1DEAM56SV56GDMWDPJ.json,0,
operations in Spanish Morocco; staff organization for Torch],https://www.eisenhowerlibrary.gov/sites/default/files/research/subject-guides/pdf/north-african-campaign.pdf,,DWIGHT D. EISENHOWER LIBRARY: Small Manuscript Collections Box 75,North African Campaign (Subject Guide),23,torch_01KPVZ4Z9C3SRVEJCJM5ACARPE.json; cbl_to_eisenhower_6_aug_42_draft_in_memo_handy_for_classified_mc_01KQ64XM9DA0RYS7BHHJRVWWKV.json; notes_of_a_conference_held_at_the_white_house_at_830_pm_july_30_1942_01KPT6HDB14AJS642G511P2AJ1.json; memorandum_for_wd_classified_mc_commander_for_torch_01KPVZ4XX941T9WPEGJTYTETB3.json; torch_and_the_european_theater_of_operations_the_administrative_and_logistical_h_01KPVZQ8EKR6TF67YZ2SQNHGSP.json,0,
Control over French authorities in North Africa],https://www.eisenhowerlibrary.gov/sites/default/files/research/subject-guides/pdf/north-african-campaign.pdf,,DWIGHT D. EISENHOWER LIBRARY: Small Manuscript Collections Box 75,North African Campaign (Subject Guide),9,cos_44_5th_mtg_o_7_jan_44_01KPTACG03MF8E50PDEB4W5XC5.json; a_history_of_the_second_united_states_armored_division_01KTC6TXE50NV5RV9J4CCJD22P.json; ch_i_01KQ663BC560ZY6C8AQKGCD1JE.json; a_history_of_the_second_united_states_armored_division_01KTACETX1WEW4BZEBHEHX565D.json; general_krueger_report_01KRSWWNXWFXBX6BK5CRG08Q16.json,0,
Africa to U.S.],https://www.eisenhowerlibrary.gov/sites/default/files/research/subject-guides/pdf/north-african-campaign.pdf,,DWIGHT D. EISENHOWER LIBRARY: Small Manuscript Collections Box 75,North African Campaign (Subject Guide),9,cos_44_5th_mtg_o_7_jan_44_01KPTACG03MF8E50PDEB4W5XC5.json; a_history_of_the_second_united_states_armored_division_01KTC6TXE50NV5RV9J4CCJD22P.json; ch_i_01KQ663BC560ZY6C8AQKGCD1JE.json; a_history_of_the_second_united_states_armored_division_01KTACETX1WEW4BZEBHEHX565D.json; general_krueger_report_01KRSWWNXWFXBX6BK5CRG08Q16.json,0,
to his “Gang” re life in North Africa],https://www.eisenhowerlibrary.gov/sites/default/files/research/subject-guides/pdf/north-african-campaign.pdf,,DWIGHT D. EISENHOWER LIBRARY: Small Manuscript Collections Box 75,North African Campaign (Subject Guide),9,cos_44_5th_mtg_o_7_jan_44_01KPTACG03MF8E50PDEB4W5XC5.json; a_history_of_the_second_united_states_armored_division_01KTC6TXE50NV5RV9J4CCJD22P.json; ch_i_01KQ663BC560ZY6C8AQKGCD1JE.json; a_history_of_the_second_united_states_armored_division_01KTACETX1WEW4BZEBHEHX565D.json; general_krueger_report_01KRSWWNXWFXBX6BK5CRG08Q16.json,0,
"LEMONNIER, ANDRE [use of French African merchant marine]",https://www.eisenhowerlibrary.gov/sites/default/files/research/subject-guides/pdf/north-african-campaign.pdf,,DWIGHT D. EISENHOWER LIBRARY: Small Manuscript Collections Box 75,North African Campaign (Subject Guide),9,cos_44_5th_mtg_o_7_jan_44_01KPTACG03MF8E50PDEB4W5XC5.json; a_history_of_the_second_united_states_armored_division_01KTC6TXE50NV5RV9J4CCJD22P.json; ch_i_01KQ663BC560ZY6C8AQKGCD1JE.json; a_history_of_the_second_united_states_armored_division_01KTACETX1WEW4BZEBHEHX565D.json; general_krueger_report_01KRSWWNXWFXBX6BK5CRG08Q16.json,0,
"MACK, Hal W.B. [political officer on DDE’s staff in North Africa]",https://www.eisenhowerlibrary.gov/sites/default/files/research/subject-guides/pdf/north-african-campaign.pdf,,DWIGHT D. EISENHOWER LIBRARY: Small Manuscript Collections Box 194,North African Campaign (Subject Guide),9,cos_44_5th_mtg_o_7_jan_44_01KPTACG03MF8E50PDEB4W5XC5.json; a_history_of_the_second_united_states_armored_division_01KTC6TXE50NV5RV9J4CCJD22P.json; ch_i_01KQ663BC560ZY6C8AQKGCD1JE.json; a_history_of_the_second_united_states_armored_division_01KTACETX1WEW4BZEBHEHX565D.json; general_krueger_report_01KRSWWNXWFXBX6BK5CRG08Q16.json,0,
"MACMILLAN, Harold [Resident Minister at Allied Hqs, Algiers]",https://www.eisenhowerlibrary.gov/sites/default/files/research/subject-guides/pdf/north-african-campaign.pdf,,DWIGHT D. EISENHOWER LIBRARY: Small Manuscript Collections Box 194,North African Campaign (Subject Guide),3,meetings_at_algiers_between_churchill_marshall_eisenhower_and_others_29_and_31_m_01KQ661Y58YA3665B36XBZ642B.json; min_of_trident_conf_01KQ66201N0XKS2GSP9PFGYR1A.json; minutes_of_trident_conference_01KPT989RHJCGB6QNARFXXPQ7K.json,0,
[problems concerning Tunisia campaign; effectiveness of British-American unity in preparing for TORC,https://www.eisenhowerlibrary.gov/sites/default/files/research/subject-guides/pdf/north-african-campaign.pdf,,DWIGHT D. EISENHOWER LIBRARY: Small Manuscript Collections Box 194,North African Campaign (Subject Guide),23,torch_01KPVZ4Z9C3SRVEJCJM5ACARPE.json; cbl_to_eisenhower_6_aug_42_draft_in_memo_handy_for_classified_mc_01KQ64XM9DA0RYS7BHHJRVWWKV.json; notes_of_a_conference_held_at_the_white_house_at_830_pm_july_30_1942_01KPT6HDB14AJS642G511P2AJ1.json; memorandum_for_wd_classified_mc_commander_for_torch_01KPVZ4XX941T9WPEGJTYTETB3.json; torch_and_the_european_theater_of_operations_the_administrative_and_logistical_h_01KPVZQ8EKR6TF67YZ2SQNHGSP.json,0,
staff for TORCH],https://www.eisenhowerlibrary.gov/sites/default/files/research/subject-guides/pdf/north-african-campaign.pdf,,DWIGHT D. EISENHOWER LIBRARY: Small Manuscript Collections Box 194,North African Campaign (Subject Guide),23,torch_01KPVZ4Z9C3SRVEJCJM5ACARPE.json; cbl_to_eisenhower_6_aug_42_draft_in_memo_handy_for_classified_mc_01KQ64XM9DA0RYS7BHHJRVWWKV.json; notes_of_a_conference_held_at_the_white_house_at_830_pm_july_30_1942_01KPT6HDB14AJS642G511P2AJ1.json; memorandum_for_wd_classified_mc_commander_for_torch_01KPVZ4XX941T9WPEGJTYTETB3.json; torch_and_the_european_theater_of_operations_the_administrative_and_logistical_h_01KPVZQ8EKR6TF67YZ2SQNHGSP.json,0,
publication of dispatches relevant to the African and Sicilian campaigns],https://www.eisenhowerlibrary.gov/sites/default/files/research/subject-guides/pdf/north-african-campaign.pdf,,DWIGHT D. EISENHOWER LIBRARY: Small Manuscript Collections Box 194,North African Campaign (Subject Guide),9,cos_44_5th_mtg_o_7_jan_44_01KPTACG03MF8E50PDEB4W5XC5.json; a_history_of_the_second_united_states_armored_division_01KTC6TXE50NV5RV9J4CCJD22P.json; ch_i_01KQ663BC560ZY6C8AQKGCD1JE.json; a_history_of_the_second_united_states_armored_division_01KTACETX1WEW4BZEBHEHX565D.json; general_krueger_report_01KRSWWNXWFXBX6BK5CRG08Q16.json,0,
North Africa; article re pre-invasion activities in North Africa],https://www.eisenhowerlibrary.gov/sites/default/files/research/subject-guides/pdf/north-african-campaign.pdf,,DWIGHT D. EISENHOWER LIBRARY: Small Manuscript Collections Box 194,North African Campaign (Subject Guide),9,cos_44_5th_mtg_o_7_jan_44_01KPTACG03MF8E50PDEB4W5XC5.json; a_history_of_the_second_united_states_armored_division_01KTC6TXE50NV5RV9J4CCJD22P.json; ch_i_01KQ663BC560ZY6C8AQKGCD1JE.json; a_history_of_the_second_united_states_armored_division_01KTACETX1WEW4BZEBHEHX565D.json; general_krueger_report_01KRSWWNXWFXBX6BK5CRG08Q16.json,0,
"OPERATIONS DIVISION, GSUSA [report re conditions in North Africa",https://www.eisenhowerlibrary.gov/sites/default/files/research/subject-guides/pdf/north-african-campaign.pdf,,DWIGHT D. EISENHOWER LIBRARY: Small Manuscript Collections Box 194,North African Campaign (Subject Guide),9,cos_44_5th_mtg_o_7_jan_44_01KPTACG03MF8E50PDEB4W5XC5.json; a_history_of_the_second_united_states_armored_division_01KTC6TXE50NV5RV9J4CCJD22P.json; ch_i_01KQ663BC560ZY6C8AQKGCD1JE.json; a_history_of_the_second_united_states_armored_division_01KTACETX1WEW4BZEBHEHX565D.json; general_krueger_report_01KRSWWNXWFXBX6BK5CRG08Q16.json,0,
relevant to Operation TORCH],https://www.eisenhowerlibrary.gov/sites/default/files/research/subject-guides/pdf/north-african-campaign.pdf,,DWIGHT D. EISENHOWER LIBRARY: Small Manuscript Collections Box 194,North African Campaign (Subject Guide),23,torch_01KPVZ4Z9C3SRVEJCJM5ACARPE.json; cbl_to_eisenhower_6_aug_42_draft_in_memo_handy_for_classified_mc_01KQ64XM9DA0RYS7BHHJRVWWKV.json; notes_of_a_conference_held_at_the_white_house_at_830_pm_july_30_1942_01KPT6HDB14AJS642G511P2AJ1.json; memorandum_for_wd_classified_mc_commander_for_torch_01KPVZ4XX941T9WPEGJTYTETB3.json; torch_and_the_european_theater_of_operations_the_administrative_and_logistical_h_01KPVZQ8EKR6TF67YZ2SQNHGSP.json,0,
harbor of Casablanca; conditions following North African landing; Allied,https://www.eisenhowerlibrary.gov/sites/default/files/research/subject-guides/pdf/north-african-campaign.pdf,,DWIGHT D. EISENHOWER LIBRARY: Small Manuscript Collections Box 194,North African Campaign (Subject Guide),25,cos_44_5th_mtg_o_7_jan_44_01KPTACG03MF8E50PDEB4W5XC5.json; ccs_56th_mtg_14_jan_43_01KPT6SHVNEYQB346DARHTT0PH.json; ccs_55th_meeting_minutes_14_january_1943_01KPT6RW6F0EDS7SPFQSF9FD8B.json; cos_43_105_0_final_01KPT6YR2B9DEYN5BZ2377GZD5.json; annex_to_3d_br_cos_casablanca_mtg_01KQ659CXKBD31KQX1GCG37VC8.json,0,
government in French North Africa],https://www.eisenhowerlibrary.gov/sites/default/files/research/subject-guides/pdf/north-african-campaign.pdf,,DWIGHT D. EISENHOWER LIBRARY: Small Manuscript Collections Box 194,North African Campaign (Subject Guide),9,cos_44_5th_mtg_o_7_jan_44_01KPTACG03MF8E50PDEB4W5XC5.json; a_history_of_the_second_united_states_armored_division_01KTC6TXE50NV5RV9J4CCJD22P.json; ch_i_01KQ663BC560ZY6C8AQKGCD1JE.json; a_history_of_the_second_united_states_armored_division_01KTACETX1WEW4BZEBHEHX565D.json; general_krueger_report_01KRSWWNXWFXBX6BK5CRG08Q16.json,0,
training in North Africa],https://www.eisenhowerlibrary.gov/sites/default/files/research/subject-guides/pdf/north-african-campaign.pdf,,DWIGHT D. EISENHOWER LIBRARY: Small Manuscript Collections Box 194,North African Campaign (Subject Guide),9,cos_44_5th_mtg_o_7_jan_44_01KPTACG03MF8E50PDEB4W5XC5.json; a_history_of_the_second_united_states_armored_division_01KTC6TXE50NV5RV9J4CCJD22P.json; ch_i_01KQ663BC560ZY6C8AQKGCD1JE.json; a_history_of_the_second_united_states_armored_division_01KTACETX1WEW4BZEBHEHX565D.json; general_krueger_report_01KRSWWNXWFXBX6BK5CRG08Q16.json,0,
control of the French army in NW Africa; Roosevelt to the Sultan of,https://www.eisenhowerlibrary.gov/sites/default/files/research/subject-guides/pdf/north-african-campaign.pdf,,DWIGHT D. EISENHOWER LIBRARY: Small Manuscript Collections Box 194,North African Campaign (Subject Guide),9,cos_44_5th_mtg_o_7_jan_44_01KPTACG03MF8E50PDEB4W5XC5.json; a_history_of_the_second_united_states_armored_division_01KTC6TXE50NV5RV9J4CCJD22P.json; ch_i_01KQ663BC560ZY6C8AQKGCD1JE.json; a_history_of_the_second_united_states_armored_division_01KTACETX1WEW4BZEBHEHX565D.json; general_krueger_report_01KRSWWNXWFXBX6BK5CRG08Q16.json,0,
Morocco re. the purpose of Allied forces in North Africa],https://www.eisenhowerlibrary.gov/sites/default/files/research/subject-guides/pdf/north-african-campaign.pdf,,DWIGHT D. EISENHOWER LIBRARY: Small Manuscript Collections Box 194,North African Campaign (Subject Guide),9,cos_44_5th_mtg_o_7_jan_44_01KPTACG03MF8E50PDEB4W5XC5.json; a_history_of_the_second_united_states_armored_division_01KTC6TXE50NV5RV9J4CCJD22P.json; ch_i_01KQ663BC560ZY6C8AQKGCD1JE.json; a_history_of_the_second_united_states_armored_division_01KTACETX1WEW4BZEBHEHX565D.json; general_krueger_report_01KRSWWNXWFXBX6BK5CRG08Q16.json,0,
OPERATIONS – TORCH – 1942 (1)(2),https://www.eisenhowerlibrary.gov/sites/default/files/research/subject-guides/pdf/north-african-campaign.pdf,,DWIGHT D. EISENHOWER LIBRARY: Small Manuscript Collections Box 194,North African Campaign (Subject Guide),23,torch_01KPVZ4Z9C3SRVEJCJM5ACARPE.json; cbl_to_eisenhower_6_aug_42_draft_in_memo_handy_for_classified_mc_01KQ64XM9DA0RYS7BHHJRVWWKV.json; notes_of_a_conference_held_at_the_white_house_at_830_pm_july_30_1942_01KPT6HDB14AJS642G511P2AJ1.json; memorandum_for_wd_classified_mc_commander_for_torch_01KPVZ4XX941T9WPEGJTYTETB3.json; torch_and_the_european_theater_of_operations_the_administrative_and_logistical_h_01KPVZQ8EKR6TF67YZ2SQNHGSP.json,0,
OPERATIONS – TORCH – 1942 (3)-(5),https://www.eisenhowerlibrary.gov/sites/default/files/research/subject-guides/pdf/north-african-campaign.pdf,,DWIGHT D. EISENHOWER LIBRARY: Small Manuscript Collections Box 194,North African Campaign (Subject Guide),23,torch_01KPVZ4Z9C3SRVEJCJM5ACARPE.json; cbl_to_eisenhower_6_aug_42_draft_in_memo_handy_for_classified_mc_01KQ64XM9DA0RYS7BHHJRVWWKV.json; notes_of_a_conference_held_at_the_white_house_at_830_pm_july_30_1942_01KPT6HDB14AJS642G511P2AJ1.json; memorandum_for_wd_classified_mc_commander_for_torch_01KPVZ4XX941T9WPEGJTYTETB3.json; torch_and_the_european_theater_of_operations_the_administrative_and_logistical_h_01KPVZQ8EKR6TF67YZ2SQNHGSP.json,0,
North African Campaign and Operation Torch,https://www.eisenhowerlibrary.gov/sites/default/files/research/subject-guides/pdf/north-african-campaign.pdf,,DWIGHT D. EISENHOWER LIBRARY: Small Manuscript Collections Box 194,North African Campaign (Subject Guide),31,cos_44_5th_mtg_o_7_jan_44_01KPTACG03MF8E50PDEB4W5XC5.json; torch_01KPVZ4Z9C3SRVEJCJM5ACARPE.json; cbl_to_eisenhower_6_aug_42_draft_in_memo_handy_for_classified_mc_01KQ64XM9DA0RYS7BHHJRVWWKV.json; notes_of_a_conference_held_at_the_white_house_at_830_pm_july_30_1942_01KPT6HDB14AJS642G511P2AJ1.json; memorandum_for_wd_classified_mc_commander_for_torch_01KPVZ4XX941T9WPEGJTYTETB3.json,0,
"NORTH AFRICAN PROGRAM, B.B.C., May 24, 1943",https://www.eisenhowerlibrary.gov/sites/default/files/research/subject-guides/pdf/north-african-campaign.pdf,,DWIGHT D. EISENHOWER LIBRARY: Small Manuscript Collections Box 194,North African Campaign (Subject Guide),9,cos_44_5th_mtg_o_7_jan_44_01KPTACG03MF8E50PDEB4W5XC5.json; a_history_of_the_second_united_states_armored_division_01KTC6TXE50NV5RV9J4CCJD22P.json; ch_i_01KQ663BC560ZY6C8AQKGCD1JE.json; a_history_of_the_second_united_states_armored_division_01KTACETX1WEW4BZEBHEHX565D.json; general_krueger_report_01KRSWWNXWFXBX6BK5CRG08Q16.json,0,
"FIRST ANNIVERSARY LANDING IN NORTH AFRICA – Nov.8, 1943",https://www.eisenhowerlibrary.gov/sites/default/files/research/subject-guides/pdf/north-african-campaign.pdf,,DWIGHT D. EISENHOWER LIBRARY: Small Manuscript Collections Box 194,North African Campaign (Subject Guide),9,cos_44_5th_mtg_o_7_jan_44_01KPTACG03MF8E50PDEB4W5XC5.json; a_history_of_the_second_united_states_armored_division_01KTC6TXE50NV5RV9J4CCJD22P.json; ch_i_01KQ663BC560ZY6C8AQKGCD1JE.json; a_history_of_the_second_united_states_armored_division_01KTACETX1WEW4BZEBHEHX565D.json; general_krueger_report_01KRSWWNXWFXBX6BK5CRG08Q16.json,0,
"Correspondence 1943-50 (1)-(8) [visitors to North Africa, Middle East,",https://www.eisenhowerlibrary.gov/sites/default/files/research/subject-guides/pdf/north-african-campaign.pdf,,DWIGHT D. EISENHOWER LIBRARY: Small Manuscript Collections Box 3,North African Campaign (Subject Guide),9,cos_44_5th_mtg_o_7_jan_44_01KPTACG03MF8E50PDEB4W5XC5.json; a_history_of_the_second_united_states_armored_division_01KTC6TXE50NV5RV9J4CCJD22P.json; ch_i_01KQ663BC560ZY6C8AQKGCD1JE.json; a_history_of_the_second_united_states_armored_division_01KTACETX1WEW4BZEBHEHX565D.json; general_krueger_report_01KRSWWNXWFXBX6BK5CRG08Q16.json,0,
Tunisian campaigns; HQ North African Theater of Operations; Spanish,https://www.eisenhowerlibrary.gov/sites/default/files/research/subject-guides/pdf/north-african-campaign.pdf,,DWIGHT D. EISENHOWER LIBRARY: Small Manuscript Collections Box 3,North African Campaign (Subject Guide),9,cos_44_5th_mtg_o_7_jan_44_01KPTACG03MF8E50PDEB4W5XC5.json; a_history_of_the_second_united_states_armored_division_01KTC6TXE50NV5RV9J4CCJD22P.json; ch_i_01KQ663BC560ZY6C8AQKGCD1JE.json; a_history_of_the_second_united_states_armored_division_01KTACETX1WEW4BZEBHEHX565D.json; general_krueger_report_01KRSWWNXWFXBX6BK5CRG08Q16.json,0,
"Clippings, re North Africa",https://www.eisenhowerlibrary.gov/sites/default/files/research/subject-guides/pdf/north-african-campaign.pdf,,DWIGHT D. EISENHOWER LIBRARY: Small Manuscript Collections Box 1,North African Campaign (Subject Guide),9,cos_44_5th_mtg_o_7_jan_44_01KPTACG03MF8E50PDEB4W5XC5.json; a_history_of_the_second_united_states_armored_division_01KTC6TXE50NV5RV9J4CCJD22P.json; ch_i_01KQ663BC560ZY6C8AQKGCD1JE.json; a_history_of_the_second_united_states_armored_division_01KTACETX1WEW4BZEBHEHX565D.json; general_krueger_report_01KRSWWNXWFXBX6BK5CRG08Q16.json,0,
"1943, (Oct. 24 – Nov. 23) Diary Trip to North Africa Theater of",https://www.eisenhowerlibrary.gov/sites/default/files/research/subject-guides/pdf/north-african-campaign.pdf,,"HODGES, COURTNEY HICKS: Papers, 1904-65 Box 6",North African Campaign (Subject Guide),9,cos_44_5th_mtg_o_7_jan_44_01KPTACG03MF8E50PDEB4W5XC5.json; a_history_of_the_second_united_states_armored_division_01KTC6TXE50NV5RV9J4CCJD22P.json; ch_i_01KQ663BC560ZY6C8AQKGCD1JE.json; a_history_of_the_second_united_states_armored_division_01KTACETX1WEW4BZEBHEHX565D.json; general_krueger_report_01KRSWWNXWFXBX6BK5CRG08Q16.json,0,
"1943, (Oct. 28 – Nov. 23) Report of visit to North Africa Theater of",https://www.eisenhowerlibrary.gov/sites/default/files/research/subject-guides/pdf/north-african-campaign.pdf,,"HODGES, COURTNEY HICKS: Papers, 1904-65 Box 6",North African Campaign (Subject Guide),9,cos_44_5th_mtg_o_7_jan_44_01KPTACG03MF8E50PDEB4W5XC5.json; a_history_of_the_second_united_states_armored_division_01KTC6TXE50NV5RV9J4CCJD22P.json; ch_i_01KQ663BC560ZY6C8AQKGCD1JE.json; a_history_of_the_second_united_states_armored_division_01KTACETX1WEW4BZEBHEHX565D.json; general_krueger_report_01KRSWWNXWFXBX6BK5CRG08Q16.json,0,
Mr. Holmes was involved in North African during World War II and later served two,https://www.eisenhowerlibrary.gov/sites/default/files/research/subject-guides/pdf/north-african-campaign.pdf,,"HODGES, COURTNEY HICKS: Papers, 1904-65 Box 6",North African Campaign (Subject Guide),9,cos_44_5th_mtg_o_7_jan_44_01KPTACG03MF8E50PDEB4W5XC5.json; a_history_of_the_second_united_states_armored_division_01KTC6TXE50NV5RV9J4CCJD22P.json; ch_i_01KQ663BC560ZY6C8AQKGCD1JE.json; a_history_of_the_second_united_states_armored_division_01KTACETX1WEW4BZEBHEHX565D.json; general_krueger_report_01KRSWWNXWFXBX6BK5CRG08Q16.json,0,
Algiers--London (1)-(9),https://www.eisenhowerlibrary.gov/sites/default/files/research/subject-guides/pdf/north-african-campaign.pdf,,"HODGES, COURTNEY HICKS: Papers, 1904-65 Box 1",North African Campaign (Subject Guide),3,meetings_at_algiers_between_churchill_marshall_eisenhower_and_others_29_and_31_m_01KQ661Y58YA3665B36XBZ642B.json; min_of_trident_conf_01KQ66201N0XKS2GSP9PFGYR1A.json; minutes_of_trident_conference_01KPT989RHJCGB6QNARFXXPQ7K.json,0,
Allied Publications Board--Algiers,https://www.eisenhowerlibrary.gov/sites/default/files/research/subject-guides/pdf/north-african-campaign.pdf,,"HODGES, COURTNEY HICKS: Papers, 1904-65 Box 1",North African Campaign (Subject Guide),3,meetings_at_algiers_between_churchill_marshall_eisenhower_and_others_29_and_31_m_01KQ661Y58YA3665B36XBZ642B.json; min_of_trident_conf_01KQ66201N0XKS2GSP9PFGYR1A.json; minutes_of_trident_conference_01KPT989RHJCGB6QNARFXXPQ7K.json,0,
Basic PWB-AFHQ (1)(2) [propaganda in Italy and North Africa],https://www.eisenhowerlibrary.gov/sites/default/files/research/subject-guides/pdf/north-african-campaign.pdf,,"HODGES, COURTNEY HICKS: Papers, 1904-65 Box 2",North African Campaign (Subject Guide),9,cos_44_5th_mtg_o_7_jan_44_01KPTACG03MF8E50PDEB4W5XC5.json; a_history_of_the_second_united_states_armored_division_01KTC6TXE50NV5RV9J4CCJD22P.json; ch_i_01KQ663BC560ZY6C8AQKGCD1JE.json; a_history_of_the_second_united_states_armored_division_01KTACETX1WEW4BZEBHEHX565D.json; general_krueger_report_01KRSWWNXWFXBX6BK5CRG08Q16.json,0,
Africa; anti-U.S. sentiment in N. Africa; Algiers radio],https://www.eisenhowerlibrary.gov/sites/default/files/research/subject-guides/pdf/north-african-campaign.pdf,,"HODGES, COURTNEY HICKS: Papers, 1904-65 Box 3",North African Campaign (Subject Guide),12,cos_44_5th_mtg_o_7_jan_44_01KPTACG03MF8E50PDEB4W5XC5.json; meetings_at_algiers_between_churchill_marshall_eisenhower_and_others_29_and_31_m_01KQ661Y58YA3665B36XBZ642B.json; min_of_trident_conf_01KQ66201N0XKS2GSP9PFGYR1A.json; minutes_of_trident_conference_01KPT989RHJCGB6QNARFXXPQ7K.json; a_history_of_the_second_united_states_armored_division_01KTC6TXE50NV5RV9J4CCJD22P.json,0,
Cables-Outgoing AGARAR-PWB AFHQ (1)-(4) [French in N. Africa;,https://www.eisenhowerlibrary.gov/sites/default/files/research/subject-guides/pdf/north-african-campaign.pdf,,"HODGES, COURTNEY HICKS: Papers, 1904-65 Box 3",North African Campaign (Subject Guide),9,cos_44_5th_mtg_o_7_jan_44_01KPTACG03MF8E50PDEB4W5XC5.json; a_history_of_the_second_united_states_armored_division_01KTC6TXE50NV5RV9J4CCJD22P.json; ch_i_01KQ663BC560ZY6C8AQKGCD1JE.json; a_history_of_the_second_united_states_armored_division_01KTACETX1WEW4BZEBHEHX565D.json; general_krueger_report_01KRSWWNXWFXBX6BK5CRG08Q16.json,0,
anti-Allied sentiment in N. Africa; visit by U.S. senators to Algiers],https://www.eisenhowerlibrary.gov/sites/default/files/research/subject-guides/pdf/north-african-campaign.pdf,,"HODGES, COURTNEY HICKS: Papers, 1904-65 Box 3",North African Campaign (Subject Guide),12,cos_44_5th_mtg_o_7_jan_44_01KPTACG03MF8E50PDEB4W5XC5.json; meetings_at_algiers_between_churchill_marshall_eisenhower_and_others_29_and_31_m_01KQ661Y58YA3665B36XBZ642B.json; min_of_trident_conf_01KQ66201N0XKS2GSP9PFGYR1A.json; minutes_of_trident_conference_01KPT989RHJCGB6QNARFXXPQ7K.json; a_history_of_the_second_united_states_armored_division_01KTC6TXE50NV5RV9J4CCJD22P.json,0,
Cairo--Algiers (1)-(3) [radio broadcasting stations; OWI; PWB; PWE,https://www.eisenhowerlibrary.gov/sites/default/files/research/subject-guides/pdf/north-african-campaign.pdf,,"HODGES, COURTNEY HICKS: Papers, 1904-65 Box 3",North African Campaign (Subject Guide),3,meetings_at_algiers_between_churchill_marshall_eisenhower_and_others_29_and_31_m_01KQ661Y58YA3665B36XBZ642B.json; min_of_trident_conf_01KQ66201N0XKS2GSP9PFGYR1A.json; minutes_of_trident_conference_01KPT989RHJCGB6QNARFXXPQ7K.json,0,
"between PWE Mission, Middle East and PWB, North Africa; mobile film",https://www.eisenhowerlibrary.gov/sites/default/files/research/subject-guides/pdf/north-african-campaign.pdf,,"HODGES, COURTNEY HICKS: Papers, 1904-65 Box 3",North African Campaign (Subject Guide),9,cos_44_5th_mtg_o_7_jan_44_01KPTACG03MF8E50PDEB4W5XC5.json; a_history_of_the_second_united_states_armored_division_01KTC6TXE50NV5RV9J4CCJD22P.json; ch_i_01KQ663BC560ZY6C8AQKGCD1JE.json; a_history_of_the_second_united_states_armored_division_01KTACETX1WEW4BZEBHEHX565D.json; general_krueger_report_01KRSWWNXWFXBX6BK5CRG08Q16.json,0,
Cairo--Algiers (4)-(6) [OWI operations in Cairo; OWI and PWE,https://www.eisenhowerlibrary.gov/sites/default/files/research/subject-guides/pdf/north-african-campaign.pdf,,"HODGES, COURTNEY HICKS: Papers, 1904-65 Box 4",North African Campaign (Subject Guide),3,meetings_at_algiers_between_churchill_marshall_eisenhower_and_others_29_and_31_m_01KQ661Y58YA3665B36XBZ642B.json; min_of_trident_conf_01KQ66201N0XKS2GSP9PFGYR1A.json; minutes_of_trident_conference_01KPT989RHJCGB6QNARFXXPQ7K.json,0,
"Crossman, R. H. S.--Algiers [PWB organization, plans, techniques, and",https://www.eisenhowerlibrary.gov/sites/default/files/research/subject-guides/pdf/north-african-campaign.pdf,,"HODGES, COURTNEY HICKS: Papers, 1904-65 Box 4",North African Campaign (Subject Guide),3,meetings_at_algiers_between_churchill_marshall_eisenhower_and_others_29_and_31_m_01KQ661Y58YA3665B36XBZ642B.json; min_of_trident_conf_01KQ66201N0XKS2GSP9PFGYR1A.json; minutes_of_trident_conference_01KPT989RHJCGB6QNARFXXPQ7K.json,0,
"Dodds-Parker, Douglas--Algiers",https://www.eisenhowerlibrary.gov/sites/default/files/research/subject-guides/pdf/north-african-campaign.pdf,,"HODGES, COURTNEY HICKS: Papers, 1904-65 Box 5",North African Campaign (Subject Guide),3,meetings_at_algiers_between_churchill_marshall_eisenhower_and_others_29_and_31_m_01KQ661Y58YA3665B36XBZ642B.json; min_of_trident_conf_01KQ66201N0XKS2GSP9PFGYR1A.json; minutes_of_trident_conference_01KPT989RHJCGB6QNARFXXPQ7K.json,0,
"Hamblet, Phil--Algiers [OWI personnel and operations in Mid East & N.",https://www.eisenhowerlibrary.gov/sites/default/files/research/subject-guides/pdf/north-african-campaign.pdf,,"HODGES, COURTNEY HICKS: Papers, 1904-65 Box 6",North African Campaign (Subject Guide),3,meetings_at_algiers_between_churchill_marshall_eisenhower_and_others_29_and_31_m_01KQ661Y58YA3665B36XBZ642B.json; min_of_trident_conf_01KQ66201N0XKS2GSP9PFGYR1A.json; minutes_of_trident_conference_01KPT989RHJCGB6QNARFXXPQ7K.json,0,
"Hollander, Richard (1)-(3) [psych warfare operations in N. Africa and NW",https://www.eisenhowerlibrary.gov/sites/default/files/research/subject-guides/pdf/north-african-campaign.pdf,,"HODGES, COURTNEY HICKS: Papers, 1904-65 Box 6",North African Campaign (Subject Guide),9,cos_44_5th_mtg_o_7_jan_44_01KPTACG03MF8E50PDEB4W5XC5.json; a_history_of_the_second_united_states_armored_division_01KTC6TXE50NV5RV9J4CCJD22P.json; ch_i_01KQ663BC560ZY6C8AQKGCD1JE.json; a_history_of_the_second_united_states_armored_division_01KTACETX1WEW4BZEBHEHX565D.json; general_krueger_report_01KRSWWNXWFXBX6BK5CRG08Q16.json,0,
"Leaflets--Algiers (8)-(18) [sample PWB leaflets in German, Greek, and",https://www.eisenhowerlibrary.gov/sites/default/files/research/subject-guides/pdf/north-african-campaign.pdf,,"HODGES, COURTNEY HICKS: Papers, 1904-65 Box 8",North African Campaign (Subject Guide),3,meetings_at_algiers_between_churchill_marshall_eisenhower_and_others_29_and_31_m_01KQ661Y58YA3665B36XBZ642B.json; min_of_trident_conf_01KQ66201N0XKS2GSP9PFGYR1A.json; minutes_of_trident_conference_01KPT989RHJCGB6QNARFXXPQ7K.json,0,
Leaflet Shell--Algiers,https://www.eisenhowerlibrary.gov/sites/default/files/research/subject-guides/pdf/north-african-campaign.pdf,,"HODGES, COURTNEY HICKS: Papers, 1904-65 Box 31",North African Campaign (Subject Guide),3,meetings_at_algiers_between_churchill_marshall_eisenhower_and_others_29_and_31_m_01KQ661Y58YA3665B36XBZ642B.json; min_of_trident_conf_01KQ66201N0XKS2GSP9PFGYR1A.json; minutes_of_trident_conference_01KPT989RHJCGB6QNARFXXPQ7K.json,0,
"Linen, James--Algiers [OWI personnel and activities in N. Africa and",https://www.eisenhowerlibrary.gov/sites/default/files/research/subject-guides/pdf/north-african-campaign.pdf,,"HODGES, COURTNEY HICKS: Papers, 1904-65 Box 31",North African Campaign (Subject Guide),12,cos_44_5th_mtg_o_7_jan_44_01KPTACG03MF8E50PDEB4W5XC5.json; meetings_at_algiers_between_churchill_marshall_eisenhower_and_others_29_and_31_m_01KQ661Y58YA3665B36XBZ642B.json; min_of_trident_conf_01KQ66201N0XKS2GSP9PFGYR1A.json; minutes_of_trident_conference_01KPT989RHJCGB6QNARFXXPQ7K.json; a_history_of_the_second_united_states_armored_division_01KTC6TXE50NV5RV9J4CCJD22P.json,0,
London--Algiers (1)-(3) [PWB personnel and operations in N. Africa],https://www.eisenhowerlibrary.gov/sites/default/files/research/subject-guides/pdf/north-african-campaign.pdf,,"HODGES, COURTNEY HICKS: Papers, 1904-65 Box 31",North African Campaign (Subject Guide),12,cos_44_5th_mtg_o_7_jan_44_01KPTACG03MF8E50PDEB4W5XC5.json; meetings_at_algiers_between_churchill_marshall_eisenhower_and_others_29_and_31_m_01KQ661Y58YA3665B36XBZ642B.json; min_of_trident_conf_01KQ66201N0XKS2GSP9PFGYR1A.json; minutes_of_trident_conference_01KPT989RHJCGB6QNARFXXPQ7K.json; a_history_of_the_second_united_states_armored_division_01KTC6TXE50NV5RV9J4CCJD22P.json,0,
"Lyon, Fred--Algiers [PWB in N. Africa; OWI]",https://www.eisenhowerlibrary.gov/sites/default/files/research/subject-guides/pdf/north-african-campaign.pdf,,"HODGES, COURTNEY HICKS: Papers, 1904-65 Box 31",North African Campaign (Subject Guide),12,cos_44_5th_mtg_o_7_jan_44_01KPTACG03MF8E50PDEB4W5XC5.json; meetings_at_algiers_between_churchill_marshall_eisenhower_and_others_29_and_31_m_01KQ661Y58YA3665B36XBZ642B.json; min_of_trident_conf_01KQ66201N0XKS2GSP9PFGYR1A.json; minutes_of_trident_conference_01KPT989RHJCGB6QNARFXXPQ7K.json; a_history_of_the_second_united_states_armored_division_01KTC6TXE50NV5RV9J4CCJD22P.json,0,
Middle East--Algiers,https://www.eisenhowerlibrary.gov/sites/default/files/research/subject-guides/pdf/north-african-campaign.pdf,,"HODGES, COURTNEY HICKS: Papers, 1904-65 Box 31",North African Campaign (Subject Guide),3,meetings_at_algiers_between_churchill_marshall_eisenhower_and_others_29_and_31_m_01KQ661Y58YA3665B36XBZ642B.json; min_of_trident_conf_01KQ66201N0XKS2GSP9PFGYR1A.json; minutes_of_trident_conference_01KPT989RHJCGB6QNARFXXPQ7K.json,0,
OWI-USA--London (1)(2) [Cairo; N. Africa],https://www.eisenhowerlibrary.gov/sites/default/files/research/subject-guides/pdf/north-african-campaign.pdf,,"HODGES, COURTNEY HICKS: Papers, 1904-65 Box 31",North African Campaign (Subject Guide),9,cos_44_5th_mtg_o_7_jan_44_01KPTACG03MF8E50PDEB4W5XC5.json; a_history_of_the_second_united_states_armored_division_01KTC6TXE50NV5RV9J4CCJD22P.json; ch_i_01KQ663BC560ZY6C8AQKGCD1JE.json; a_history_of_the_second_united_states_armored_division_01KTACETX1WEW4BZEBHEHX565D.json; general_krueger_report_01KRSWWNXWFXBX6BK5CRG08Q16.json,0,
"Parker, Robert--Algiers",https://www.eisenhowerlibrary.gov/sites/default/files/research/subject-guides/pdf/north-african-campaign.pdf,,"HODGES, COURTNEY HICKS: Papers, 1904-65 Box 31",North African Campaign (Subject Guide),3,meetings_at_algiers_between_churchill_marshall_eisenhower_and_others_29_and_31_m_01KQ661Y58YA3665B36XBZ642B.json; min_of_trident_conf_01KQ66201N0XKS2GSP9PFGYR1A.json; minutes_of_trident_conference_01KPT989RHJCGB6QNARFXXPQ7K.json,0,
PWB-AFHQ--Paris (1)-(4) [PWB operations in Italy and North Africa],https://www.eisenhowerlibrary.gov/sites/default/files/research/subject-guides/pdf/north-african-campaign.pdf,,"HODGES, COURTNEY HICKS: Papers, 1904-65 Box 31",North African Campaign (Subject Guide),9,cos_44_5th_mtg_o_7_jan_44_01KPTACG03MF8E50PDEB4W5XC5.json; a_history_of_the_second_united_states_armored_division_01KTC6TXE50NV5RV9J4CCJD22P.json; ch_i_01KQ663BC560ZY6C8AQKGCD1JE.json; a_history_of_the_second_united_states_armored_division_01KTACETX1WEW4BZEBHEHX565D.json; general_krueger_report_01KRSWWNXWFXBX6BK5CRG08Q16.json,0,
PWE--Algiers (1)(2),https://www.eisenhowerlibrary.gov/sites/default/files/research/subject-guides/pdf/north-african-campaign.pdf,,"HODGES, COURTNEY HICKS: Papers, 1904-65 Box 31",North African Campaign (Subject Guide),3,meetings_at_algiers_between_churchill_marshall_eisenhower_and_others_29_and_31_m_01KQ661Y58YA3665B36XBZ642B.json; min_of_trident_conf_01KQ66201N0XKS2GSP9PFGYR1A.json; minutes_of_trident_conference_01KPT989RHJCGB6QNARFXXPQ7K.json,0,
"Sherwood, Robert--Algiers [cross reference sheet only]",https://www.eisenhowerlibrary.gov/sites/default/files/research/subject-guides/pdf/north-african-campaign.pdf,,"HODGES, COURTNEY HICKS: Papers, 1904-65 Box 31",North African Campaign (Subject Guide),3,meetings_at_algiers_between_churchill_marshall_eisenhower_and_others_29_and_31_m_01KQ661Y58YA3665B36XBZ642B.json; min_of_trident_conf_01KQ66201N0XKS2GSP9PFGYR1A.json; minutes_of_trident_conference_01KPT989RHJCGB6QNARFXXPQ7K.json,0,
"operations in N. Africa, the Balkans, and Italy; cartoons; Middle East;",https://www.eisenhowerlibrary.gov/sites/default/files/research/subject-guides/pdf/north-african-campaign.pdf,,"HODGES, COURTNEY HICKS: Papers, 1904-65 Box 31",North African Campaign (Subject Guide),9,cos_44_5th_mtg_o_7_jan_44_01KPTACG03MF8E50PDEB4W5XC5.json; a_history_of_the_second_united_states_armored_division_01KTC6TXE50NV5RV9J4CCJD22P.json; ch_i_01KQ663BC560ZY6C8AQKGCD1JE.json; a_history_of_the_second_united_states_armored_division_01KTACETX1WEW4BZEBHEHX565D.json; general_krueger_report_01KRSWWNXWFXBX6BK5CRG08Q16.json,0,
Allied propaganda in N. Africa; intelligence material],https://www.eisenhowerlibrary.gov/sites/default/files/research/subject-guides/pdf/north-african-campaign.pdf,,"HODGES, COURTNEY HICKS: Papers, 1904-65 Box 31",North African Campaign (Subject Guide),9,cos_44_5th_mtg_o_7_jan_44_01KPTACG03MF8E50PDEB4W5XC5.json; a_history_of_the_second_united_states_armored_division_01KTC6TXE50NV5RV9J4CCJD22P.json; ch_i_01KQ663BC560ZY6C8AQKGCD1JE.json; a_history_of_the_second_united_states_armored_division_01KTACETX1WEW4BZEBHEHX565D.json; general_krueger_report_01KRSWWNXWFXBX6BK5CRG08Q16.json,0,
Africa; visit by U.S. senators to N. Africa],https://www.eisenhowerlibrary.gov/sites/default/files/research/subject-guides/pdf/north-african-campaign.pdf,,"HODGES, COURTNEY HICKS: Papers, 1904-65 Box 31",North African Campaign (Subject Guide),9,cos_44_5th_mtg_o_7_jan_44_01KPTACG03MF8E50PDEB4W5XC5.json; a_history_of_the_second_united_states_armored_division_01KTC6TXE50NV5RV9J4CCJD22P.json; ch_i_01KQ663BC560ZY6C8AQKGCD1JE.json; a_history_of_the_second_united_states_armored_division_01KTACETX1WEW4BZEBHEHX565D.json; general_krueger_report_01KRSWWNXWFXBX6BK5CRG08Q16.json,0,
Personal Government (1)(2) [assignment in N. Africa; role in operations,https://www.eisenhowerlibrary.gov/sites/default/files/research/subject-guides/pdf/north-african-campaign.pdf,,"HODGES, COURTNEY HICKS: Papers, 1904-65 Box 31",North African Campaign (Subject Guide),9,cos_44_5th_mtg_o_7_jan_44_01KPTACG03MF8E50PDEB4W5XC5.json; a_history_of_the_second_united_states_armored_division_01KTC6TXE50NV5RV9J4CCJD22P.json; ch_i_01KQ663BC560ZY6C8AQKGCD1JE.json; a_history_of_the_second_united_states_armored_division_01KTACETX1WEW4BZEBHEHX565D.json; general_krueger_report_01KRSWWNXWFXBX6BK5CRG08Q16.json,0,
Personal Correspondence (1)-(6) [psych warfare in N. Africa and Italy],https://www.eisenhowerlibrary.gov/sites/default/files/research/subject-guides/pdf/north-african-campaign.pdf,,"HODGES, COURTNEY HICKS: Papers, 1904-65 Box 31",North African Campaign (Subject Guide),9,cos_44_5th_mtg_o_7_jan_44_01KPTACG03MF8E50PDEB4W5XC5.json; a_history_of_the_second_united_states_armored_division_01KTC6TXE50NV5RV9J4CCJD22P.json; ch_i_01KQ663BC560ZY6C8AQKGCD1JE.json; a_history_of_the_second_united_states_armored_division_01KTACETX1WEW4BZEBHEHX565D.json; general_krueger_report_01KRSWWNXWFXBX6BK5CRG08Q16.json,0,
"Addresses, Africa-Paris (1)-(3)",https://www.eisenhowerlibrary.gov/sites/default/files/research/subject-guides/pdf/north-african-campaign.pdf,,"HODGES, COURTNEY HICKS: Papers, 1904-65 Box 31",North African Campaign (Subject Guide),9,cos_44_5th_mtg_o_7_jan_44_01KPTACG03MF8E50PDEB4W5XC5.json; a_history_of_the_second_united_states_armored_division_01KTC6TXE50NV5RV9J4CCJD22P.json; ch_i_01KQ663BC560ZY6C8AQKGCD1JE.json; a_history_of_the_second_united_states_armored_division_01KTACETX1WEW4BZEBHEHX565D.json; general_krueger_report_01KRSWWNXWFXBX6BK5CRG08Q16.json,0,
Casablanca [U.S.-French relations],https://www.eisenhowerlibrary.gov/sites/default/files/research/subject-guides/pdf/north-african-campaign.pdf,,"HODGES, COURTNEY HICKS: Papers, 1904-65 Box 31",North African Campaign (Subject Guide),16,ccs_56th_mtg_14_jan_43_01KPT6SHVNEYQB346DARHTT0PH.json; ccs_55th_meeting_minutes_14_january_1943_01KPT6RW6F0EDS7SPFQSF9FD8B.json; cos_43_105_0_final_01KPT6YR2B9DEYN5BZ2377GZD5.json; annex_to_3d_br_cos_casablanca_mtg_01KQ659CXKBD31KQX1GCG37VC8.json; note_by_minister_of_defence_01KPT6RY1DEAM56SV56GDMWDPJ.json,0,
"Eisenhower, General (1)(2) [work of PWB & OWI in N. Africa; Allied",https://www.eisenhowerlibrary.gov/sites/default/files/research/subject-guides/pdf/north-african-campaign.pdf,,"HODGES, COURTNEY HICKS: Papers, 1904-65 Box 31",North African Campaign (Subject Guide),9,cos_44_5th_mtg_o_7_jan_44_01KPTACG03MF8E50PDEB4W5XC5.json; a_history_of_the_second_united_states_armored_division_01KTC6TXE50NV5RV9J4CCJD22P.json; ch_i_01KQ663BC560ZY6C8AQKGCD1JE.json; a_history_of_the_second_united_states_armored_division_01KTACETX1WEW4BZEBHEHX565D.json; general_krueger_report_01KRSWWNXWFXBX6BK5CRG08Q16.json,0,
"Frantz, Jules [Sicily and N. Africa]",https://www.eisenhowerlibrary.gov/sites/default/files/research/subject-guides/pdf/north-african-campaign.pdf,,"HODGES, COURTNEY HICKS: Papers, 1904-65 Box 31",North African Campaign (Subject Guide),9,cos_44_5th_mtg_o_7_jan_44_01KPTACG03MF8E50PDEB4W5XC5.json; a_history_of_the_second_united_states_armored_division_01KTC6TXE50NV5RV9J4CCJD22P.json; ch_i_01KQ663BC560ZY6C8AQKGCD1JE.json; a_history_of_the_second_united_states_armored_division_01KTACETX1WEW4BZEBHEHX565D.json; general_krueger_report_01KRSWWNXWFXBX6BK5CRG08Q16.json,0,
Africa; need for radio jamming equipment],https://www.eisenhowerlibrary.gov/sites/default/files/research/subject-guides/pdf/north-african-campaign.pdf,,"HODGES, COURTNEY HICKS: Papers, 1904-65 Box 31",North African Campaign (Subject Guide),9,cos_44_5th_mtg_o_7_jan_44_01KPTACG03MF8E50PDEB4W5XC5.json; a_history_of_the_second_united_states_armored_division_01KTC6TXE50NV5RV9J4CCJD22P.json; ch_i_01KQ663BC560ZY6C8AQKGCD1JE.json; a_history_of_the_second_united_states_armored_division_01KTACETX1WEW4BZEBHEHX565D.json; general_krueger_report_01KRSWWNXWFXBX6BK5CRG08Q16.json,0,
operations in Italy and N. Africa],https://www.eisenhowerlibrary.gov/sites/default/files/research/subject-guides/pdf/north-african-campaign.pdf,,"HODGES, COURTNEY HICKS: Papers, 1904-65 Box 31",North African Campaign (Subject Guide),9,cos_44_5th_mtg_o_7_jan_44_01KPTACG03MF8E50PDEB4W5XC5.json; a_history_of_the_second_united_states_armored_division_01KTC6TXE50NV5RV9J4CCJD22P.json; ch_i_01KQ663BC560ZY6C8AQKGCD1JE.json; a_history_of_the_second_united_states_armored_division_01KTACETX1WEW4BZEBHEHX565D.json; general_krueger_report_01KRSWWNXWFXBX6BK5CRG08Q16.json,0,
"Inter-Office ""D"" Section (1)-(3) [provisional assembly in Algiers]",https://www.eisenhowerlibrary.gov/sites/default/files/research/subject-guides/pdf/north-african-campaign.pdf,,"HODGES, COURTNEY HICKS: Papers, 1904-65 Box 31",North African Campaign (Subject Guide),3,meetings_at_algiers_between_churchill_marshall_eisenhower_and_others_29_and_31_m_01KQ661Y58YA3665B36XBZ642B.json; min_of_trident_conf_01KQ66201N0XKS2GSP9PFGYR1A.json; minutes_of_trident_conference_01KPT989RHJCGB6QNARFXXPQ7K.json,0,
Inter-Office Film (1)-(3) [PWB N. Africa film activities],https://www.eisenhowerlibrary.gov/sites/default/files/research/subject-guides/pdf/north-african-campaign.pdf,,"HODGES, COURTNEY HICKS: Papers, 1904-65 Box 31",North African Campaign (Subject Guide),9,cos_44_5th_mtg_o_7_jan_44_01KPTACG03MF8E50PDEB4W5XC5.json; a_history_of_the_second_united_states_armored_division_01KTC6TXE50NV5RV9J4CCJD22P.json; ch_i_01KQ663BC560ZY6C8AQKGCD1JE.json; a_history_of_the_second_united_states_armored_division_01KTACETX1WEW4BZEBHEHX565D.json; general_krueger_report_01KRSWWNXWFXBX6BK5CRG08Q16.json,0,
Inter-Office Hamilton [French political situation in N. Africa],https://www.eisenhowerlibrary.gov/sites/default/files/research/subject-guides/pdf/north-african-campaign.pdf,,"HODGES, COURTNEY HICKS: Papers, 1904-65 Box 31",North African Campaign (Subject Guide),9,cos_44_5th_mtg_o_7_jan_44_01KPTACG03MF8E50PDEB4W5XC5.json; a_history_of_the_second_united_states_armored_division_01KTC6TXE50NV5RV9J4CCJD22P.json; ch_i_01KQ663BC560ZY6C8AQKGCD1JE.json; a_history_of_the_second_united_states_armored_division_01KTACETX1WEW4BZEBHEHX565D.json; general_krueger_report_01KRSWWNXWFXBX6BK5CRG08Q16.json,0,
Inter-Office Radio Technical (1)-(3) [N. Africa],https://www.eisenhowerlibrary.gov/sites/default/files/research/subject-guides/pdf/north-african-campaign.pdf,,"HODGES, COURTNEY HICKS: Papers, 1904-65 Box 31",North African Campaign (Subject Guide),9,cos_44_5th_mtg_o_7_jan_44_01KPTACG03MF8E50PDEB4W5XC5.json; a_history_of_the_second_united_states_armored_division_01KTC6TXE50NV5RV9J4CCJD22P.json; ch_i_01KQ663BC560ZY6C8AQKGCD1JE.json; a_history_of_the_second_united_states_armored_division_01KTACETX1WEW4BZEBHEHX565D.json; general_krueger_report_01KRSWWNXWFXBX6BK5CRG08Q16.json,0,
Madrid [N. Africa radio photo service],https://www.eisenhowerlibrary.gov/sites/default/files/research/subject-guides/pdf/north-african-campaign.pdf,,"HODGES, COURTNEY HICKS: Papers, 1904-65 Box 31",North African Campaign (Subject Guide),9,cos_44_5th_mtg_o_7_jan_44_01KPTACG03MF8E50PDEB4W5XC5.json; a_history_of_the_second_united_states_armored_division_01KTC6TXE50NV5RV9J4CCJD22P.json; ch_i_01KQ663BC560ZY6C8AQKGCD1JE.json; a_history_of_the_second_united_states_armored_division_01KTACETX1WEW4BZEBHEHX565D.json; general_krueger_report_01KRSWWNXWFXBX6BK5CRG08Q16.json,0,
Middle East Broadcasting Coordinating Board [N. Africa radio facilities],https://www.eisenhowerlibrary.gov/sites/default/files/research/subject-guides/pdf/north-african-campaign.pdf,,"HODGES, COURTNEY HICKS: Papers, 1904-65 Box 31",North African Campaign (Subject Guide),9,cos_44_5th_mtg_o_7_jan_44_01KPTACG03MF8E50PDEB4W5XC5.json; a_history_of_the_second_united_states_armored_division_01KTC6TXE50NV5RV9J4CCJD22P.json; ch_i_01KQ663BC560ZY6C8AQKGCD1JE.json; a_history_of_the_second_united_states_armored_division_01KTACETX1WEW4BZEBHEHX565D.json; general_krueger_report_01KRSWWNXWFXBX6BK5CRG08Q16.json,0,
"Mobile Units [mobile radio units in N. Africa-schedules, equipment, and",https://www.eisenhowerlibrary.gov/sites/default/files/research/subject-guides/pdf/north-african-campaign.pdf,,"HODGES, COURTNEY HICKS: Papers, 1904-65 Box 31",North African Campaign (Subject Guide),9,cos_44_5th_mtg_o_7_jan_44_01KPTACG03MF8E50PDEB4W5XC5.json; a_history_of_the_second_united_states_armored_division_01KTC6TXE50NV5RV9J4CCJD22P.json; ch_i_01KQ663BC560ZY6C8AQKGCD1JE.json; a_history_of_the_second_united_states_armored_division_01KTACETX1WEW4BZEBHEHX565D.json; general_krueger_report_01KRSWWNXWFXBX6BK5CRG08Q16.json,0,
Africa; PWB in Morocco; N. Africa psych warfare operations; Algiers],https://www.eisenhowerlibrary.gov/sites/default/files/research/subject-guides/pdf/north-african-campaign.pdf,,"HODGES, COURTNEY HICKS: Papers, 1904-65 Box 31",North African Campaign (Subject Guide),12,cos_44_5th_mtg_o_7_jan_44_01KPTACG03MF8E50PDEB4W5XC5.json; meetings_at_algiers_between_churchill_marshall_eisenhower_and_others_29_and_31_m_01KQ661Y58YA3665B36XBZ642B.json; min_of_trident_conf_01KQ66201N0XKS2GSP9PFGYR1A.json; minutes_of_trident_conference_01KPT989RHJCGB6QNARFXXPQ7K.json; a_history_of_the_second_united_states_armored_division_01KTC6TXE50NV5RV9J4CCJD22P.json,0,
Senators [U.S. senators visit N. Africa; OWI-PWB operations and,https://www.eisenhowerlibrary.gov/sites/default/files/research/subject-guides/pdf/north-african-campaign.pdf,,"HODGES, COURTNEY HICKS: Papers, 1904-65 Box 31",North African Campaign (Subject Guide),9,cos_44_5th_mtg_o_7_jan_44_01KPTACG03MF8E50PDEB4W5XC5.json; a_history_of_the_second_united_states_armored_division_01KTC6TXE50NV5RV9J4CCJD22P.json; ch_i_01KQ663BC560ZY6C8AQKGCD1JE.json; a_history_of_the_second_united_states_armored_division_01KTACETX1WEW4BZEBHEHX565D.json; general_krueger_report_01KRSWWNXWFXBX6BK5CRG08Q16.json,0,
organization in N. Africa],https://www.eisenhowerlibrary.gov/sites/default/files/research/subject-guides/pdf/north-african-campaign.pdf,,"HODGES, COURTNEY HICKS: Papers, 1904-65 Box 31",North African Campaign (Subject Guide),9,cos_44_5th_mtg_o_7_jan_44_01KPTACG03MF8E50PDEB4W5XC5.json; a_history_of_the_second_united_states_armored_division_01KTC6TXE50NV5RV9J4CCJD22P.json; ch_i_01KQ663BC560ZY6C8AQKGCD1JE.json; a_history_of_the_second_united_states_armored_division_01KTACETX1WEW4BZEBHEHX565D.json; general_krueger_report_01KRSWWNXWFXBX6BK5CRG08Q16.json,0,
Survey (1)-(6) [PWB occupation work in N. Africa and Sicily],https://www.eisenhowerlibrary.gov/sites/default/files/research/subject-guides/pdf/north-african-campaign.pdf,,"HODGES, COURTNEY HICKS: Papers, 1904-65 Box 31",North African Campaign (Subject Guide),9,cos_44_5th_mtg_o_7_jan_44_01KPTACG03MF8E50PDEB4W5XC5.json; a_history_of_the_second_united_states_armored_division_01KTC6TXE50NV5RV9J4CCJD22P.json; ch_i_01KQ663BC560ZY6C8AQKGCD1JE.json; a_history_of_the_second_united_states_armored_division_01KTACETX1WEW4BZEBHEHX565D.json; general_krueger_report_01KRSWWNXWFXBX6BK5CRG08Q16.json,0,
"Tyler, William [PWB, Casablanca]",https://www.eisenhowerlibrary.gov/sites/default/files/research/subject-guides/pdf/north-african-campaign.pdf,,"HODGES, COURTNEY HICKS: Papers, 1904-65 Box 31",North African Campaign (Subject Guide),16,ccs_56th_mtg_14_jan_43_01KPT6SHVNEYQB346DARHTT0PH.json; ccs_55th_meeting_minutes_14_january_1943_01KPT6RW6F0EDS7SPFQSF9FD8B.json; cos_43_105_0_final_01KPT6YR2B9DEYN5BZ2377GZD5.json; annex_to_3d_br_cos_casablanca_mtg_01KQ659CXKBD31KQX1GCG37VC8.json; note_by_minister_of_defence_01KPT6RY1DEAM56SV56GDMWDPJ.json,0,
"Baker, Edgar [Communist threat in Africa, Near East]",https://www.eisenhowerlibrary.gov/sites/default/files/research/subject-guides/pdf/north-african-campaign.pdf,,"HODGES, COURTNEY HICKS: Papers, 1904-65 Box 31",North African Campaign (Subject Guide),9,cos_44_5th_mtg_o_7_jan_44_01KPTACG03MF8E50PDEB4W5XC5.json; a_history_of_the_second_united_states_armored_division_01KTC6TXE50NV5RV9J4CCJD22P.json; ch_i_01KQ663BC560ZY6C8AQKGCD1JE.json; a_history_of_the_second_united_states_armored_division_01KTACETX1WEW4BZEBHEHX565D.json; general_krueger_report_01KRSWWNXWFXBX6BK5CRG08Q16.json,0,
"U.N. Misc., 9th General Assembly, 1954 (3)-(7) [N. Africa, Algeria]",https://www.eisenhowerlibrary.gov/sites/default/files/research/subject-guides/pdf/north-african-campaign.pdf,,"HODGES, COURTNEY HICKS: Papers, 1904-65 Box 107",North African Campaign (Subject Guide),9,cos_44_5th_mtg_o_7_jan_44_01KPTACG03MF8E50PDEB4W5XC5.json; a_history_of_the_second_united_states_armored_division_01KTC6TXE50NV5RV9J4CCJD22P.json; ch_i_01KQ663BC560ZY6C8AQKGCD1JE.json; a_history_of_the_second_united_states_armored_division_01KTACETX1WEW4BZEBHEHX565D.json; general_krueger_report_01KRSWWNXWFXBX6BK5CRG08Q16.json,0,
for North Africa],https://www.eisenhowerlibrary.gov/sites/default/files/research/subject-guides/pdf/north-african-campaign.pdf,,"HODGES, COURTNEY HICKS: Papers, 1904-65 Box 15",North African Campaign (Subject Guide),9,cos_44_5th_mtg_o_7_jan_44_01KPTACG03MF8E50PDEB4W5XC5.json; a_history_of_the_second_united_states_armored_division_01KTC6TXE50NV5RV9J4CCJD22P.json; ch_i_01KQ663BC560ZY6C8AQKGCD1JE.json; a_history_of_the_second_united_states_armored_division_01KTACETX1WEW4BZEBHEHX565D.json; general_krueger_report_01KRSWWNXWFXBX6BK5CRG08Q16.json,0,
[broadcasts to Near East; North Africa],https://www.eisenhowerlibrary.gov/sites/default/files/research/subject-guides/pdf/north-african-campaign.pdf,,"HODGES, COURTNEY HICKS: Papers, 1904-65 Box 16",North African Campaign (Subject Guide),9,cos_44_5th_mtg_o_7_jan_44_01KPTACG03MF8E50PDEB4W5XC5.json; a_history_of_the_second_united_states_armored_division_01KTC6TXE50NV5RV9J4CCJD22P.json; ch_i_01KQ663BC560ZY6C8AQKGCD1JE.json; a_history_of_the_second_united_states_armored_division_01KTACETX1WEW4BZEBHEHX565D.json; general_krueger_report_01KRSWWNXWFXBX6BK5CRG08Q16.json,0,
his observations on peoples and places including Casablanca],https://www.eisenhowerlibrary.gov/sites/default/files/research/subject-guides/pdf/north-african-campaign.pdf,,"HODGES, COURTNEY HICKS: Papers, 1904-65 Box 19",North African Campaign (Subject Guide),16,ccs_56th_mtg_14_jan_43_01KPT6SHVNEYQB346DARHTT0PH.json; ccs_55th_meeting_minutes_14_january_1943_01KPT6RW6F0EDS7SPFQSF9FD8B.json; cos_43_105_0_final_01KPT6YR2B9DEYN5BZ2377GZD5.json; annex_to_3d_br_cos_casablanca_mtg_01KQ659CXKBD31KQX1GCG37VC8.json; note_by_minister_of_defence_01KPT6RY1DEAM56SV56GDMWDPJ.json,0,
Messages 1941-1945 – CIG Archives [North Africa],https://www.eisenhowerlibrary.gov/sites/default/files/research/subject-guides/pdf/north-african-campaign.pdf,,"HODGES, COURTNEY HICKS: Papers, 1904-65 Box 19",North African Campaign (Subject Guide),9,cos_44_5th_mtg_o_7_jan_44_01KPTACG03MF8E50PDEB4W5XC5.json; a_history_of_the_second_united_states_armored_division_01KTC6TXE50NV5RV9J4CCJD22P.json; ch_i_01KQ663BC560ZY6C8AQKGCD1JE.json; a_history_of_the_second_united_states_armored_division_01KTACETX1WEW4BZEBHEHX565D.json; general_krueger_report_01KRSWWNXWFXBX6BK5CRG08Q16.json,0,
"Messages 1941-1945 – State Department-OWI Historian File [Africa,",https://www.eisenhowerlibrary.gov/sites/default/files/research/subject-guides/pdf/north-african-campaign.pdf,,"HODGES, COURTNEY HICKS: Papers, 1904-65 Box 19",North African Campaign (Subject Guide),9,cos_44_5th_mtg_o_7_jan_44_01KPTACG03MF8E50PDEB4W5XC5.json; a_history_of_the_second_united_states_armored_division_01KTC6TXE50NV5RV9J4CCJD22P.json; ch_i_01KQ663BC560ZY6C8AQKGCD1JE.json; a_history_of_the_second_united_states_armored_division_01KTACETX1WEW4BZEBHEHX565D.json; general_krueger_report_01KRSWWNXWFXBX6BK5CRG08Q16.json,0,
Messages 1942 [psychological warfare for North Africa],https://www.eisenhowerlibrary.gov/sites/default/files/research/subject-guides/pdf/north-african-campaign.pdf,,"HODGES, COURTNEY HICKS: Papers, 1904-65 Box 19",North African Campaign (Subject Guide),9,cos_44_5th_mtg_o_7_jan_44_01KPTACG03MF8E50PDEB4W5XC5.json; a_history_of_the_second_united_states_armored_division_01KTC6TXE50NV5RV9J4CCJD22P.json; ch_i_01KQ663BC560ZY6C8AQKGCD1JE.json; a_history_of_the_second_united_states_armored_division_01KTACETX1WEW4BZEBHEHX565D.json; general_krueger_report_01KRSWWNXWFXBX6BK5CRG08Q16.json,0,
Messages 1942 – Torch [personnel needs; leaflets to be distributed in,https://www.eisenhowerlibrary.gov/sites/default/files/research/subject-guides/pdf/north-african-campaign.pdf,,"HODGES, COURTNEY HICKS: Papers, 1904-65 Box 20",North African Campaign (Subject Guide),23,torch_01KPVZ4Z9C3SRVEJCJM5ACARPE.json; cbl_to_eisenhower_6_aug_42_draft_in_memo_handy_for_classified_mc_01KQ64XM9DA0RYS7BHHJRVWWKV.json; notes_of_a_conference_held_at_the_white_house_at_830_pm_july_30_1942_01KPT6HDB14AJS642G511P2AJ1.json; memorandum_for_wd_classified_mc_commander_for_torch_01KPVZ4XX941T9WPEGJTYTETB3.json; torch_and_the_european_theater_of_operations_the_administrative_and_logistical_h_01KPVZQ8EKR6TF67YZ2SQNHGSP.json,0,
Torch area; outline propaganda plan for South America in connection with,https://www.eisenhowerlibrary.gov/sites/default/files/research/subject-guides/pdf/north-african-campaign.pdf,,"HODGES, COURTNEY HICKS: Papers, 1904-65 Box 20",North African Campaign (Subject Guide),23,torch_01KPVZ4Z9C3SRVEJCJM5ACARPE.json; cbl_to_eisenhower_6_aug_42_draft_in_memo_handy_for_classified_mc_01KQ64XM9DA0RYS7BHHJRVWWKV.json; notes_of_a_conference_held_at_the_white_house_at_830_pm_july_30_1942_01KPT6HDB14AJS642G511P2AJ1.json; memorandum_for_wd_classified_mc_commander_for_torch_01KPVZ4XX941T9WPEGJTYTETB3.json; torch_and_the_european_theater_of_operations_the_administrative_and_logistical_h_01KPVZQ8EKR6TF67YZ2SQNHGSP.json,0,
Torch; broadcast transmitter; Admiral Darlan and General Giraud],https://www.eisenhowerlibrary.gov/sites/default/files/research/subject-guides/pdf/north-african-campaign.pdf,,"HODGES, COURTNEY HICKS: Papers, 1904-65 Box 20",North African Campaign (Subject Guide),23,torch_01KPVZ4Z9C3SRVEJCJM5ACARPE.json; cbl_to_eisenhower_6_aug_42_draft_in_memo_handy_for_classified_mc_01KQ64XM9DA0RYS7BHHJRVWWKV.json; notes_of_a_conference_held_at_the_white_house_at_830_pm_july_30_1942_01KPT6HDB14AJS642G511P2AJ1.json; memorandum_for_wd_classified_mc_commander_for_torch_01KPVZ4XX941T9WPEGJTYTETB3.json; torch_and_the_european_theater_of_operations_the_administrative_and_logistical_h_01KPVZQ8EKR6TF67YZ2SQNHGSP.json,0,
Messages 1943 – Algiers Outpost (1) – (4) [broadcasting; personnel;,https://www.eisenhowerlibrary.gov/sites/default/files/research/subject-guides/pdf/north-african-campaign.pdf,,"HODGES, COURTNEY HICKS: Papers, 1904-65 Box 20",North African Campaign (Subject Guide),3,meetings_at_algiers_between_churchill_marshall_eisenhower_and_others_29_and_31_m_01KQ661Y58YA3665B36XBZ642B.json; min_of_trident_conf_01KQ66201N0XKS2GSP9PFGYR1A.json; minutes_of_trident_conference_01KPT989RHJCGB6QNARFXXPQ7K.json,0,
North African newsreel],https://www.eisenhowerlibrary.gov/sites/default/files/research/subject-guides/pdf/north-african-campaign.pdf,,"HODGES, COURTNEY HICKS: Papers, 1904-65 Box 20",North African Campaign (Subject Guide),9,cos_44_5th_mtg_o_7_jan_44_01KPTACG03MF8E50PDEB4W5XC5.json; a_history_of_the_second_united_states_armored_division_01KTC6TXE50NV5RV9J4CCJD22P.json; ch_i_01KQ663BC560ZY6C8AQKGCD1JE.json; a_history_of_the_second_united_states_armored_division_01KTACETX1WEW4BZEBHEHX565D.json; general_krueger_report_01KRSWWNXWFXBX6BK5CRG08Q16.json,0,
Messages 1943 – Censorship [Allied censorship policy in North Africa],https://www.eisenhowerlibrary.gov/sites/default/files/research/subject-guides/pdf/north-african-campaign.pdf,,"HODGES, COURTNEY HICKS: Papers, 1904-65 Box 20",North African Campaign (Subject Guide),9,cos_44_5th_mtg_o_7_jan_44_01KPTACG03MF8E50PDEB4W5XC5.json; a_history_of_the_second_united_states_armored_division_01KTC6TXE50NV5RV9J4CCJD22P.json; ch_i_01KQ663BC560ZY6C8AQKGCD1JE.json; a_history_of_the_second_united_states_armored_division_01KTACETX1WEW4BZEBHEHX565D.json; general_krueger_report_01KRSWWNXWFXBX6BK5CRG08Q16.json,0,
North Africa; Lebanon],https://www.eisenhowerlibrary.gov/sites/default/files/research/subject-guides/pdf/north-african-campaign.pdf,,"HODGES, COURTNEY HICKS: Papers, 1904-65 Box 20",North African Campaign (Subject Guide),9,cos_44_5th_mtg_o_7_jan_44_01KPTACG03MF8E50PDEB4W5XC5.json; a_history_of_the_second_united_states_armored_division_01KTC6TXE50NV5RV9J4CCJD22P.json; ch_i_01KQ663BC560ZY6C8AQKGCD1JE.json; a_history_of_the_second_united_states_armored_division_01KTACETX1WEW4BZEBHEHX565D.json; general_krueger_report_01KRSWWNXWFXBX6BK5CRG08Q16.json,0,
Messages 1943 – France [French press in Algiers],https://www.eisenhowerlibrary.gov/sites/default/files/research/subject-guides/pdf/north-african-campaign.pdf,,"HODGES, COURTNEY HICKS: Papers, 1904-65 Box 20",North African Campaign (Subject Guide),3,meetings_at_algiers_between_churchill_marshall_eisenhower_and_others_29_and_31_m_01KQ661Y58YA3665B36XBZ642B.json; min_of_trident_conf_01KQ66201N0XKS2GSP9PFGYR1A.json; minutes_of_trident_conference_01KPT989RHJCGB6QNARFXXPQ7K.json,0,
Messages 1943 – News File [news operations in North Africa; Middle,https://www.eisenhowerlibrary.gov/sites/default/files/research/subject-guides/pdf/north-african-campaign.pdf,,"HODGES, COURTNEY HICKS: Papers, 1904-65 Box 21",North African Campaign (Subject Guide),9,cos_44_5th_mtg_o_7_jan_44_01KPTACG03MF8E50PDEB4W5XC5.json; a_history_of_the_second_united_states_armored_division_01KTC6TXE50NV5RV9J4CCJD22P.json; ch_i_01KQ663BC560ZY6C8AQKGCD1JE.json; a_history_of_the_second_united_states_armored_division_01KTACETX1WEW4BZEBHEHX565D.json; general_krueger_report_01KRSWWNXWFXBX6BK5CRG08Q16.json,0,
Messages 1943 – North Africa [General Eisenhower and problems with,https://www.eisenhowerlibrary.gov/sites/default/files/research/subject-guides/pdf/north-african-campaign.pdf,,"HODGES, COURTNEY HICKS: Papers, 1904-65 Box 21",North African Campaign (Subject Guide),9,cos_44_5th_mtg_o_7_jan_44_01KPTACG03MF8E50PDEB4W5XC5.json; a_history_of_the_second_united_states_armored_division_01KTC6TXE50NV5RV9J4CCJD22P.json; ch_i_01KQ663BC560ZY6C8AQKGCD1JE.json; a_history_of_the_second_united_states_armored_division_01KTACETX1WEW4BZEBHEHX565D.json; general_krueger_report_01KRSWWNXWFXBX6BK5CRG08Q16.json,0,
Messages 1943 – OWI (1) – (4) [Soviet military observers in North Africa,https://www.eisenhowerlibrary.gov/sites/default/files/research/subject-guides/pdf/north-african-campaign.pdf,,"HODGES, COURTNEY HICKS: Papers, 1904-65 Box 21",North African Campaign (Subject Guide),9,cos_44_5th_mtg_o_7_jan_44_01KPTACG03MF8E50PDEB4W5XC5.json; a_history_of_the_second_united_states_armored_division_01KTC6TXE50NV5RV9J4CCJD22P.json; ch_i_01KQ663BC560ZY6C8AQKGCD1JE.json; a_history_of_the_second_united_states_armored_division_01KTACETX1WEW4BZEBHEHX565D.json; general_krueger_report_01KRSWWNXWFXBX6BK5CRG08Q16.json,0,
Messages 1943 – Publications [American periodicals for North Africa],https://www.eisenhowerlibrary.gov/sites/default/files/research/subject-guides/pdf/north-african-campaign.pdf,,"HODGES, COURTNEY HICKS: Papers, 1904-65 Box 38",North African Campaign (Subject Guide),9,cos_44_5th_mtg_o_7_jan_44_01KPTACG03MF8E50PDEB4W5XC5.json; a_history_of_the_second_united_states_armored_division_01KTC6TXE50NV5RV9J4CCJD22P.json; ch_i_01KQ663BC560ZY6C8AQKGCD1JE.json; a_history_of_the_second_united_states_armored_division_01KTACETX1WEW4BZEBHEHX565D.json; general_krueger_report_01KRSWWNXWFXBX6BK5CRG08Q16.json,0,
OWI- Beginnings – Broadcasting [Algiers radiophoto operation],https://www.eisenhowerlibrary.gov/sites/default/files/research/subject-guides/pdf/north-african-campaign.pdf,,"HODGES, COURTNEY HICKS: Papers, 1904-65 Box 38",North African Campaign (Subject Guide),3,meetings_at_algiers_between_churchill_marshall_eisenhower_and_others_29_and_31_m_01KQ661Y58YA3665B36XBZ642B.json; min_of_trident_conf_01KQ66201N0XKS2GSP9PFGYR1A.json; minutes_of_trident_conference_01KPT989RHJCGB6QNARFXXPQ7K.json,0,
topics of concern to OWI including naval losses during North African,https://www.eisenhowerlibrary.gov/sites/default/files/research/subject-guides/pdf/north-african-campaign.pdf,,"HODGES, COURTNEY HICKS: Papers, 1904-65 Box 38",North African Campaign (Subject Guide),9,cos_44_5th_mtg_o_7_jan_44_01KPTACG03MF8E50PDEB4W5XC5.json; a_history_of_the_second_united_states_armored_division_01KTC6TXE50NV5RV9J4CCJD22P.json; ch_i_01KQ663BC560ZY6C8AQKGCD1JE.json; a_history_of_the_second_united_states_armored_division_01KTACETX1WEW4BZEBHEHX565D.json; general_krueger_report_01KRSWWNXWFXBX6BK5CRG08Q16.json,0,
"landing; North Africa; DeGaulle, Giraud, Darlan and North Africa]",https://www.eisenhowerlibrary.gov/sites/default/files/research/subject-guides/pdf/north-african-campaign.pdf,,"HODGES, COURTNEY HICKS: Papers, 1904-65 Box 38",North African Campaign (Subject Guide),9,cos_44_5th_mtg_o_7_jan_44_01KPTACG03MF8E50PDEB4W5XC5.json; a_history_of_the_second_united_states_armored_division_01KTC6TXE50NV5RV9J4CCJD22P.json; ch_i_01KQ663BC560ZY6C8AQKGCD1JE.json; a_history_of_the_second_united_states_armored_division_01KTACETX1WEW4BZEBHEHX565D.json; general_krueger_report_01KRSWWNXWFXBX6BK5CRG08Q16.json,0,
OWI – History (1) – (4) [history of PSB in North Africa and Sicily],https://www.eisenhowerlibrary.gov/sites/default/files/research/subject-guides/pdf/north-african-campaign.pdf,,"HODGES, COURTNEY HICKS: Papers, 1904-65 Box 38",North African Campaign (Subject Guide),9,cos_44_5th_mtg_o_7_jan_44_01KPTACG03MF8E50PDEB4W5XC5.json; a_history_of_the_second_united_states_armored_division_01KTC6TXE50NV5RV9J4CCJD22P.json; ch_i_01KQ663BC560ZY6C8AQKGCD1JE.json; a_history_of_the_second_united_states_armored_division_01KTACETX1WEW4BZEBHEHX565D.json; general_krueger_report_01KRSWWNXWFXBX6BK5CRG08Q16.json,0,
"November 29,1942 – July 31, 1943 in North Africa & Mediterranean;",https://www.eisenhowerlibrary.gov/sites/default/files/research/subject-guides/pdf/north-african-campaign.pdf,,"HODGES, COURTNEY HICKS: Papers, 1904-65 Box 38",North African Campaign (Subject Guide),9,cos_44_5th_mtg_o_7_jan_44_01KPTACG03MF8E50PDEB4W5XC5.json; a_history_of_the_second_united_states_armored_division_01KTC6TXE50NV5RV9J4CCJD22P.json; ch_i_01KQ663BC560ZY6C8AQKGCD1JE.json; a_history_of_the_second_united_states_armored_division_01KTACETX1WEW4BZEBHEHX565D.json; general_krueger_report_01KRSWWNXWFXBX6BK5CRG08Q16.json,0,
primarily from New York to Algiers],https://www.eisenhowerlibrary.gov/sites/default/files/research/subject-guides/pdf/north-african-campaign.pdf,,"HODGES, COURTNEY HICKS: Papers, 1904-65 Box 38",North African Campaign (Subject Guide),3,meetings_at_algiers_between_churchill_marshall_eisenhower_and_others_29_and_31_m_01KQ661Y58YA3665B36XBZ642B.json; min_of_trident_conf_01KQ66201N0XKS2GSP9PFGYR1A.json; minutes_of_trident_conference_01KPT989RHJCGB6QNARFXXPQ7K.json,0,
propaganda to German troops in Tunisia; food packages for North Africa],https://www.eisenhowerlibrary.gov/sites/default/files/research/subject-guides/pdf/north-african-campaign.pdf,,"HODGES, COURTNEY HICKS: Papers, 1904-65 Box 38",North African Campaign (Subject Guide),9,cos_44_5th_mtg_o_7_jan_44_01KPTACG03MF8E50PDEB4W5XC5.json; a_history_of_the_second_united_states_armored_division_01KTC6TXE50NV5RV9J4CCJD22P.json; ch_i_01KQ663BC560ZY6C8AQKGCD1JE.json; a_history_of_the_second_united_states_armored_division_01KTACETX1WEW4BZEBHEHX565D.json; general_krueger_report_01KRSWWNXWFXBX6BK5CRG08Q16.json,0,
"Africa, Italy, Balkans, France]",https://www.eisenhowerlibrary.gov/sites/default/files/research/subject-guides/pdf/north-african-campaign.pdf,,"HODGES, COURTNEY HICKS: Papers, 1904-65 Box 38",North African Campaign (Subject Guide),9,cos_44_5th_mtg_o_7_jan_44_01KPTACG03MF8E50PDEB4W5XC5.json; a_history_of_the_second_united_states_armored_division_01KTC6TXE50NV5RV9J4CCJD22P.json; ch_i_01KQ663BC560ZY6C8AQKGCD1JE.json; a_history_of_the_second_united_states_armored_division_01KTACETX1WEW4BZEBHEHX565D.json; general_krueger_report_01KRSWWNXWFXBX6BK5CRG08Q16.json,0,
"OWI – London – Morgan, Brewster 1943 (1) – (2) [radio in North Africa]",https://www.eisenhowerlibrary.gov/sites/default/files/research/subject-guides/pdf/north-african-campaign.pdf,,"HODGES, COURTNEY HICKS: Papers, 1904-65 Box 38",North African Campaign (Subject Guide),9,cos_44_5th_mtg_o_7_jan_44_01KPTACG03MF8E50PDEB4W5XC5.json; a_history_of_the_second_united_states_armored_division_01KTC6TXE50NV5RV9J4CCJD22P.json; ch_i_01KQ663BC560ZY6C8AQKGCD1JE.json; a_history_of_the_second_united_states_armored_division_01KTACETX1WEW4BZEBHEHX565D.json; general_krueger_report_01KRSWWNXWFXBX6BK5CRG08Q16.json,0,
OWI – Outpost Bureau – North Africa,https://www.eisenhowerlibrary.gov/sites/default/files/research/subject-guides/pdf/north-african-campaign.pdf,,"HODGES, COURTNEY HICKS: Papers, 1904-65 Box 38",North African Campaign (Subject Guide),9,cos_44_5th_mtg_o_7_jan_44_01KPTACG03MF8E50PDEB4W5XC5.json; a_history_of_the_second_united_states_armored_division_01KTC6TXE50NV5RV9J4CCJD22P.json; ch_i_01KQ663BC560ZY6C8AQKGCD1JE.json; a_history_of_the_second_united_states_armored_division_01KTACETX1WEW4BZEBHEHX565D.json; general_krueger_report_01KRSWWNXWFXBX6BK5CRG08Q16.json,0,
OWI – Outpost Bureau – PWB/AFHQ (1) – (5) [North Africa],https://www.eisenhowerlibrary.gov/sites/default/files/research/subject-guides/pdf/north-african-campaign.pdf,,"HODGES, COURTNEY HICKS: Papers, 1904-65 Box 38",North African Campaign (Subject Guide),9,cos_44_5th_mtg_o_7_jan_44_01KPTACG03MF8E50PDEB4W5XC5.json; a_history_of_the_second_united_states_armored_division_01KTC6TXE50NV5RV9J4CCJD22P.json; ch_i_01KQ663BC560ZY6C8AQKGCD1JE.json; a_history_of_the_second_united_states_armored_division_01KTACETX1WEW4BZEBHEHX565D.json; general_krueger_report_01KRSWWNXWFXBX6BK5CRG08Q16.json,0,
"22, 1942 – May 15, 1944; Darlan, Giraud and North Africa]",https://www.eisenhowerlibrary.gov/sites/default/files/research/subject-guides/pdf/north-african-campaign.pdf,,"HODGES, COURTNEY HICKS: Papers, 1904-65 Box 38",North African Campaign (Subject Guide),9,cos_44_5th_mtg_o_7_jan_44_01KPTACG03MF8E50PDEB4W5XC5.json; a_history_of_the_second_united_states_armored_division_01KTC6TXE50NV5RV9J4CCJD22P.json; ch_i_01KQ663BC560ZY6C8AQKGCD1JE.json; a_history_of_the_second_united_states_armored_division_01KTACETX1WEW4BZEBHEHX565D.json; general_krueger_report_01KRSWWNXWFXBX6BK5CRG08Q16.json,0,
French in North Africa],https://www.eisenhowerlibrary.gov/sites/default/files/research/subject-guides/pdf/north-african-campaign.pdf,,"HODGES, COURTNEY HICKS: Papers, 1904-65 Box 38",North African Campaign (Subject Guide),9,cos_44_5th_mtg_o_7_jan_44_01KPTACG03MF8E50PDEB4W5XC5.json; a_history_of_the_second_united_states_armored_division_01KTC6TXE50NV5RV9J4CCJD22P.json; ch_i_01KQ663BC560ZY6C8AQKGCD1JE.json; a_history_of_the_second_united_states_armored_division_01KTACETX1WEW4BZEBHEHX565D.json; general_krueger_report_01KRSWWNXWFXBX6BK5CRG08Q16.json,0,
OWI Overseas Branch – North Africa [Percy Winner report on political,https://www.eisenhowerlibrary.gov/sites/default/files/research/subject-guides/pdf/north-african-campaign.pdf,,"HODGES, COURTNEY HICKS: Papers, 1904-65 Box 38",North African Campaign (Subject Guide),9,cos_44_5th_mtg_o_7_jan_44_01KPTACG03MF8E50PDEB4W5XC5.json; a_history_of_the_second_united_states_armored_division_01KTC6TXE50NV5RV9J4CCJD22P.json; ch_i_01KQ663BC560ZY6C8AQKGCD1JE.json; a_history_of_the_second_united_states_armored_division_01KTACETX1WEW4BZEBHEHX565D.json; general_krueger_report_01KRSWWNXWFXBX6BK5CRG08Q16.json,0,
"situation in North Africa as of January 1, 1943; propaganda to Tunisia]",https://www.eisenhowerlibrary.gov/sites/default/files/research/subject-guides/pdf/north-african-campaign.pdf,,"HODGES, COURTNEY HICKS: Papers, 1904-65 Box 38",North African Campaign (Subject Guide),9,cos_44_5th_mtg_o_7_jan_44_01KPTACG03MF8E50PDEB4W5XC5.json; a_history_of_the_second_united_states_armored_division_01KTC6TXE50NV5RV9J4CCJD22P.json; ch_i_01KQ663BC560ZY6C8AQKGCD1JE.json; a_history_of_the_second_united_states_armored_division_01KTACETX1WEW4BZEBHEHX565D.json; general_krueger_report_01KRSWWNXWFXBX6BK5CRG08Q16.json,0,
operations in Russia and North Africa; French and North Africa],https://www.eisenhowerlibrary.gov/sites/default/files/research/subject-guides/pdf/north-african-campaign.pdf,,"HODGES, COURTNEY HICKS: Papers, 1904-65 Box 38",North African Campaign (Subject Guide),9,cos_44_5th_mtg_o_7_jan_44_01KPTACG03MF8E50PDEB4W5XC5.json; a_history_of_the_second_united_states_armored_division_01KTC6TXE50NV5RV9J4CCJD22P.json; ch_i_01KQ663BC560ZY6C8AQKGCD1JE.json; a_history_of_the_second_united_states_armored_division_01KTACETX1WEW4BZEBHEHX565D.json; general_krueger_report_01KRSWWNXWFXBX6BK5CRG08Q16.json,0,
number of Jews to North Africa],https://www.eisenhowerlibrary.gov/sites/default/files/research/subject-guides/pdf/north-african-campaign.pdf,,"HODGES, COURTNEY HICKS: Papers, 1904-65 Box 38",North African Campaign (Subject Guide),9,cos_44_5th_mtg_o_7_jan_44_01KPTACG03MF8E50PDEB4W5XC5.json; a_history_of_the_second_united_states_armored_division_01KTC6TXE50NV5RV9J4CCJD22P.json; ch_i_01KQ663BC560ZY6C8AQKGCD1JE.json; a_history_of_the_second_united_states_armored_division_01KTACETX1WEW4BZEBHEHX565D.json; general_krueger_report_01KRSWWNXWFXBX6BK5CRG08Q16.json,0,
OWI – Press [report on censorship and the North African press],https://www.eisenhowerlibrary.gov/sites/default/files/research/subject-guides/pdf/north-african-campaign.pdf,,"HODGES, COURTNEY HICKS: Papers, 1904-65 Box 38",North African Campaign (Subject Guide),9,cos_44_5th_mtg_o_7_jan_44_01KPTACG03MF8E50PDEB4W5XC5.json; a_history_of_the_second_united_states_armored_division_01KTC6TXE50NV5RV9J4CCJD22P.json; ch_i_01KQ663BC560ZY6C8AQKGCD1JE.json; a_history_of_the_second_united_states_armored_division_01KTACETX1WEW4BZEBHEHX565D.json; general_krueger_report_01KRSWWNXWFXBX6BK5CRG08Q16.json,0,
Operations: Radio [USS Texas Broadcasting during Operation Torch;,https://www.eisenhowerlibrary.gov/sites/default/files/research/subject-guides/pdf/north-african-campaign.pdf,,"HODGES, COURTNEY HICKS: Papers, 1904-65 Box 38",North African Campaign (Subject Guide),23,torch_01KPVZ4Z9C3SRVEJCJM5ACARPE.json; cbl_to_eisenhower_6_aug_42_draft_in_memo_handy_for_classified_mc_01KQ64XM9DA0RYS7BHHJRVWWKV.json; notes_of_a_conference_held_at_the_white_house_at_830_pm_july_30_1942_01KPT6HDB14AJS642G511P2AJ1.json; memorandum_for_wd_classified_mc_commander_for_torch_01KPVZ4XX941T9WPEGJTYTETB3.json; torch_and_the_european_theater_of_operations_the_administrative_and_logistical_h_01KPVZQ8EKR6TF67YZ2SQNHGSP.json,0,
Propaganda [TORCH and Western Task Force intelligence plan],https://www.eisenhowerlibrary.gov/sites/default/files/research/subject-guides/pdf/north-african-campaign.pdf,,"HODGES, COURTNEY HICKS: Papers, 1904-65 Box 38",North African Campaign (Subject Guide),23,torch_01KPVZ4Z9C3SRVEJCJM5ACARPE.json; cbl_to_eisenhower_6_aug_42_draft_in_memo_handy_for_classified_mc_01KQ64XM9DA0RYS7BHHJRVWWKV.json; notes_of_a_conference_held_at_the_white_house_at_830_pm_july_30_1942_01KPT6HDB14AJS642G511P2AJ1.json; memorandum_for_wd_classified_mc_commander_for_torch_01KPVZ4XX941T9WPEGJTYTETB3.json; torch_and_the_european_theater_of_operations_the_administrative_and_logistical_h_01KPVZQ8EKR6TF67YZ2SQNHGSP.json,0,
relations with British; North Africa information service],https://www.eisenhowerlibrary.gov/sites/default/files/research/subject-guides/pdf/north-african-campaign.pdf,,"HODGES, COURTNEY HICKS: Papers, 1904-65 Box 38",North African Campaign (Subject Guide),9,cos_44_5th_mtg_o_7_jan_44_01KPTACG03MF8E50PDEB4W5XC5.json; a_history_of_the_second_united_states_armored_division_01KTC6TXE50NV5RV9J4CCJD22P.json; ch_i_01KQ663BC560ZY6C8AQKGCD1JE.json; a_history_of_the_second_united_states_armored_division_01KTACETX1WEW4BZEBHEHX565D.json; general_krueger_report_01KRSWWNXWFXBX6BK5CRG08Q16.json,0,
"Africa, - Giraud, DeGaulle, murder of Darlan, etc.]",https://www.eisenhowerlibrary.gov/sites/default/files/research/subject-guides/pdf/north-african-campaign.pdf,,"HODGES, COURTNEY HICKS: Papers, 1904-65 Box 38",North African Campaign (Subject Guide),9,cos_44_5th_mtg_o_7_jan_44_01KPTACG03MF8E50PDEB4W5XC5.json; a_history_of_the_second_united_states_armored_division_01KTC6TXE50NV5RV9J4CCJD22P.json; ch_i_01KQ663BC560ZY6C8AQKGCD1JE.json; a_history_of_the_second_united_states_armored_division_01KTACETX1WEW4BZEBHEHX565D.json; general_krueger_report_01KRSWWNXWFXBX6BK5CRG08Q16.json,0,
"in North Africa, Middle East, Turkey; Robert Sherwood and C.D. Jackson",https://www.eisenhowerlibrary.gov/sites/default/files/research/subject-guides/pdf/north-african-campaign.pdf,,"HODGES, COURTNEY HICKS: Papers, 1904-65 Box 49",North African Campaign (Subject Guide),9,cos_44_5th_mtg_o_7_jan_44_01KPTACG03MF8E50PDEB4W5XC5.json; a_history_of_the_second_united_states_armored_division_01KTC6TXE50NV5RV9J4CCJD22P.json; ch_i_01KQ663BC560ZY6C8AQKGCD1JE.json; a_history_of_the_second_united_states_armored_division_01KTACETX1WEW4BZEBHEHX565D.json; general_krueger_report_01KRSWWNXWFXBX6BK5CRG08Q16.json,0,
PWB/AFHQ – Colonel Hall’s File [Operation TORCH and psychological,https://www.eisenhowerlibrary.gov/sites/default/files/research/subject-guides/pdf/north-african-campaign.pdf,,"HODGES, COURTNEY HICKS: Papers, 1904-65 Box 49",North African Campaign (Subject Guide),23,torch_01KPVZ4Z9C3SRVEJCJM5ACARPE.json; cbl_to_eisenhower_6_aug_42_draft_in_memo_handy_for_classified_mc_01KQ64XM9DA0RYS7BHHJRVWWKV.json; notes_of_a_conference_held_at_the_white_house_at_830_pm_july_30_1942_01KPT6HDB14AJS642G511P2AJ1.json; memorandum_for_wd_classified_mc_commander_for_torch_01KPVZ4XX941T9WPEGJTYTETB3.json; torch_and_the_european_theater_of_operations_the_administrative_and_logistical_h_01KPVZQ8EKR6TF67YZ2SQNHGSP.json,0,
"Director, OWI in Africa, Mid East Theater; propaganda in French North",https://www.eisenhowerlibrary.gov/sites/default/files/research/subject-guides/pdf/north-african-campaign.pdf,,"HODGES, COURTNEY HICKS: Papers, 1904-65 Box 49",North African Campaign (Subject Guide),9,cos_44_5th_mtg_o_7_jan_44_01KPTACG03MF8E50PDEB4W5XC5.json; a_history_of_the_second_united_states_armored_division_01KTC6TXE50NV5RV9J4CCJD22P.json; ch_i_01KQ663BC560ZY6C8AQKGCD1JE.json; a_history_of_the_second_united_states_armored_division_01KTACETX1WEW4BZEBHEHX565D.json; general_krueger_report_01KRSWWNXWFXBX6BK5CRG08Q16.json,0,
Africa; Morocco],https://www.eisenhowerlibrary.gov/sites/default/files/research/subject-guides/pdf/north-african-campaign.pdf,,"HODGES, COURTNEY HICKS: Papers, 1904-65 Box 49",North African Campaign (Subject Guide),9,cos_44_5th_mtg_o_7_jan_44_01KPTACG03MF8E50PDEB4W5XC5.json; a_history_of_the_second_united_states_armored_division_01KTC6TXE50NV5RV9J4CCJD22P.json; ch_i_01KQ663BC560ZY6C8AQKGCD1JE.json; a_history_of_the_second_united_states_armored_division_01KTACETX1WEW4BZEBHEHX565D.json; general_krueger_report_01KRSWWNXWFXBX6BK5CRG08Q16.json,0,
PWB/AFHQ – North Africa [broadcasting during TORCH; North African,https://www.eisenhowerlibrary.gov/sites/default/files/research/subject-guides/pdf/north-african-campaign.pdf,,"HODGES, COURTNEY HICKS: Papers, 1904-65 Box 49",North African Campaign (Subject Guide),31,cos_44_5th_mtg_o_7_jan_44_01KPTACG03MF8E50PDEB4W5XC5.json; torch_01KPVZ4Z9C3SRVEJCJM5ACARPE.json; cbl_to_eisenhower_6_aug_42_draft_in_memo_handy_for_classified_mc_01KQ64XM9DA0RYS7BHHJRVWWKV.json; notes_of_a_conference_held_at_the_white_house_at_830_pm_july_30_1942_01KPT6HDB14AJS642G511P2AJ1.json; memorandum_for_wd_classified_mc_commander_for_torch_01KPVZ4XX941T9WPEGJTYTETB3.json,0,
and psychological warfare in North African Theater],https://www.eisenhowerlibrary.gov/sites/default/files/research/subject-guides/pdf/north-african-campaign.pdf,,"HODGES, COURTNEY HICKS: Papers, 1904-65 Box 49",North African Campaign (Subject Guide),9,cos_44_5th_mtg_o_7_jan_44_01KPTACG03MF8E50PDEB4W5XC5.json; a_history_of_the_second_united_states_armored_division_01KTC6TXE50NV5RV9J4CCJD22P.json; ch_i_01KQ663BC560ZY6C8AQKGCD1JE.json; a_history_of_the_second_united_states_armored_division_01KTACETX1WEW4BZEBHEHX565D.json; general_krueger_report_01KRSWWNXWFXBX6BK5CRG08Q16.json,0,
remarks on OWI operations in Europe & North Africa],https://www.eisenhowerlibrary.gov/sites/default/files/research/subject-guides/pdf/north-african-campaign.pdf,,"HODGES, COURTNEY HICKS: Papers, 1904-65 Box 49",North African Campaign (Subject Guide),9,cos_44_5th_mtg_o_7_jan_44_01KPTACG03MF8E50PDEB4W5XC5.json; a_history_of_the_second_united_states_armored_division_01KTC6TXE50NV5RV9J4CCJD22P.json; ch_i_01KQ663BC560ZY6C8AQKGCD1JE.json; a_history_of_the_second_united_states_armored_division_01KTACETX1WEW4BZEBHEHX565D.json; general_krueger_report_01KRSWWNXWFXBX6BK5CRG08Q16.json,0,
Psychological Warfare – Operations [TORCH; POWs captured in,https://www.eisenhowerlibrary.gov/sites/default/files/research/subject-guides/pdf/north-african-campaign.pdf,,"HODGES, COURTNEY HICKS: Papers, 1904-65 Box 49",North African Campaign (Subject Guide),23,torch_01KPVZ4Z9C3SRVEJCJM5ACARPE.json; cbl_to_eisenhower_6_aug_42_draft_in_memo_handy_for_classified_mc_01KQ64XM9DA0RYS7BHHJRVWWKV.json; notes_of_a_conference_held_at_the_white_house_at_830_pm_july_30_1942_01KPT6HDB14AJS642G511P2AJ1.json; memorandum_for_wd_classified_mc_commander_for_torch_01KPVZ4XX941T9WPEGJTYTETB3.json; torch_and_the_european_theater_of_operations_the_administrative_and_logistical_h_01KPVZQ8EKR6TF67YZ2SQNHGSP.json,0,
Report to the President – Elmer Davis (OWI) (1) – (3) [North Africa],https://www.eisenhowerlibrary.gov/sites/default/files/research/subject-guides/pdf/north-african-campaign.pdf,,"HODGES, COURTNEY HICKS: Papers, 1904-65 Box 49",North African Campaign (Subject Guide),9,cos_44_5th_mtg_o_7_jan_44_01KPTACG03MF8E50PDEB4W5XC5.json; a_history_of_the_second_united_states_armored_division_01KTC6TXE50NV5RV9J4CCJD22P.json; ch_i_01KQ663BC560ZY6C8AQKGCD1JE.json; a_history_of_the_second_united_states_armored_division_01KTACETX1WEW4BZEBHEHX565D.json; general_krueger_report_01KRSWWNXWFXBX6BK5CRG08Q16.json,0,
Report – USS Texas During Op W Coast Africa [Operation TORCH],https://www.eisenhowerlibrary.gov/sites/default/files/research/subject-guides/pdf/north-african-campaign.pdf,,"HODGES, COURTNEY HICKS: Papers, 1904-65 Box 49",North African Campaign (Subject Guide),31,cos_44_5th_mtg_o_7_jan_44_01KPTACG03MF8E50PDEB4W5XC5.json; torch_01KPVZ4Z9C3SRVEJCJM5ACARPE.json; cbl_to_eisenhower_6_aug_42_draft_in_memo_handy_for_classified_mc_01KQ64XM9DA0RYS7BHHJRVWWKV.json; notes_of_a_conference_held_at_the_white_house_at_830_pm_july_30_1942_01KPT6HDB14AJS642G511P2AJ1.json; memorandum_for_wd_classified_mc_commander_for_torch_01KPVZ4XX941T9WPEGJTYTETB3.json,0,
military strategy; OSS and psychological warfare for North Africa;,https://www.eisenhowerlibrary.gov/sites/default/files/research/subject-guides/pdf/north-african-campaign.pdf,,"HODGES, COURTNEY HICKS: Papers, 1904-65 Box 49",North African Campaign (Subject Guide),9,cos_44_5th_mtg_o_7_jan_44_01KPTACG03MF8E50PDEB4W5XC5.json; a_history_of_the_second_united_states_armored_division_01KTC6TXE50NV5RV9J4CCJD22P.json; ch_i_01KQ663BC560ZY6C8AQKGCD1JE.json; a_history_of_the_second_united_states_armored_division_01KTACETX1WEW4BZEBHEHX565D.json; general_krueger_report_01KRSWWNXWFXBX6BK5CRG08Q16.json,0,
(TORCH); propaganda treatment of Tunisia victory],https://www.eisenhowerlibrary.gov/sites/default/files/research/subject-guides/pdf/north-african-campaign.pdf,,"HODGES, COURTNEY HICKS: Papers, 1904-65 Box 49",North African Campaign (Subject Guide),23,torch_01KPVZ4Z9C3SRVEJCJM5ACARPE.json; cbl_to_eisenhower_6_aug_42_draft_in_memo_handy_for_classified_mc_01KQ64XM9DA0RYS7BHHJRVWWKV.json; notes_of_a_conference_held_at_the_white_house_at_830_pm_july_30_1942_01KPT6HDB14AJS642G511P2AJ1.json; memorandum_for_wd_classified_mc_commander_for_torch_01KPVZ4XX941T9WPEGJTYTETB3.json; torch_and_the_european_theater_of_operations_the_administrative_and_logistical_h_01KPVZQ8EKR6TF67YZ2SQNHGSP.json,0,
TORCH [report re Psychological Warfare Unit operating on USS Texas,https://www.eisenhowerlibrary.gov/sites/default/files/research/subject-guides/pdf/north-african-campaign.pdf,,"HODGES, COURTNEY HICKS: Papers, 1904-65 Box 49",North African Campaign (Subject Guide),23,torch_01KPVZ4Z9C3SRVEJCJM5ACARPE.json; cbl_to_eisenhower_6_aug_42_draft_in_memo_handy_for_classified_mc_01KQ64XM9DA0RYS7BHHJRVWWKV.json; notes_of_a_conference_held_at_the_white_house_at_830_pm_july_30_1942_01KPT6HDB14AJS642G511P2AJ1.json; memorandum_for_wd_classified_mc_commander_for_torch_01KPVZ4XX941T9WPEGJTYTETB3.json; torch_and_the_european_theater_of_operations_the_administrative_and_logistical_h_01KPVZQ8EKR6TF67YZ2SQNHGSP.json,0,
"during Operations West Coast of Africa, 8-11, November 1942]",https://www.eisenhowerlibrary.gov/sites/default/files/research/subject-guides/pdf/north-african-campaign.pdf,,"HODGES, COURTNEY HICKS: Papers, 1904-65 Box 49",North African Campaign (Subject Guide),9,cos_44_5th_mtg_o_7_jan_44_01KPTACG03MF8E50PDEB4W5XC5.json; a_history_of_the_second_united_states_armored_division_01KTC6TXE50NV5RV9J4CCJD22P.json; ch_i_01KQ663BC560ZY6C8AQKGCD1JE.json; a_history_of_the_second_united_states_armored_division_01KTACETX1WEW4BZEBHEHX565D.json; general_krueger_report_01KRSWWNXWFXBX6BK5CRG08Q16.json,0,
"David Wilson File (1) –(3) [North Africa; Cairo, Egypt and USUK relations]",https://www.eisenhowerlibrary.gov/sites/default/files/research/subject-guides/pdf/north-african-campaign.pdf,,"HODGES, COURTNEY HICKS: Papers, 1904-65 Box 49",North African Campaign (Subject Guide),9,cos_44_5th_mtg_o_7_jan_44_01KPTACG03MF8E50PDEB4W5XC5.json; a_history_of_the_second_united_states_armored_division_01KTC6TXE50NV5RV9J4CCJD22P.json; ch_i_01KQ663BC560ZY6C8AQKGCD1JE.json; a_history_of_the_second_united_states_armored_division_01KTACETX1WEW4BZEBHEHX565D.json; general_krueger_report_01KRSWWNXWFXBX6BK5CRG08Q16.json,0,
on the Near East and North Africa],https://www.eisenhowerlibrary.gov/sites/default/files/research/subject-guides/pdf/north-african-campaign.pdf,,"HODGES, COURTNEY HICKS: Papers, 1904-65 Box 49",North African Campaign (Subject Guide),9,cos_44_5th_mtg_o_7_jan_44_01KPTACG03MF8E50PDEB4W5XC5.json; a_history_of_the_second_united_states_armored_division_01KTC6TXE50NV5RV9J4CCJD22P.json; ch_i_01KQ663BC560ZY6C8AQKGCD1JE.json; a_history_of_the_second_united_states_armored_division_01KTACETX1WEW4BZEBHEHX565D.json; general_krueger_report_01KRSWWNXWFXBX6BK5CRG08Q16.json,0,
Africa; civilian populations in North Africa],https://www.eisenhowerlibrary.gov/sites/default/files/research/subject-guides/pdf/north-african-campaign.pdf,,"HODGES, COURTNEY HICKS: Papers, 1904-65 Box 49",North African Campaign (Subject Guide),9,cos_44_5th_mtg_o_7_jan_44_01KPTACG03MF8E50PDEB4W5XC5.json; a_history_of_the_second_united_states_armored_division_01KTC6TXE50NV5RV9J4CCJD22P.json; ch_i_01KQ663BC560ZY6C8AQKGCD1JE.json; a_history_of_the_second_united_states_armored_division_01KTACETX1WEW4BZEBHEHX565D.json; general_krueger_report_01KRSWWNXWFXBX6BK5CRG08Q16.json,0,
to North Africa; OSS in Middle East],https://www.eisenhowerlibrary.gov/sites/default/files/research/subject-guides/pdf/north-african-campaign.pdf,,"HODGES, COURTNEY HICKS: Papers, 1904-65 Box 49",North African Campaign (Subject Guide),9,cos_44_5th_mtg_o_7_jan_44_01KPTACG03MF8E50PDEB4W5XC5.json; a_history_of_the_second_united_states_armored_division_01KTC6TXE50NV5RV9J4CCJD22P.json; ch_i_01KQ663BC560ZY6C8AQKGCD1JE.json; a_history_of_the_second_united_states_armored_division_01KTACETX1WEW4BZEBHEHX565D.json; general_krueger_report_01KRSWWNXWFXBX6BK5CRG08Q16.json,0,
"psychological warfare operations in North Africa, Sicily and Italy, OWIOSS relations; Sir Robert Bru",https://www.eisenhowerlibrary.gov/sites/default/files/research/subject-guides/pdf/north-african-campaign.pdf,,"HODGES, COURTNEY HICKS: Papers, 1904-65 Box 49",North African Campaign (Subject Guide),9,cos_44_5th_mtg_o_7_jan_44_01KPTACG03MF8E50PDEB4W5XC5.json; a_history_of_the_second_united_states_armored_division_01KTC6TXE50NV5RV9J4CCJD22P.json; ch_i_01KQ663BC560ZY6C8AQKGCD1JE.json; a_history_of_the_second_united_states_armored_division_01KTACETX1WEW4BZEBHEHX565D.json; general_krueger_report_01KRSWWNXWFXBX6BK5CRG08Q16.json,0,
"Matthews re civil affairs, TORCH, French in North Africa, Darlan",https://www.eisenhowerlibrary.gov/sites/default/files/research/subject-guides/pdf/north-african-campaign.pdf,,"HODGES, COURTNEY HICKS: Papers, 1904-65 Box 49",North African Campaign (Subject Guide),31,cos_44_5th_mtg_o_7_jan_44_01KPTACG03MF8E50PDEB4W5XC5.json; torch_01KPVZ4Z9C3SRVEJCJM5ACARPE.json; cbl_to_eisenhower_6_aug_42_draft_in_memo_handy_for_classified_mc_01KQ64XM9DA0RYS7BHHJRVWWKV.json; notes_of_a_conference_held_at_the_white_house_at_830_pm_july_30_1942_01KPT6HDB14AJS642G511P2AJ1.json; memorandum_for_wd_classified_mc_commander_for_torch_01KPVZ4XX941T9WPEGJTYTETB3.json,0,
agreement; William Tyler re Radio Algiers],https://www.eisenhowerlibrary.gov/sites/default/files/research/subject-guides/pdf/north-african-campaign.pdf,,"HODGES, COURTNEY HICKS: Papers, 1904-65 Box 49",North African Campaign (Subject Guide),3,meetings_at_algiers_between_churchill_marshall_eisenhower_and_others_29_and_31_m_01KQ661Y58YA3665B36XBZ642B.json; min_of_trident_conf_01KQ66201N0XKS2GSP9PFGYR1A.json; minutes_of_trident_conference_01KPT989RHJCGB6QNARFXXPQ7K.json,0,
Operations – Radio [Radio Algiers],https://www.eisenhowerlibrary.gov/sites/default/files/research/subject-guides/pdf/north-african-campaign.pdf,,"HODGES, COURTNEY HICKS: Papers, 1904-65 Box 49",North African Campaign (Subject Guide),3,meetings_at_algiers_between_churchill_marshall_eisenhower_and_others_29_and_31_m_01KQ661Y58YA3665B36XBZ642B.json; min_of_trident_conf_01KQ66201N0XKS2GSP9PFGYR1A.json; minutes_of_trident_conference_01KPT989RHJCGB6QNARFXXPQ7K.json,0,
North Africa and Mediterranean; psychological warfare operations in,https://www.eisenhowerlibrary.gov/sites/default/files/research/subject-guides/pdf/north-african-campaign.pdf,,"HODGES, COURTNEY HICKS: Papers, 1904-65 Box 53",North African Campaign (Subject Guide),9,cos_44_5th_mtg_o_7_jan_44_01KPTACG03MF8E50PDEB4W5XC5.json; a_history_of_the_second_united_states_armored_division_01KTC6TXE50NV5RV9J4CCJD22P.json; ch_i_01KQ663BC560ZY6C8AQKGCD1JE.json; a_history_of_the_second_united_states_armored_division_01KTACETX1WEW4BZEBHEHX565D.json; general_krueger_report_01KRSWWNXWFXBX6BK5CRG08Q16.json,0,
"North Africa, Sicily and Italy]",https://www.eisenhowerlibrary.gov/sites/default/files/research/subject-guides/pdf/north-african-campaign.pdf,,"HODGES, COURTNEY HICKS: Papers, 1904-65 Box 53",North African Campaign (Subject Guide),9,cos_44_5th_mtg_o_7_jan_44_01KPTACG03MF8E50PDEB4W5XC5.json; a_history_of_the_second_united_states_armored_division_01KTC6TXE50NV5RV9J4CCJD22P.json; ch_i_01KQ663BC560ZY6C8AQKGCD1JE.json; a_history_of_the_second_united_states_armored_division_01KTACETX1WEW4BZEBHEHX565D.json; general_krueger_report_01KRSWWNXWFXBX6BK5CRG08Q16.json,0,
Psychological Warfare Planning (1)-(9) [OWI in Iraq; Iran; North Africa],https://www.eisenhowerlibrary.gov/sites/default/files/research/subject-guides/pdf/north-african-campaign.pdf,,"HODGES, COURTNEY HICKS: Papers, 1904-65 Box 53",North African Campaign (Subject Guide),9,cos_44_5th_mtg_o_7_jan_44_01KPTACG03MF8E50PDEB4W5XC5.json; a_history_of_the_second_united_states_armored_division_01KTC6TXE50NV5RV9J4CCJD22P.json; ch_i_01KQ663BC560ZY6C8AQKGCD1JE.json; a_history_of_the_second_united_states_armored_division_01KTACETX1WEW4BZEBHEHX565D.json; general_krueger_report_01KRSWWNXWFXBX6BK5CRG08Q16.json,0,
"operations in Washington, North Africa, Italy, United Kingdom and",https://www.eisenhowerlibrary.gov/sites/default/files/research/subject-guides/pdf/north-african-campaign.pdf,,"HODGES, COURTNEY HICKS: Papers, 1904-65 Box 53",North African Campaign (Subject Guide),9,cos_44_5th_mtg_o_7_jan_44_01KPTACG03MF8E50PDEB4W5XC5.json; a_history_of_the_second_united_states_armored_division_01KTC6TXE50NV5RV9J4CCJD22P.json; ch_i_01KQ663BC560ZY6C8AQKGCD1JE.json; a_history_of_the_second_united_states_armored_division_01KTACETX1WEW4BZEBHEHX565D.json; general_krueger_report_01KRSWWNXWFXBX6BK5CRG08Q16.json,0,
"Psychological Warfare Reports – Report on Combat Propaganda Africa,",https://www.eisenhowerlibrary.gov/sites/default/files/research/subject-guides/pdf/north-african-campaign.pdf,,"HODGES, COURTNEY HICKS: Papers, 1904-65 Box 53",North African Campaign (Subject Guide),9,cos_44_5th_mtg_o_7_jan_44_01KPTACG03MF8E50PDEB4W5XC5.json; a_history_of_the_second_united_states_armored_division_01KTC6TXE50NV5RV9J4CCJD22P.json; ch_i_01KQ663BC560ZY6C8AQKGCD1JE.json; a_history_of_the_second_united_states_armored_division_01KTACETX1WEW4BZEBHEHX565D.json; general_krueger_report_01KRSWWNXWFXBX6BK5CRG08Q16.json,0,
North African and Mediterranean operations],https://www.eisenhowerlibrary.gov/sites/default/files/research/subject-guides/pdf/north-african-campaign.pdf,,"HODGES, COURTNEY HICKS: Papers, 1904-65 Box 53",North African Campaign (Subject Guide),9,cos_44_5th_mtg_o_7_jan_44_01KPTACG03MF8E50PDEB4W5XC5.json; a_history_of_the_second_united_states_armored_division_01KTC6TXE50NV5RV9J4CCJD22P.json; ch_i_01KQ663BC560ZY6C8AQKGCD1JE.json; a_history_of_the_second_united_states_armored_division_01KTACETX1WEW4BZEBHEHX565D.json; general_krueger_report_01KRSWWNXWFXBX6BK5CRG08Q16.json,0,
"memoranda, correspondence, reference notes; memoranda of interviews;",https://www.eisenhowerlibrary.gov/sites/default/files/research/subject-guides/pdf/north-african-campaign.pdf,,"HODGES, COURTNEY HICKS: Papers, 1904-65 Box 53",North African Campaign (Subject Guide),66,memorandum_wp_42_311_21_july_1942_01KPVZ43PRCM4G6HQEF9R8J9QG.json; operations_memorandum_76_26_august_1944_01KQ7YBJ3J746856VX9XCP6C7Q.json; operations_in_western_europe_01KPT6ACQE3HS893E3CEJKVAJ1.json; memorandum_for_gen_bradley_01KPTAJAFEFBSWYEAJRJB6DRSQ.json; les_allies_aux_portes_davranches_01KPSQKY2FKSM8HFNA41HX9CCB.json,0,
"propaganda suggestions and directives; Casablanca Conference; Molotov,",https://www.eisenhowerlibrary.gov/sites/default/files/research/subject-guides/pdf/north-african-campaign.pdf,,"HODGES, COURTNEY HICKS: Papers, 1904-65 Box 53",North African Campaign (Subject Guide),16,ccs_56th_mtg_14_jan_43_01KPT6SHVNEYQB346DARHTT0PH.json; ccs_55th_meeting_minutes_14_january_1943_01KPT6RW6F0EDS7SPFQSF9FD8B.json; cos_43_105_0_final_01KPT6YR2B9DEYN5BZ2377GZD5.json; annex_to_3d_br_cos_casablanca_mtg_01KQ659CXKBD31KQX1GCG37VC8.json; note_by_minister_of_defence_01KPT6RY1DEAM56SV56GDMWDPJ.json,0,
Researchers should check microfilm for any topics relating to North Africa during World,https://www.eisenhowerlibrary.gov/sites/default/files/research/subject-guides/pdf/north-african-campaign.pdf,,NATIONAL ARCHIVES AND RECORDS ADMINISTRATION: Modern Military Box 53,North African Campaign (Subject Guide),9,cos_44_5th_mtg_o_7_jan_44_01KPTACG03MF8E50PDEB4W5XC5.json; a_history_of_the_second_united_states_armored_division_01KTC6TXE50NV5RV9J4CCJD22P.json; ch_i_01KQ663BC560ZY6C8AQKGCD1JE.json; a_history_of_the_second_united_states_armored_division_01KTACETX1WEW4BZEBHEHX565D.json; general_krueger_report_01KRSWWNXWFXBX6BK5CRG08Q16.json,0,
"Manuscript (1) [World War II service – North Africa, Kasserine Pass]",https://www.eisenhowerlibrary.gov/sites/default/files/research/subject-guides/pdf/north-african-campaign.pdf,,NATIONAL ARCHIVES AND RECORDS ADMINISTRATION: Modern Military Box 1,North African Campaign (Subject Guide),9,cos_44_5th_mtg_o_7_jan_44_01KPTACG03MF8E50PDEB4W5XC5.json; a_history_of_the_second_united_states_armored_division_01KTC6TXE50NV5RV9J4CCJD22P.json; ch_i_01KQ663BC560ZY6C8AQKGCD1JE.json; a_history_of_the_second_united_states_armored_division_01KTACETX1WEW4BZEBHEHX565D.json; general_krueger_report_01KRSWWNXWFXBX6BK5CRG08Q16.json,0,
Operation Torch - Air Corps Units on UK Convoys,https://www.eisenhowerlibrary.gov/sites/default/files/research/subject-guides/pdf/north-african-campaign.pdf,,"NORSTAD, LAURIS: Papers, 1930-87 Box 5",North African Campaign (Subject Guide),23,torch_01KPVZ4Z9C3SRVEJCJM5ACARPE.json; cbl_to_eisenhower_6_aug_42_draft_in_memo_handy_for_classified_mc_01KQ64XM9DA0RYS7BHHJRVWWKV.json; notes_of_a_conference_held_at_the_white_house_at_830_pm_july_30_1942_01KPT6HDB14AJS642G511P2AJ1.json; memorandum_for_wd_classified_mc_commander_for_torch_01KPVZ4XX941T9WPEGJTYTETB3.json; torch_and_the_european_theater_of_operations_the_administrative_and_logistical_h_01KPVZQ8EKR6TF67YZ2SQNHGSP.json,0,
Operation Torch - AFHQ Miscellaneous [plans for treatment of civilian,https://www.eisenhowerlibrary.gov/sites/default/files/research/subject-guides/pdf/north-african-campaign.pdf,,"NORSTAD, LAURIS: Papers, 1930-87 Box 5",North African Campaign (Subject Guide),23,torch_01KPVZ4Z9C3SRVEJCJM5ACARPE.json; cbl_to_eisenhower_6_aug_42_draft_in_memo_handy_for_classified_mc_01KQ64XM9DA0RYS7BHHJRVWWKV.json; notes_of_a_conference_held_at_the_white_house_at_830_pm_july_30_1942_01KPT6HDB14AJS642G511P2AJ1.json; memorandum_for_wd_classified_mc_commander_for_torch_01KPVZ4XX941T9WPEGJTYTETB3.json; torch_and_the_european_theater_of_operations_the_administrative_and_logistical_h_01KPVZQ8EKR6TF67YZ2SQNHGSP.json,0,
Operation Torch - AFHQ Operations Memoranda,https://www.eisenhowerlibrary.gov/sites/default/files/research/subject-guides/pdf/north-african-campaign.pdf,,"NORSTAD, LAURIS: Papers, 1930-87 Box 5",North African Campaign (Subject Guide),88,memorandum_wp_42_311_21_july_1942_01KPVZ43PRCM4G6HQEF9R8J9QG.json; operations_memorandum_76_26_august_1944_01KQ7YBJ3J746856VX9XCP6C7Q.json; torch_01KPVZ4Z9C3SRVEJCJM5ACARPE.json; operations_in_western_europe_01KPT6ACQE3HS893E3CEJKVAJ1.json; memorandum_for_gen_bradley_01KPTAJAFEFBSWYEAJRJB6DRSQ.json,0,
Operation Torch - AFHQ Signal Instructions,https://www.eisenhowerlibrary.gov/sites/default/files/research/subject-guides/pdf/north-african-campaign.pdf,,"NORSTAD, LAURIS: Papers, 1930-87 Box 5",North African Campaign (Subject Guide),23,torch_01KPVZ4Z9C3SRVEJCJM5ACARPE.json; cbl_to_eisenhower_6_aug_42_draft_in_memo_handy_for_classified_mc_01KQ64XM9DA0RYS7BHHJRVWWKV.json; notes_of_a_conference_held_at_the_white_house_at_830_pm_july_30_1942_01KPT6HDB14AJS642G511P2AJ1.json; memorandum_for_wd_classified_mc_commander_for_torch_01KPVZ4XX941T9WPEGJTYTETB3.json; torch_and_the_european_theater_of_operations_the_administrative_and_logistical_h_01KPVZQ8EKR6TF67YZ2SQNHGSP.json,0,
Operation Torch - British Air Operational Plan,https://www.eisenhowerlibrary.gov/sites/default/files/research/subject-guides/pdf/north-african-campaign.pdf,,"NORSTAD, LAURIS: Papers, 1930-87 Box 5",North African Campaign (Subject Guide),23,torch_01KPVZ4Z9C3SRVEJCJM5ACARPE.json; cbl_to_eisenhower_6_aug_42_draft_in_memo_handy_for_classified_mc_01KQ64XM9DA0RYS7BHHJRVWWKV.json; notes_of_a_conference_held_at_the_white_house_at_830_pm_july_30_1942_01KPT6HDB14AJS642G511P2AJ1.json; memorandum_for_wd_classified_mc_commander_for_torch_01KPVZ4XX941T9WPEGJTYTETB3.json; torch_and_the_european_theater_of_operations_the_administrative_and_logistical_h_01KPVZQ8EKR6TF67YZ2SQNHGSP.json,0,
Operation Torch - Center Task Force Field Order No. 1 (1)(2),https://www.eisenhowerlibrary.gov/sites/default/files/research/subject-guides/pdf/north-african-campaign.pdf,,"NORSTAD, LAURIS: Papers, 1930-87 Box 5",North African Campaign (Subject Guide),23,torch_01KPVZ4Z9C3SRVEJCJM5ACARPE.json; cbl_to_eisenhower_6_aug_42_draft_in_memo_handy_for_classified_mc_01KQ64XM9DA0RYS7BHHJRVWWKV.json; notes_of_a_conference_held_at_the_white_house_at_830_pm_july_30_1942_01KPT6HDB14AJS642G511P2AJ1.json; memorandum_for_wd_classified_mc_commander_for_torch_01KPVZ4XX941T9WPEGJTYTETB3.json; torch_and_the_european_theater_of_operations_the_administrative_and_logistical_h_01KPVZQ8EKR6TF67YZ2SQNHGSP.json,0,
Operation Torch - Center Task Force Operations Memoranda,https://www.eisenhowerlibrary.gov/sites/default/files/research/subject-guides/pdf/north-african-campaign.pdf,,"NORSTAD, LAURIS: Papers, 1930-87 Box 6",North African Campaign (Subject Guide),88,memorandum_wp_42_311_21_july_1942_01KPVZ43PRCM4G6HQEF9R8J9QG.json; operations_memorandum_76_26_august_1944_01KQ7YBJ3J746856VX9XCP6C7Q.json; torch_01KPVZ4Z9C3SRVEJCJM5ACARPE.json; operations_in_western_europe_01KPT6ACQE3HS893E3CEJKVAJ1.json; memorandum_for_gen_bradley_01KPTAJAFEFBSWYEAJRJB6DRSQ.json,0,
Operation Torch - Center Task Force Outline Plans,https://www.eisenhowerlibrary.gov/sites/default/files/research/subject-guides/pdf/north-african-campaign.pdf,,"NORSTAD, LAURIS: Papers, 1930-87 Box 6",North African Campaign (Subject Guide),23,torch_01KPVZ4Z9C3SRVEJCJM5ACARPE.json; cbl_to_eisenhower_6_aug_42_draft_in_memo_handy_for_classified_mc_01KQ64XM9DA0RYS7BHHJRVWWKV.json; notes_of_a_conference_held_at_the_white_house_at_830_pm_july_30_1942_01KPT6HDB14AJS642G511P2AJ1.json; memorandum_for_wd_classified_mc_commander_for_torch_01KPVZ4XX941T9WPEGJTYTETB3.json; torch_and_the_european_theater_of_operations_the_administrative_and_logistical_h_01KPVZQ8EKR6TF67YZ2SQNHGSP.json,0,
Operation Torch - Charts,https://www.eisenhowerlibrary.gov/sites/default/files/research/subject-guides/pdf/north-african-campaign.pdf,,"NORSTAD, LAURIS: Papers, 1930-87 Box 6",North African Campaign (Subject Guide),23,torch_01KPVZ4Z9C3SRVEJCJM5ACARPE.json; cbl_to_eisenhower_6_aug_42_draft_in_memo_handy_for_classified_mc_01KQ64XM9DA0RYS7BHHJRVWWKV.json; notes_of_a_conference_held_at_the_white_house_at_830_pm_july_30_1942_01KPT6HDB14AJS642G511P2AJ1.json; memorandum_for_wd_classified_mc_commander_for_torch_01KPVZ4XX941T9WPEGJTYTETB3.json; torch_and_the_european_theater_of_operations_the_administrative_and_logistical_h_01KPVZQ8EKR6TF67YZ2SQNHGSP.json,0,
Operation Torch - Coordination of Signal and Wireless Communications,https://www.eisenhowerlibrary.gov/sites/default/files/research/subject-guides/pdf/north-african-campaign.pdf,,"NORSTAD, LAURIS: Papers, 1930-87 Box 6",North African Campaign (Subject Guide),23,torch_01KPVZ4Z9C3SRVEJCJM5ACARPE.json; cbl_to_eisenhower_6_aug_42_draft_in_memo_handy_for_classified_mc_01KQ64XM9DA0RYS7BHHJRVWWKV.json; notes_of_a_conference_held_at_the_white_house_at_830_pm_july_30_1942_01KPT6HDB14AJS642G511P2AJ1.json; memorandum_for_wd_classified_mc_commander_for_torch_01KPVZ4XX941T9WPEGJTYTETB3.json; torch_and_the_european_theater_of_operations_the_administrative_and_logistical_h_01KPVZQ8EKR6TF67YZ2SQNHGSP.json,0,
Operation Torch - First Armd Div C/C B Field Order No. 1,https://www.eisenhowerlibrary.gov/sites/default/files/research/subject-guides/pdf/north-african-campaign.pdf,,"NORSTAD, LAURIS: Papers, 1930-87 Box 6",North African Campaign (Subject Guide),23,torch_01KPVZ4Z9C3SRVEJCJM5ACARPE.json; cbl_to_eisenhower_6_aug_42_draft_in_memo_handy_for_classified_mc_01KQ64XM9DA0RYS7BHHJRVWWKV.json; notes_of_a_conference_held_at_the_white_house_at_830_pm_july_30_1942_01KPT6HDB14AJS642G511P2AJ1.json; memorandum_for_wd_classified_mc_commander_for_torch_01KPVZ4XX941T9WPEGJTYTETB3.json; torch_and_the_european_theater_of_operations_the_administrative_and_logistical_h_01KPVZQ8EKR6TF67YZ2SQNHGSP.json,0,
Operation Torch - 503 Prcht Inf 2nd Bn Field Order No. 13,https://www.eisenhowerlibrary.gov/sites/default/files/research/subject-guides/pdf/north-african-campaign.pdf,,"NORSTAD, LAURIS: Papers, 1930-87 Box 6",North African Campaign (Subject Guide),23,torch_01KPVZ4Z9C3SRVEJCJM5ACARPE.json; cbl_to_eisenhower_6_aug_42_draft_in_memo_handy_for_classified_mc_01KQ64XM9DA0RYS7BHHJRVWWKV.json; notes_of_a_conference_held_at_the_white_house_at_830_pm_july_30_1942_01KPT6HDB14AJS642G511P2AJ1.json; memorandum_for_wd_classified_mc_commander_for_torch_01KPVZ4XX941T9WPEGJTYTETB3.json; torch_and_the_european_theater_of_operations_the_administrative_and_logistical_h_01KPVZQ8EKR6TF67YZ2SQNHGSP.json,0,
Operation Torch - Naval Air Defense Orders,https://www.eisenhowerlibrary.gov/sites/default/files/research/subject-guides/pdf/north-african-campaign.pdf,,"NORSTAD, LAURIS: Papers, 1930-87 Box 6",North African Campaign (Subject Guide),23,torch_01KPVZ4Z9C3SRVEJCJM5ACARPE.json; cbl_to_eisenhower_6_aug_42_draft_in_memo_handy_for_classified_mc_01KQ64XM9DA0RYS7BHHJRVWWKV.json; notes_of_a_conference_held_at_the_white_house_at_830_pm_july_30_1942_01KPT6HDB14AJS642G511P2AJ1.json; memorandum_for_wd_classified_mc_commander_for_torch_01KPVZ4XX941T9WPEGJTYTETB3.json; torch_and_the_european_theater_of_operations_the_administrative_and_logistical_h_01KPVZQ8EKR6TF67YZ2SQNHGSP.json,0,
Operation Torch - Naval Operation Orders (1)(2),https://www.eisenhowerlibrary.gov/sites/default/files/research/subject-guides/pdf/north-african-campaign.pdf,,"NORSTAD, LAURIS: Papers, 1930-87 Box 6",North African Campaign (Subject Guide),23,torch_01KPVZ4Z9C3SRVEJCJM5ACARPE.json; cbl_to_eisenhower_6_aug_42_draft_in_memo_handy_for_classified_mc_01KQ64XM9DA0RYS7BHHJRVWWKV.json; notes_of_a_conference_held_at_the_white_house_at_830_pm_july_30_1942_01KPT6HDB14AJS642G511P2AJ1.json; memorandum_for_wd_classified_mc_commander_for_torch_01KPVZ4XX941T9WPEGJTYTETB3.json; torch_and_the_european_theater_of_operations_the_administrative_and_logistical_h_01KPVZQ8EKR6TF67YZ2SQNHGSP.json,0,
Operation Torch - Oran Task Force Operation Plan,https://www.eisenhowerlibrary.gov/sites/default/files/research/subject-guides/pdf/north-african-campaign.pdf,,"NORSTAD, LAURIS: Papers, 1930-87 Box 6",North African Campaign (Subject Guide),88,memorandum_wp_42_311_21_july_1942_01KPVZ43PRCM4G6HQEF9R8J9QG.json; operations_memorandum_76_26_august_1944_01KQ7YBJ3J746856VX9XCP6C7Q.json; torch_01KPVZ4Z9C3SRVEJCJM5ACARPE.json; operations_in_western_europe_01KPT6ACQE3HS893E3CEJKVAJ1.json; memorandum_for_gen_bradley_01KPTAJAFEFBSWYEAJRJB6DRSQ.json,0,
Operation Torch - Outline Plans (1)-(3),https://www.eisenhowerlibrary.gov/sites/default/files/research/subject-guides/pdf/north-african-campaign.pdf,,"NORSTAD, LAURIS: Papers, 1930-87 Box 6",North African Campaign (Subject Guide),23,torch_01KPVZ4Z9C3SRVEJCJM5ACARPE.json; cbl_to_eisenhower_6_aug_42_draft_in_memo_handy_for_classified_mc_01KQ64XM9DA0RYS7BHHJRVWWKV.json; notes_of_a_conference_held_at_the_white_house_at_830_pm_july_30_1942_01KPT6HDB14AJS642G511P2AJ1.json; memorandum_for_wd_classified_mc_commander_for_torch_01KPVZ4XX941T9WPEGJTYTETB3.json; torch_and_the_european_theater_of_operations_the_administrative_and_logistical_h_01KPVZQ8EKR6TF67YZ2SQNHGSP.json,0,
Operation Torch - Paratroop Force Field Order No. 2,https://www.eisenhowerlibrary.gov/sites/default/files/research/subject-guides/pdf/north-african-campaign.pdf,,"NORSTAD, LAURIS: Papers, 1930-87 Box 6",North African Campaign (Subject Guide),23,torch_01KPVZ4Z9C3SRVEJCJM5ACARPE.json; cbl_to_eisenhower_6_aug_42_draft_in_memo_handy_for_classified_mc_01KQ64XM9DA0RYS7BHHJRVWWKV.json; notes_of_a_conference_held_at_the_white_house_at_830_pm_july_30_1942_01KPT6HDB14AJS642G511P2AJ1.json; memorandum_for_wd_classified_mc_commander_for_torch_01KPVZ4XX941T9WPEGJTYTETB3.json; torch_and_the_european_theater_of_operations_the_administrative_and_logistical_h_01KPVZQ8EKR6TF67YZ2SQNHGSP.json,0,
Operation Torch - Second Corps,https://www.eisenhowerlibrary.gov/sites/default/files/research/subject-guides/pdf/north-african-campaign.pdf,,"NORSTAD, LAURIS: Papers, 1930-87 Box 9",North African Campaign (Subject Guide),23,torch_01KPVZ4Z9C3SRVEJCJM5ACARPE.json; cbl_to_eisenhower_6_aug_42_draft_in_memo_handy_for_classified_mc_01KQ64XM9DA0RYS7BHHJRVWWKV.json; notes_of_a_conference_held_at_the_white_house_at_830_pm_july_30_1942_01KPT6HDB14AJS642G511P2AJ1.json; memorandum_for_wd_classified_mc_commander_for_torch_01KPVZ4XX941T9WPEGJTYTETB3.json; torch_and_the_european_theater_of_operations_the_administrative_and_logistical_h_01KPVZQ8EKR6TF67YZ2SQNHGSP.json,0,
Operation Torch - Twelfth Air Force Field Order No. 1,https://www.eisenhowerlibrary.gov/sites/default/files/research/subject-guides/pdf/north-african-campaign.pdf,,"NORSTAD, LAURIS: Papers, 1930-87 Box 9",North African Campaign (Subject Guide),23,torch_01KPVZ4Z9C3SRVEJCJM5ACARPE.json; cbl_to_eisenhower_6_aug_42_draft_in_memo_handy_for_classified_mc_01KQ64XM9DA0RYS7BHHJRVWWKV.json; notes_of_a_conference_held_at_the_white_house_at_830_pm_july_30_1942_01KPT6HDB14AJS642G511P2AJ1.json; memorandum_for_wd_classified_mc_commander_for_torch_01KPVZ4XX941T9WPEGJTYTETB3.json; torch_and_the_european_theater_of_operations_the_administrative_and_logistical_h_01KPVZQ8EKR6TF67YZ2SQNHGSP.json,0,
Operation Torch - Twelfth Air Force Miscellaneous Data,https://www.eisenhowerlibrary.gov/sites/default/files/research/subject-guides/pdf/north-african-campaign.pdf,,"NORSTAD, LAURIS: Papers, 1930-87 Box 9",North African Campaign (Subject Guide),23,torch_01KPVZ4Z9C3SRVEJCJM5ACARPE.json; cbl_to_eisenhower_6_aug_42_draft_in_memo_handy_for_classified_mc_01KQ64XM9DA0RYS7BHHJRVWWKV.json; notes_of_a_conference_held_at_the_white_house_at_830_pm_july_30_1942_01KPT6HDB14AJS642G511P2AJ1.json; memorandum_for_wd_classified_mc_commander_for_torch_01KPVZ4XX941T9WPEGJTYTETB3.json; torch_and_the_european_theater_of_operations_the_administrative_and_logistical_h_01KPVZQ8EKR6TF67YZ2SQNHGSP.json,0,
Operation Torch - Twelfth Air Force Special Signal Instructions,https://www.eisenhowerlibrary.gov/sites/default/files/research/subject-guides/pdf/north-african-campaign.pdf,,"NORSTAD, LAURIS: Papers, 1930-87 Box 9",North African Campaign (Subject Guide),23,torch_01KPVZ4Z9C3SRVEJCJM5ACARPE.json; cbl_to_eisenhower_6_aug_42_draft_in_memo_handy_for_classified_mc_01KQ64XM9DA0RYS7BHHJRVWWKV.json; notes_of_a_conference_held_at_the_white_house_at_830_pm_july_30_1942_01KPT6HDB14AJS642G511P2AJ1.json; memorandum_for_wd_classified_mc_commander_for_torch_01KPVZ4XX941T9WPEGJTYTETB3.json; torch_and_the_european_theater_of_operations_the_administrative_and_logistical_h_01KPVZQ8EKR6TF67YZ2SQNHGSP.json,0,
Operation Torch - Twelfth Air Support Command Field Order No. 1,https://www.eisenhowerlibrary.gov/sites/default/files/research/subject-guides/pdf/north-african-campaign.pdf,,"NORSTAD, LAURIS: Papers, 1930-87 Box 9",North African Campaign (Subject Guide),23,torch_01KPVZ4Z9C3SRVEJCJM5ACARPE.json; cbl_to_eisenhower_6_aug_42_draft_in_memo_handy_for_classified_mc_01KQ64XM9DA0RYS7BHHJRVWWKV.json; notes_of_a_conference_held_at_the_white_house_at_830_pm_july_30_1942_01KPT6HDB14AJS642G511P2AJ1.json; memorandum_for_wd_classified_mc_commander_for_torch_01KPVZ4XX941T9WPEGJTYTETB3.json; torch_and_the_european_theater_of_operations_the_administrative_and_logistical_h_01KPVZQ8EKR6TF67YZ2SQNHGSP.json,0,
"and military interest in Greece, the Middle East and North African",https://www.eisenhowerlibrary.gov/sites/default/files/research/subject-guides/pdf/north-african-campaign.pdf,,"NORSTAD, LAURIS: Papers, 1930-87 Box 21",North African Campaign (Subject Guide),9,cos_44_5th_mtg_o_7_jan_44_01KPTACG03MF8E50PDEB4W5XC5.json; a_history_of_the_second_united_states_armored_division_01KTC6TXE50NV5RV9J4CCJD22P.json; ch_i_01KQ663BC560ZY6C8AQKGCD1JE.json; a_history_of_the_second_united_states_armored_division_01KTACETX1WEW4BZEBHEHX565D.json; general_krueger_report_01KRSWWNXWFXBX6BK5CRG08Q16.json,0,
Miscellaneous 1950 (1)-(4) [SAC bases in UK and North Africa; potential,https://www.eisenhowerlibrary.gov/sites/default/files/research/subject-guides/pdf/north-african-campaign.pdf,,"NORSTAD, LAURIS: Papers, 1930-87 Box 21",North African Campaign (Subject Guide),9,cos_44_5th_mtg_o_7_jan_44_01KPTACG03MF8E50PDEB4W5XC5.json; a_history_of_the_second_united_states_armored_division_01KTC6TXE50NV5RV9J4CCJD22P.json; ch_i_01KQ663BC560ZY6C8AQKGCD1JE.json; a_history_of_the_second_united_states_armored_division_01KTACETX1WEW4BZEBHEHX565D.json; general_krueger_report_01KRSWWNXWFXBX6BK5CRG08Q16.json,0,
for Communist subversion in Europe and North Africa],https://www.eisenhowerlibrary.gov/sites/default/files/research/subject-guides/pdf/north-african-campaign.pdf,,"NORSTAD, LAURIS: Papers, 1930-87 Box 21",North African Campaign (Subject Guide),9,cos_44_5th_mtg_o_7_jan_44_01KPTACG03MF8E50PDEB4W5XC5.json; a_history_of_the_second_united_states_armored_division_01KTC6TXE50NV5RV9J4CCJD22P.json; ch_i_01KQ663BC560ZY6C8AQKGCD1JE.json; a_history_of_the_second_united_states_armored_division_01KTACETX1WEW4BZEBHEHX565D.json; general_krueger_report_01KRSWWNXWFXBX6BK5CRG08Q16.json,0,
War II photo reconnaissance of North Africa; use of French bases in North,https://www.eisenhowerlibrary.gov/sites/default/files/research/subject-guides/pdf/north-african-campaign.pdf,,"NORSTAD, LAURIS: Papers, 1930-87 Box 22",North African Campaign (Subject Guide),9,cos_44_5th_mtg_o_7_jan_44_01KPTACG03MF8E50PDEB4W5XC5.json; a_history_of_the_second_united_states_armored_division_01KTC6TXE50NV5RV9J4CCJD22P.json; ch_i_01KQ663BC560ZY6C8AQKGCD1JE.json; a_history_of_the_second_united_states_armored_division_01KTACETX1WEW4BZEBHEHX565D.json; general_krueger_report_01KRSWWNXWFXBX6BK5CRG08Q16.json,0,
"Africa; Gen. Henry ""Hap"" Arnold]",https://www.eisenhowerlibrary.gov/sites/default/files/research/subject-guides/pdf/north-african-campaign.pdf,,"NORSTAD, LAURIS: Papers, 1930-87 Box 22",North African Campaign (Subject Guide),9,cos_44_5th_mtg_o_7_jan_44_01KPTACG03MF8E50PDEB4W5XC5.json; a_history_of_the_second_united_states_armored_division_01KTC6TXE50NV5RV9J4CCJD22P.json; ch_i_01KQ663BC560ZY6C8AQKGCD1JE.json; a_history_of_the_second_united_states_armored_division_01KTACETX1WEW4BZEBHEHX565D.json; general_krueger_report_01KRSWWNXWFXBX6BK5CRG08Q16.json,0,
"Operation Torch, Records Relating to, May–September 1942",https://www.eisenhowerlibrary.gov/sites/default/files/research/subject-guides/pdf/north-african-campaign.pdf,,"NORSTAD, LAURIS: Papers, 1930-87 Box 3",North African Campaign (Subject Guide),23,torch_01KPVZ4Z9C3SRVEJCJM5ACARPE.json; cbl_to_eisenhower_6_aug_42_draft_in_memo_handy_for_classified_mc_01KQ64XM9DA0RYS7BHHJRVWWKV.json; notes_of_a_conference_held_at_the_white_house_at_830_pm_july_30_1942_01KPT6HDB14AJS642G511P2AJ1.json; memorandum_for_wd_classified_mc_commander_for_torch_01KPVZ4XX941T9WPEGJTYTETB3.json; torch_and_the_european_theater_of_operations_the_administrative_and_logistical_h_01KPVZQ8EKR6TF67YZ2SQNHGSP.json,0,
"Operation Torch, Records Relating to, October 1942",https://www.eisenhowerlibrary.gov/sites/default/files/research/subject-guides/pdf/north-african-campaign.pdf,,"NORSTAD, LAURIS: Papers, 1930-87 Box 3",North African Campaign (Subject Guide),23,torch_01KPVZ4Z9C3SRVEJCJM5ACARPE.json; cbl_to_eisenhower_6_aug_42_draft_in_memo_handy_for_classified_mc_01KQ64XM9DA0RYS7BHHJRVWWKV.json; notes_of_a_conference_held_at_the_white_house_at_830_pm_july_30_1942_01KPT6HDB14AJS642G511P2AJ1.json; memorandum_for_wd_classified_mc_commander_for_torch_01KPVZ4XX941T9WPEGJTYTETB3.json; torch_and_the_european_theater_of_operations_the_administrative_and_logistical_h_01KPVZQ8EKR6TF67YZ2SQNHGSP.json,0,
"Operation Torch, Eastern Assault Force, Sept. 15-Oct. 20, 1942",https://www.eisenhowerlibrary.gov/sites/default/files/research/subject-guides/pdf/north-african-campaign.pdf,,"NORSTAD, LAURIS: Papers, 1930-87 Box 3",North African Campaign (Subject Guide),23,torch_01KPVZ4Z9C3SRVEJCJM5ACARPE.json; cbl_to_eisenhower_6_aug_42_draft_in_memo_handy_for_classified_mc_01KQ64XM9DA0RYS7BHHJRVWWKV.json; notes_of_a_conference_held_at_the_white_house_at_830_pm_july_30_1942_01KPT6HDB14AJS642G511P2AJ1.json; memorandum_for_wd_classified_mc_commander_for_torch_01KPVZ4XX941T9WPEGJTYTETB3.json; torch_and_the_european_theater_of_operations_the_administrative_and_logistical_h_01KPVZQ8EKR6TF67YZ2SQNHGSP.json,0,
"Correspondence, TMS to MBS, 1942 (1)-(7) [North African campaign]",https://www.eisenhowerlibrary.gov/sites/default/files/research/subject-guides/pdf/north-african-campaign.pdf,,"NORSTAD, LAURIS: Papers, 1930-87 Box 2",North African Campaign (Subject Guide),9,cos_44_5th_mtg_o_7_jan_44_01KPTACG03MF8E50PDEB4W5XC5.json; a_history_of_the_second_united_states_armored_division_01KTC6TXE50NV5RV9J4CCJD22P.json; ch_i_01KQ663BC560ZY6C8AQKGCD1JE.json; a_history_of_the_second_united_states_armored_division_01KTACETX1WEW4BZEBHEHX565D.json; general_krueger_report_01KRSWWNXWFXBX6BK5CRG08Q16.json,0,
"ANFA Conference [Casablanca, January 14-23, 1943] Minutes and",https://www.eisenhowerlibrary.gov/sites/default/files/research/subject-guides/pdf/north-african-campaign.pdf,,"SMITH, WALTER BEDELL: Collection of World War II Documents, 1941-45 Box 1",North African Campaign (Subject Guide),16,ccs_56th_mtg_14_jan_43_01KPT6SHVNEYQB346DARHTT0PH.json; ccs_55th_meeting_minutes_14_january_1943_01KPT6RW6F0EDS7SPFQSF9FD8B.json; cos_43_105_0_final_01KPT6YR2B9DEYN5BZ2377GZD5.json; annex_to_3d_br_cos_casablanca_mtg_01KQ659CXKBD31KQX1GCG37VC8.json; note_by_minister_of_defence_01KPT6RY1DEAM56SV56GDMWDPJ.json,0,
"Casablanca Conference of CCS, Churchill, and Roosevelt]",https://www.eisenhowerlibrary.gov/sites/default/files/research/subject-guides/pdf/north-african-campaign.pdf,,"SMITH, WALTER BEDELL: Collection of World War II Documents, 1941-45 Box 1",North African Campaign (Subject Guide),16,ccs_56th_mtg_14_jan_43_01KPT6SHVNEYQB346DARHTT0PH.json; ccs_55th_meeting_minutes_14_january_1943_01KPT6RW6F0EDS7SPFQSF9FD8B.json; cos_43_105_0_final_01KPT6YR2B9DEYN5BZ2377GZD5.json; annex_to_3d_br_cos_casablanca_mtg_01KQ659CXKBD31KQX1GCG37VC8.json; note_by_minister_of_defence_01KPT6RY1DEAM56SV56GDMWDPJ.json,0,
"ANFA Memorandums [January 14-23, 1943] (1)-(3) [planner, secretariat,",https://www.eisenhowerlibrary.gov/sites/default/files/research/subject-guides/pdf/north-african-campaign.pdf,,"SMITH, WALTER BEDELL: Collection of World War II Documents, 1941-45 Box 1",North African Campaign (Subject Guide),66,memorandum_wp_42_311_21_july_1942_01KPVZ43PRCM4G6HQEF9R8J9QG.json; operations_memorandum_76_26_august_1944_01KQ7YBJ3J746856VX9XCP6C7Q.json; operations_in_western_europe_01KPT6ACQE3HS893E3CEJKVAJ1.json; memorandum_for_gen_bradley_01KPTAJAFEFBSWYEAJRJB6DRSQ.json; les_allies_aux_portes_davranches_01KPSQKY2FKSM8HFNA41HX9CCB.json,0,
"Commander-in-chief’s Dispatch, North African Campaign, 1942-1943",https://www.eisenhowerlibrary.gov/sites/default/files/research/subject-guides/pdf/north-african-campaign.pdf,,"SMITH, WALTER BEDELL: Collection of World War II Documents, 1941-45 Box 16",North African Campaign (Subject Guide),9,cos_44_5th_mtg_o_7_jan_44_01KPTACG03MF8E50PDEB4W5XC5.json; a_history_of_the_second_united_states_armored_division_01KTC6TXE50NV5RV9J4CCJD22P.json; ch_i_01KQ663BC560ZY6C8AQKGCD1JE.json; a_history_of_the_second_united_states_armored_division_01KTACETX1WEW4BZEBHEHX565D.json; general_krueger_report_01KRSWWNXWFXBX6BK5CRG08Q16.json,0,
"Chief of Staff, D-Day Torch, November 8 - December 9, 1942 (1)-(6)",https://www.eisenhowerlibrary.gov/sites/default/files/research/subject-guides/pdf/north-african-campaign.pdf,,"SMITH, WALTER BEDELL: Collection of World War II Documents, 1941-45 Box 16",North African Campaign (Subject Guide),23,torch_01KPVZ4Z9C3SRVEJCJM5ACARPE.json; cbl_to_eisenhower_6_aug_42_draft_in_memo_handy_for_classified_mc_01KQ64XM9DA0RYS7BHHJRVWWKV.json; notes_of_a_conference_held_at_the_white_house_at_830_pm_july_30_1942_01KPT6HDB14AJS642G511P2AJ1.json; memorandum_for_wd_classified_mc_commander_for_torch_01KPVZ4XX941T9WPEGJTYTETB3.json; torch_and_the_european_theater_of_operations_the_administrative_and_logistical_h_01KPVZQ8EKR6TF67YZ2SQNHGSP.json,0,
"Eisenhower’s Villa (dar el Ouard), Algiers (1)(2) [meeting of Eisenhower",https://www.eisenhowerlibrary.gov/sites/default/files/research/subject-guides/pdf/north-african-campaign.pdf,,"SMITH, WALTER BEDELL: Collection of World War II Documents, 1941-45 Box 16",North African Campaign (Subject Guide),3,meetings_at_algiers_between_churchill_marshall_eisenhower_and_others_29_and_31_m_01KQ661Y58YA3665B36XBZ642B.json; min_of_trident_conf_01KQ66201N0XKS2GSP9PFGYR1A.json; minutes_of_trident_conference_01KPT989RHJCGB6QNARFXXPQ7K.json,0,
"Africa and the Tunisian campaign, 1943]",https://www.eisenhowerlibrary.gov/sites/default/files/research/subject-guides/pdf/north-african-campaign.pdf,,"SMITH, WALTER BEDELL: Collection of World War II Documents, 1941-45 Box 50",North African Campaign (Subject Guide),9,cos_44_5th_mtg_o_7_jan_44_01KPTACG03MF8E50PDEB4W5XC5.json; a_history_of_the_second_united_states_armored_division_01KTC6TXE50NV5RV9J4CCJD22P.json; ch_i_01KQ663BC560ZY6C8AQKGCD1JE.json; a_history_of_the_second_united_states_armored_division_01KTACETX1WEW4BZEBHEHX565D.json; general_krueger_report_01KRSWWNXWFXBX6BK5CRG08Q16.json,0,
distinguished visitors at Oran and Tunis],https://www.eisenhowerlibrary.gov/sites/default/files/research/subject-guides/pdf/north-african-campaign.pdf,,"SMITH, WALTER BEDELL: Collection of World War II Documents, 1941-45 Box 50",North African Campaign (Subject Guide),66,memorandum_wp_42_311_21_july_1942_01KPVZ43PRCM4G6HQEF9R8J9QG.json; operations_memorandum_76_26_august_1944_01KQ7YBJ3J746856VX9XCP6C7Q.json; operations_in_western_europe_01KPT6ACQE3HS893E3CEJKVAJ1.json; memorandum_for_gen_bradley_01KPTAJAFEFBSWYEAJRJB6DRSQ.json; les_allies_aux_portes_davranches_01KPSQKY2FKSM8HFNA41HX9CCB.json,0,
"Movement from Algiers to London, January 1944 (1)(2) [correspondence",https://www.eisenhowerlibrary.gov/sites/default/files/research/subject-guides/pdf/north-african-campaign.pdf,,"SMITH, WALTER BEDELL: Collection of World War II Documents, 1941-45 Box 50",North African Campaign (Subject Guide),3,meetings_at_algiers_between_churchill_marshall_eisenhower_and_others_29_and_31_m_01KQ661Y58YA3665B36XBZ642B.json; min_of_trident_conf_01KQ66201N0XKS2GSP9PFGYR1A.json; minutes_of_trident_conference_01KPT989RHJCGB6QNARFXXPQ7K.json,0,
"Forces in North West Africa (15 March-5 April 1943)”, 20 May 1943",https://www.eisenhowerlibrary.gov/sites/default/files/research/subject-guides/pdf/north-african-campaign.pdf,,"SMITH, WALTER BEDELL: Collection of World War II Documents, 1941-45 Box 50",North African Campaign (Subject Guide),9,cos_44_5th_mtg_o_7_jan_44_01KPTACG03MF8E50PDEB4W5XC5.json; a_history_of_the_second_united_states_armored_division_01KTC6TXE50NV5RV9J4CCJD22P.json; ch_i_01KQ663BC560ZY6C8AQKGCD1JE.json; a_history_of_the_second_united_states_armored_division_01KTACETX1WEW4BZEBHEHX565D.json; general_krueger_report_01KRSWWNXWFXBX6BK5CRG08Q16.json,0,
Air Operations in Support of Ground Forces in North West Africa (March,https://www.eisenhowerlibrary.gov/sites/default/files/research/subject-guides/pdf/north-african-campaign.pdf,,"SMITH, WALTER BEDELL: Collection of World War II Documents, 1941-45 Box 50",North African Campaign (Subject Guide),9,cos_44_5th_mtg_o_7_jan_44_01KPTACG03MF8E50PDEB4W5XC5.json; a_history_of_the_second_united_states_armored_division_01KTC6TXE50NV5RV9J4CCJD22P.json; ch_i_01KQ663BC560ZY6C8AQKGCD1JE.json; a_history_of_the_second_united_states_armored_division_01KTACETX1WEW4BZEBHEHX565D.json; general_krueger_report_01KRSWWNXWFXBX6BK5CRG08Q16.json,0,
The Navy in the North African Campaign [address by British Naval,https://www.eisenhowerlibrary.gov/sites/default/files/research/subject-guides/pdf/north-african-campaign.pdf,,"SMITH, WALTER BEDELL: Collection of World War II Documents, 1941-45 Box 50",North African Campaign (Subject Guide),9,cos_44_5th_mtg_o_7_jan_44_01KPTACG03MF8E50PDEB4W5XC5.json; a_history_of_the_second_united_states_armored_division_01KTC6TXE50NV5RV9J4CCJD22P.json; ch_i_01KQ663BC560ZY6C8AQKGCD1JE.json; a_history_of_the_second_united_states_armored_division_01KTACETX1WEW4BZEBHEHX565D.json; general_krueger_report_01KRSWWNXWFXBX6BK5CRG08Q16.json,0,
Reel 1 Allied Forces HQ (Africa) [905-928],https://www.eisenhowerlibrary.gov/sites/default/files/research/subject-guides/pdf/north-african-campaign.pdf,,"SMITH, WALTER BEDELL: Collection of World War II Documents, 1941-45 Box 1",North African Campaign (Subject Guide),9,cos_44_5th_mtg_o_7_jan_44_01KPTACG03MF8E50PDEB4W5XC5.json; a_history_of_the_second_united_states_armored_division_01KTC6TXE50NV5RV9J4CCJD22P.json; ch_i_01KQ663BC560ZY6C8AQKGCD1JE.json; a_history_of_the_second_united_states_armored_division_01KTACETX1WEW4BZEBHEHX565D.json; general_krueger_report_01KRSWWNXWFXBX6BK5CRG08Q16.json,0,
Researcher should check the following units for documentation on the North African campaign:,https://www.eisenhowerlibrary.gov/sites/default/files/research/subject-guides/pdf/north-african-campaign.pdf,,"SMITH, WALTER BEDELL: Collection of World War II Documents, 1941-45 Box 1",North African Campaign (Subject Guide),9,cos_44_5th_mtg_o_7_jan_44_01KPTACG03MF8E50PDEB4W5XC5.json; a_history_of_the_second_united_states_armored_division_01KTC6TXE50NV5RV9J4CCJD22P.json; ch_i_01KQ663BC560ZY6C8AQKGCD1JE.json; a_history_of_the_second_united_states_armored_division_01KTACETX1WEW4BZEBHEHX565D.json; general_krueger_report_01KRSWWNXWFXBX6BK5CRG08Q16.json,0,
1st Armored Division,https://www.eisenhowerlibrary.gov/sites/default/files/research/subject-guides/pdf/north-african-campaign.pdf,,"SMITH, WALTER BEDELL: Collection of World War II Documents, 1941-45 Box 6",North African Campaign (Subject Guide),16,telecon_gause_and_schneider_0430_23_aug_lxxxi_corps_ktb_01KPVNZ7B1CVR2Q5WCSMMFS3HB.json; overseas_pictorial_history_of_headquarters_battery_231st_armored_field_artillery_01KPSSFPA3XFDH39Z73H4W89CD.json; authors_interviews_with_former_6th_armored_division_personnel_01KPVGNAFFS1J09YGSKPM4P6AR.json; 391st_armd_fa_bn_aar_nov_44_01KTA7SA0ES6YVE005EWTJNR0R.json; the_sources_for_this_chapter_are_the_invaluable_msgs_in_the_viii_corps_g_3_jnl_a_01KQ7R0H1EY47VQM9BN18K59G2.json,0,
1st Infantry Division,https://www.eisenhowerlibrary.gov/sites/default/files/research/subject-guides/pdf/north-african-campaign.pdf,,"SMITH, WALTER BEDELL: Collection of World War II Documents, 1941-45 Box 532",North African Campaign (Subject Guide),70,101st_inf_jnl_01KRFF55PMG7Z9MQT7HYHD29W8.json; road_to_huertgen_forest_in_hell_01KT7ZNPK9277CWPMFAVNWXGDX.json; 101st_inf_jnl_01KRHQZ70D91PVCVZ2KW5RJZ6Q.json; 101st_inf_jnl_01KS1HDZTGD0PNRHX6D6RJ01P6.json; ltr_col_walter_t_scott_to_hist_div_14_jul_47_01KRSXGMFHYQMYYKNYGRH5G4CN.json,0,
"U.S. ARMY, 1st ARMORED DIVISION: After Action Reports, 1942-47 (Microfilm)",https://www.eisenhowerlibrary.gov/sites/default/files/research/subject-guides/pdf/north-african-campaign.pdf,,"SMITH, WALTER BEDELL: Collection of World War II Documents, 1941-45 Box 1567",North African Campaign (Subject Guide),16,telecon_gause_and_schneider_0430_23_aug_lxxxi_corps_ktb_01KPVNZ7B1CVR2Q5WCSMMFS3HB.json; overseas_pictorial_history_of_headquarters_battery_231st_armored_field_artillery_01KPSSFPA3XFDH39Z73H4W89CD.json; authors_interviews_with_former_6th_armored_division_personnel_01KPVGNAFFS1J09YGSKPM4P6AR.json; 391st_armd_fa_bn_aar_nov_44_01KTA7SA0ES6YVE005EWTJNR0R.json; the_sources_for_this_chapter_are_the_invaluable_msgs_in_the_viii_corps_g_3_jnl_a_01KQ7R0H1EY47VQM9BN18K59G2.json,0,
13th Tank Bn Beach Landing at Oran to Drive to Sea in Tunisia 7,https://www.eisenhowerlibrary.gov/sites/default/files/research/subject-guides/pdf/north-african-campaign.pdf,,"SMITH, WALTER BEDELL: Collection of World War II Documents, 1941-45 Box 7",North African Campaign (Subject Guide),66,memorandum_wp_42_311_21_july_1942_01KPVZ43PRCM4G6HQEF9R8J9QG.json; operations_memorandum_76_26_august_1944_01KQ7YBJ3J746856VX9XCP6C7Q.json; operations_in_western_europe_01KPT6ACQE3HS893E3CEJKVAJ1.json; memorandum_for_gen_bradley_01KPTAJAFEFBSWYEAJRJB6DRSQ.json; les_allies_aux_portes_davranches_01KPSQKY2FKSM8HFNA41HX9CCB.json,0,
Outline of Operation Plan TORCH (II Army Corps_ Sept 1942 [175-201],https://www.eisenhowerlibrary.gov/sites/default/files/research/subject-guides/pdf/north-african-campaign.pdf,,"SMITH, WALTER BEDELL: Collection of World War II Documents, 1941-45 Box 7",North African Campaign (Subject Guide),23,torch_01KPVZ4Z9C3SRVEJCJM5ACARPE.json; cbl_to_eisenhower_6_aug_42_draft_in_memo_handy_for_classified_mc_01KQ64XM9DA0RYS7BHHJRVWWKV.json; notes_of_a_conference_held_at_the_white_house_at_830_pm_july_30_1942_01KPT6HDB14AJS642G511P2AJ1.json; memorandum_for_wd_classified_mc_commander_for_torch_01KPVZ4XX941T9WPEGJTYTETB3.json; torch_and_the_european_theater_of_operations_the_administrative_and_logistical_h_01KPVZQ8EKR6TF67YZ2SQNHGSP.json,0,
Operation Plan TORCH 9 Sept-13 Nov 1942 [202-335],https://www.eisenhowerlibrary.gov/sites/default/files/research/subject-guides/pdf/north-african-campaign.pdf,,"SMITH, WALTER BEDELL: Collection of World War II Documents, 1941-45 Box 1",North African Campaign (Subject Guide),23,torch_01KPVZ4Z9C3SRVEJCJM5ACARPE.json; cbl_to_eisenhower_6_aug_42_draft_in_memo_handy_for_classified_mc_01KQ64XM9DA0RYS7BHHJRVWWKV.json; notes_of_a_conference_held_at_the_white_house_at_830_pm_july_30_1942_01KPT6HDB14AJS642G511P2AJ1.json; memorandum_for_wd_classified_mc_commander_for_torch_01KPVZ4XX941T9WPEGJTYTETB3.json; torch_and_the_european_theater_of_operations_the_administrative_and_logistical_h_01KPVZQ8EKR6TF67YZ2SQNHGSP.json,0,
Operation Plan TORCH Vol. I (AFHQ) Sept-Oct 1942 [336425],https://www.eisenhowerlibrary.gov/sites/default/files/research/subject-guides/pdf/north-african-campaign.pdf,,"SMITH, WALTER BEDELL: Collection of World War II Documents, 1941-45 Box 1",North African Campaign (Subject Guide),23,torch_01KPVZ4Z9C3SRVEJCJM5ACARPE.json; cbl_to_eisenhower_6_aug_42_draft_in_memo_handy_for_classified_mc_01KQ64XM9DA0RYS7BHHJRVWWKV.json; notes_of_a_conference_held_at_the_white_house_at_830_pm_july_30_1942_01KPT6HDB14AJS642G511P2AJ1.json; memorandum_for_wd_classified_mc_commander_for_torch_01KPVZ4XX941T9WPEGJTYTETB3.json; torch_and_the_european_theater_of_operations_the_administrative_and_logistical_h_01KPVZQ8EKR6TF67YZ2SQNHGSP.json,0,
Operation Plan TORCH Vol. II (II Army Corps & Center Task,https://www.eisenhowerlibrary.gov/sites/default/files/research/subject-guides/pdf/north-african-campaign.pdf,,"SMITH, WALTER BEDELL: Collection of World War II Documents, 1941-45 Box 1",North African Campaign (Subject Guide),23,torch_01KPVZ4Z9C3SRVEJCJM5ACARPE.json; cbl_to_eisenhower_6_aug_42_draft_in_memo_handy_for_classified_mc_01KQ64XM9DA0RYS7BHHJRVWWKV.json; notes_of_a_conference_held_at_the_white_house_at_830_pm_july_30_1942_01KPT6HDB14AJS642G511P2AJ1.json; memorandum_for_wd_classified_mc_commander_for_torch_01KPVZ4XX941T9WPEGJTYTETB3.json; torch_and_the_european_theater_of_operations_the_administrative_and_logistical_h_01KPVZQ8EKR6TF67YZ2SQNHGSP.json,0,
Operation Plan TORCH Vol. III (Naval) Oct 1942 [738-981],https://www.eisenhowerlibrary.gov/sites/default/files/research/subject-guides/pdf/north-african-campaign.pdf,,"SMITH, WALTER BEDELL: Collection of World War II Documents, 1941-45 Box 1",North African Campaign (Subject Guide),23,torch_01KPVZ4Z9C3SRVEJCJM5ACARPE.json; cbl_to_eisenhower_6_aug_42_draft_in_memo_handy_for_classified_mc_01KQ64XM9DA0RYS7BHHJRVWWKV.json; notes_of_a_conference_held_at_the_white_house_at_830_pm_july_30_1942_01KPT6HDB14AJS642G511P2AJ1.json; memorandum_for_wd_classified_mc_commander_for_torch_01KPVZ4XX941T9WPEGJTYTETB3.json; torch_and_the_european_theater_of_operations_the_administrative_and_logistical_h_01KPVZQ8EKR6TF67YZ2SQNHGSP.json,0,
Operation Plan TORCH Vol. V (Combat Team Headquarters &,https://www.eisenhowerlibrary.gov/sites/default/files/research/subject-guides/pdf/north-african-campaign.pdf,,"SMITH, WALTER BEDELL: Collection of World War II Documents, 1941-45 Box 1",North African Campaign (Subject Guide),23,torch_01KPVZ4Z9C3SRVEJCJM5ACARPE.json; cbl_to_eisenhower_6_aug_42_draft_in_memo_handy_for_classified_mc_01KQ64XM9DA0RYS7BHHJRVWWKV.json; notes_of_a_conference_held_at_the_white_house_at_830_pm_july_30_1942_01KPT6HDB14AJS642G511P2AJ1.json; memorandum_for_wd_classified_mc_commander_for_torch_01KPVZ4XX941T9WPEGJTYTETB3.json; torch_and_the_european_theater_of_operations_the_administrative_and_logistical_h_01KPVZQ8EKR6TF67YZ2SQNHGSP.json,0,
1st Armored Division) Oct 1942 [982-1311],https://www.eisenhowerlibrary.gov/sites/default/files/research/subject-guides/pdf/north-african-campaign.pdf,,"SMITH, WALTER BEDELL: Collection of World War II Documents, 1941-45 Box 1",North African Campaign (Subject Guide),16,telecon_gause_and_schneider_0430_23_aug_lxxxi_corps_ktb_01KPVNZ7B1CVR2Q5WCSMMFS3HB.json; overseas_pictorial_history_of_headquarters_battery_231st_armored_field_artillery_01KPSSFPA3XFDH39Z73H4W89CD.json; authors_interviews_with_former_6th_armored_division_personnel_01KPVGNAFFS1J09YGSKPM4P6AR.json; 391st_armd_fa_bn_aar_nov_44_01KTA7SA0ES6YVE005EWTJNR0R.json; the_sources_for_this_chapter_are_the_invaluable_msgs_in_the_viii_corps_g_3_jnl_a_01KQ7R0H1EY47VQM9BN18K59G2.json,0,
Amphibious Operations in North Africa 1942-1943 [50-234],https://www.eisenhowerlibrary.gov/sites/default/files/research/subject-guides/pdf/north-african-campaign.pdf,,"SMITH, WALTER BEDELL: Collection of World War II Documents, 1941-45 Box 1",North African Campaign (Subject Guide),9,cos_44_5th_mtg_o_7_jan_44_01KPTACG03MF8E50PDEB4W5XC5.json; a_history_of_the_second_united_states_armored_division_01KTC6TXE50NV5RV9J4CCJD22P.json; ch_i_01KQ663BC560ZY6C8AQKGCD1JE.json; a_history_of_the_second_united_states_armored_division_01KTACETX1WEW4BZEBHEHX565D.json; general_krueger_report_01KRSWWNXWFXBX6BK5CRG08Q16.json,0,
Reel 73 Lessons Learned Operation Torch Dec 1942 [1-8],https://www.eisenhowerlibrary.gov/sites/default/files/research/subject-guides/pdf/north-african-campaign.pdf,,"SMITH, WALTER BEDELL: Collection of World War II Documents, 1941-45 Box 13",North African Campaign (Subject Guide),23,torch_01KPVZ4Z9C3SRVEJCJM5ACARPE.json; cbl_to_eisenhower_6_aug_42_draft_in_memo_handy_for_classified_mc_01KQ64XM9DA0RYS7BHHJRVWWKV.json; notes_of_a_conference_held_at_the_white_house_at_830_pm_july_30_1942_01KPT6HDB14AJS642G511P2AJ1.json; memorandum_for_wd_classified_mc_commander_for_torch_01KPVZ4XX941T9WPEGJTYTETB3.json; torch_and_the_european_theater_of_operations_the_administrative_and_logistical_h_01KPVZQ8EKR6TF67YZ2SQNHGSP.json,0,
Reel 143 16th Inf Regt Oran Campaign 8-16 Nov 1942 [597-601],https://www.eisenhowerlibrary.gov/sites/default/files/research/subject-guides/pdf/north-african-campaign.pdf,,"SMITH, WALTER BEDELL: Collection of World War II Documents, 1941-45 Box 24",North African Campaign (Subject Guide),66,memorandum_wp_42_311_21_july_1942_01KPVZ43PRCM4G6HQEF9R8J9QG.json; operations_memorandum_76_26_august_1944_01KQ7YBJ3J746856VX9XCP6C7Q.json; operations_in_western_europe_01KPT6ACQE3HS893E3CEJKVAJ1.json; memorandum_for_gen_bradley_01KPTAJAFEFBSWYEAJRJB6DRSQ.json; les_allies_aux_portes_davranches_01KPSQKY2FKSM8HFNA41HX9CCB.json,0,
Researcher may want to check other reels to for reference to Operation TORCH and North,https://www.eisenhowerlibrary.gov/sites/default/files/research/subject-guides/pdf/north-african-campaign.pdf,,"SMITH, WALTER BEDELL: Collection of World War II Documents, 1941-45 Box 25",North African Campaign (Subject Guide),23,torch_01KPVZ4Z9C3SRVEJCJM5ACARPE.json; cbl_to_eisenhower_6_aug_42_draft_in_memo_handy_for_classified_mc_01KQ64XM9DA0RYS7BHHJRVWWKV.json; notes_of_a_conference_held_at_the_white_house_at_830_pm_july_30_1942_01KPT6HDB14AJS642G511P2AJ1.json; memorandum_for_wd_classified_mc_commander_for_torch_01KPVZ4XX941T9WPEGJTYTETB3.json; torch_and_the_european_theater_of_operations_the_administrative_and_logistical_h_01KPVZQ8EKR6TF67YZ2SQNHGSP.json,0,
"Service: Pilot, 97th Bomber Group, Europe; flew DDE from Gibraltar to North Africa,",https://www.eisenhowerlibrary.gov/sites/default/files/research/subject-guides/pdf/north-african-campaign.pdf,,WORLD WAR II PARTICIPANTS AND CONTEMPORARIES: Papers Box 1,North African Campaign (Subject Guide),9,cos_44_5th_mtg_o_7_jan_44_01KPTACG03MF8E50PDEB4W5XC5.json; a_history_of_the_second_united_states_armored_division_01KTC6TXE50NV5RV9J4CCJD22P.json; ch_i_01KQ663BC560ZY6C8AQKGCD1JE.json; a_history_of_the_second_united_states_armored_division_01KTACETX1WEW4BZEBHEHX565D.json; general_krueger_report_01KRSWWNXWFXBX6BK5CRG08Q16.json,0,
Maps [French map of Casablanca; road map of Northwest Africa and the area from,https://www.eisenhowerlibrary.gov/sites/default/files/research/subject-guides/pdf/north-african-campaign.pdf,,WORLD WAR II PARTICIPANTS AND CONTEMPORARIES: Papers Box 1,North African Campaign (Subject Guide),25,cos_44_5th_mtg_o_7_jan_44_01KPTACG03MF8E50PDEB4W5XC5.json; ccs_56th_mtg_14_jan_43_01KPT6SHVNEYQB346DARHTT0PH.json; ccs_55th_meeting_minutes_14_january_1943_01KPT6RW6F0EDS7SPFQSF9FD8B.json; cos_43_105_0_final_01KPT6YR2B9DEYN5BZ2377GZD5.json; annex_to_3d_br_cos_casablanca_mtg_01KQ659CXKBD31KQX1GCG37VC8.json,0,
Casablanca to Rabat],https://www.eisenhowerlibrary.gov/sites/default/files/research/subject-guides/pdf/north-african-campaign.pdf,,WORLD WAR II PARTICIPANTS AND CONTEMPORARIES: Papers Box 1,North African Campaign (Subject Guide),16,ccs_56th_mtg_14_jan_43_01KPT6SHVNEYQB346DARHTT0PH.json; ccs_55th_meeting_minutes_14_january_1943_01KPT6RW6F0EDS7SPFQSF9FD8B.json; cos_43_105_0_final_01KPT6YR2B9DEYN5BZ2377GZD5.json; annex_to_3d_br_cos_casablanca_mtg_01KQ659CXKBD31KQX1GCG37VC8.json; note_by_minister_of_defence_01KPT6RY1DEAM56SV56GDMWDPJ.json,0,
"Service: WAC, North Africa & Italy",https://www.eisenhowerlibrary.gov/sites/default/files/research/subject-guides/pdf/north-african-campaign.pdf,,WORLD WAR II PARTICIPANTS AND CONTEMPORARIES: Papers Box 1,North African Campaign (Subject Guide),9,cos_44_5th_mtg_o_7_jan_44_01KPTACG03MF8E50PDEB4W5XC5.json; a_history_of_the_second_united_states_armored_division_01KTC6TXE50NV5RV9J4CCJD22P.json; ch_i_01KQ663BC560ZY6C8AQKGCD1JE.json; a_history_of_the_second_united_states_armored_division_01KTACETX1WEW4BZEBHEHX565D.json; general_krueger_report_01KRSWWNXWFXBX6BK5CRG08Q16.json,0,
Papers [experiences being a WAC in Africa and Italy; letters describe what her job was,https://www.eisenhowerlibrary.gov/sites/default/files/research/subject-guides/pdf/north-african-campaign.pdf,,WORLD WAR II PARTICIPANTS AND CONTEMPORARIES: Papers Box 1,North African Campaign (Subject Guide),9,cos_44_5th_mtg_o_7_jan_44_01KPTACG03MF8E50PDEB4W5XC5.json; a_history_of_the_second_united_states_armored_division_01KTC6TXE50NV5RV9J4CCJD22P.json; ch_i_01KQ663BC560ZY6C8AQKGCD1JE.json; a_history_of_the_second_united_states_armored_division_01KTACETX1WEW4BZEBHEHX565D.json; general_krueger_report_01KRSWWNXWFXBX6BK5CRG08Q16.json,0,
"Service: II Corps, North Africa & Europe",https://www.eisenhowerlibrary.gov/sites/default/files/research/subject-guides/pdf/north-african-campaign.pdf,,WORLD WAR II PARTICIPANTS AND CONTEMPORARIES: Papers Box 1,North African Campaign (Subject Guide),1083,second_br_army_g_2_to_xix_corps_g_2_01KPT0Q6M0WRKZ8WJX7ES7YR8Q.json; rpt_of_abn_phase_101st_abn_div_and_a_graphic_account_of_the_82d_airborne_divisio_01KTC74CC2R7R21SB7XTTAPC27.json; vii_corps_fo_12_8_nov_44_01KT7ZDAVWGPFB4P95PZFS035S.json; 90th_div_msg_1105_8_jul_and_viii_corps_msg_0940_9_jul_viii_corps_g_3_jnl_and_fil_01KPVTVWPVBHW2AX91673RS3ST.json; xii_corps_spearhead_of_pattons_third_army_01KS45GYFK1SZHTS9E3EGA4AGJ.json,0,
"Unit History - II Corps [history of II Corps is the story of all its members, living and",https://www.eisenhowerlibrary.gov/sites/default/files/research/subject-guides/pdf/north-african-campaign.pdf,,WORLD WAR II PARTICIPANTS AND CONTEMPORARIES: Papers Box 1,North African Campaign (Subject Guide),1076,second_br_army_g_2_to_xix_corps_g_2_01KPT0Q6M0WRKZ8WJX7ES7YR8Q.json; rpt_of_abn_phase_101st_abn_div_and_a_graphic_account_of_the_82d_airborne_divisio_01KTC74CC2R7R21SB7XTTAPC27.json; vii_corps_fo_12_8_nov_44_01KT7ZDAVWGPFB4P95PZFS035S.json; 90th_div_msg_1105_8_jul_and_viii_corps_msg_0940_9_jul_viii_corps_g_3_jnl_and_fil_01KPVTVWPVBHW2AX91673RS3ST.json; xii_corps_spearhead_of_pattons_third_army_01KS45GYFK1SZHTS9E3EGA4AGJ.json,0,
"Service: 3156 Signal Service Co, North Africa",https://www.eisenhowerlibrary.gov/sites/default/files/research/subject-guides/pdf/north-african-campaign.pdf,,WORLD WAR II PARTICIPANTS AND CONTEMPORARIES: Papers Box 1,North African Campaign (Subject Guide),9,cos_44_5th_mtg_o_7_jan_44_01KPTACG03MF8E50PDEB4W5XC5.json; a_history_of_the_second_united_states_armored_division_01KTC6TXE50NV5RV9J4CCJD22P.json; ch_i_01KQ663BC560ZY6C8AQKGCD1JE.json; a_history_of_the_second_united_states_armored_division_01KTACETX1WEW4BZEBHEHX565D.json; general_krueger_report_01KRSWWNXWFXBX6BK5CRG08Q16.json,0,
of photos of Brown’s service in Algiers],https://www.eisenhowerlibrary.gov/sites/default/files/research/subject-guides/pdf/north-african-campaign.pdf,,WORLD WAR II PARTICIPANTS AND CONTEMPORARIES: Papers Box 1,North African Campaign (Subject Guide),3,meetings_at_algiers_between_churchill_marshall_eisenhower_and_others_29_and_31_m_01KQ661Y58YA3665B36XBZ642B.json; min_of_trident_conf_01KQ66201N0XKS2GSP9PFGYR1A.json; minutes_of_trident_conference_01KPT989RHJCGB6QNARFXXPQ7K.json,0,
Service: son of serviceman in North Africa,https://www.eisenhowerlibrary.gov/sites/default/files/research/subject-guides/pdf/north-african-campaign.pdf,,WORLD WAR II PARTICIPANTS AND CONTEMPORARIES: Papers Box 1,North African Campaign (Subject Guide),9,cos_44_5th_mtg_o_7_jan_44_01KPTACG03MF8E50PDEB4W5XC5.json; a_history_of_the_second_united_states_armored_division_01KTC6TXE50NV5RV9J4CCJD22P.json; ch_i_01KQ663BC560ZY6C8AQKGCD1JE.json; a_history_of_the_second_united_states_armored_division_01KTACETX1WEW4BZEBHEHX565D.json; general_krueger_report_01KRSWWNXWFXBX6BK5CRG08Q16.json,0,
"Service: 2nd FA Bn, North Africa & Europe",https://www.eisenhowerlibrary.gov/sites/default/files/research/subject-guides/pdf/north-african-campaign.pdf,,WORLD WAR II PARTICIPANTS AND CONTEMPORARIES: Papers Box 1,North African Campaign (Subject Guide),9,cos_44_5th_mtg_o_7_jan_44_01KPTACG03MF8E50PDEB4W5XC5.json; a_history_of_the_second_united_states_armored_division_01KTC6TXE50NV5RV9J4CCJD22P.json; ch_i_01KQ663BC560ZY6C8AQKGCD1JE.json; a_history_of_the_second_united_states_armored_division_01KTACETX1WEW4BZEBHEHX565D.json; general_krueger_report_01KRSWWNXWFXBX6BK5CRG08Q16.json,0,
"Service: Donated item from Richard Lipps in 513 Bomber Sq, North Africa",https://www.eisenhowerlibrary.gov/sites/default/files/research/subject-guides/pdf/north-african-campaign.pdf,,WORLD WAR II PARTICIPANTS AND CONTEMPORARIES: Papers Box 1,North African Campaign (Subject Guide),9,cos_44_5th_mtg_o_7_jan_44_01KPTACG03MF8E50PDEB4W5XC5.json; a_history_of_the_second_united_states_armored_division_01KTC6TXE50NV5RV9J4CCJD22P.json; ch_i_01KQ663BC560ZY6C8AQKGCD1JE.json; a_history_of_the_second_united_states_armored_division_01KTACETX1WEW4BZEBHEHX565D.json; general_krueger_report_01KRSWWNXWFXBX6BK5CRG08Q16.json,0,
"Service: 133rd Inf Regt, 34th Inf Div, North Africa & Italy",https://www.eisenhowerlibrary.gov/sites/default/files/research/subject-guides/pdf/north-african-campaign.pdf,,WORLD WAR II PARTICIPANTS AND CONTEMPORARIES: Papers Box 1,North African Campaign (Subject Guide),9,cos_44_5th_mtg_o_7_jan_44_01KPTACG03MF8E50PDEB4W5XC5.json; a_history_of_the_second_united_states_armored_division_01KTC6TXE50NV5RV9J4CCJD22P.json; ch_i_01KQ663BC560ZY6C8AQKGCD1JE.json; a_history_of_the_second_united_states_armored_division_01KTACETX1WEW4BZEBHEHX565D.json; general_krueger_report_01KRSWWNXWFXBX6BK5CRG08Q16.json,0,
"Service: 3486 Ordnance Maintenance Co., 5th Army, North Africa and Italy",https://www.eisenhowerlibrary.gov/sites/default/files/research/subject-guides/pdf/north-african-campaign.pdf,,WORLD WAR II PARTICIPANTS AND CONTEMPORARIES: Papers Box 1,North African Campaign (Subject Guide),9,cos_44_5th_mtg_o_7_jan_44_01KPTACG03MF8E50PDEB4W5XC5.json; a_history_of_the_second_united_states_armored_division_01KTC6TXE50NV5RV9J4CCJD22P.json; ch_i_01KQ663BC560ZY6C8AQKGCD1JE.json; a_history_of_the_second_united_states_armored_division_01KTACETX1WEW4BZEBHEHX565D.json; general_krueger_report_01KRSWWNXWFXBX6BK5CRG08Q16.json,0,
Memorabilia [Clipping re Mr. Hess in North Africa; message from FDR and DDE in,https://www.eisenhowerlibrary.gov/sites/default/files/research/subject-guides/pdf/north-african-campaign.pdf,,WORLD WAR II PARTICIPANTS AND CONTEMPORARIES: Papers Box 1,North African Campaign (Subject Guide),9,cos_44_5th_mtg_o_7_jan_44_01KPTACG03MF8E50PDEB4W5XC5.json; a_history_of_the_second_united_states_armored_division_01KTC6TXE50NV5RV9J4CCJD22P.json; ch_i_01KQ663BC560ZY6C8AQKGCD1JE.json; a_history_of_the_second_united_states_armored_division_01KTACETX1WEW4BZEBHEHX565D.json; general_krueger_report_01KRSWWNXWFXBX6BK5CRG08Q16.json,0,
"Photographs [photos of Mr. Hess, North African scenery, North African Cemetery,]",https://www.eisenhowerlibrary.gov/sites/default/files/research/subject-guides/pdf/north-african-campaign.pdf,,WORLD WAR II PARTICIPANTS AND CONTEMPORARIES: Papers Box 1,North African Campaign (Subject Guide),9,cos_44_5th_mtg_o_7_jan_44_01KPTACG03MF8E50PDEB4W5XC5.json; a_history_of_the_second_united_states_armored_division_01KTC6TXE50NV5RV9J4CCJD22P.json; ch_i_01KQ663BC560ZY6C8AQKGCD1JE.json; a_history_of_the_second_united_states_armored_division_01KTACETX1WEW4BZEBHEHX565D.json; general_krueger_report_01KRSWWNXWFXBX6BK5CRG08Q16.json,0,
French army in North Africa],https://www.eisenhowerlibrary.gov/sites/default/files/research/subject-guides/pdf/north-african-campaign.pdf,,WORLD WAR II PARTICIPANTS AND CONTEMPORARIES: Papers Box 1,North African Campaign (Subject Guide),9,cos_44_5th_mtg_o_7_jan_44_01KPTACG03MF8E50PDEB4W5XC5.json; a_history_of_the_second_united_states_armored_division_01KTC6TXE50NV5RV9J4CCJD22P.json; ch_i_01KQ663BC560ZY6C8AQKGCD1JE.json; a_history_of_the_second_united_states_armored_division_01KTACETX1WEW4BZEBHEHX565D.json; general_krueger_report_01KRSWWNXWFXBX6BK5CRG08Q16.json,0,
Tourist Literature (1)(2) [pocket guide to North Africa],https://www.eisenhowerlibrary.gov/sites/default/files/research/subject-guides/pdf/north-african-campaign.pdf,,WORLD WAR II PARTICIPANTS AND CONTEMPORARIES: Papers Box 1,North African Campaign (Subject Guide),9,cos_44_5th_mtg_o_7_jan_44_01KPTACG03MF8E50PDEB4W5XC5.json; a_history_of_the_second_united_states_armored_division_01KTC6TXE50NV5RV9J4CCJD22P.json; ch_i_01KQ663BC560ZY6C8AQKGCD1JE.json; a_history_of_the_second_united_states_armored_division_01KTACETX1WEW4BZEBHEHX565D.json; general_krueger_report_01KRSWWNXWFXBX6BK5CRG08Q16.json,0,
Tourist Literature - Post Cards (1)-(3) [from Italy and North Africa],https://www.eisenhowerlibrary.gov/sites/default/files/research/subject-guides/pdf/north-african-campaign.pdf,,WORLD WAR II PARTICIPANTS AND CONTEMPORARIES: Papers Box 1,North African Campaign (Subject Guide),9,cos_44_5th_mtg_o_7_jan_44_01KPTACG03MF8E50PDEB4W5XC5.json; a_history_of_the_second_united_states_armored_division_01KTC6TXE50NV5RV9J4CCJD22P.json; ch_i_01KQ663BC560ZY6C8AQKGCD1JE.json; a_history_of_the_second_united_states_armored_division_01KTACETX1WEW4BZEBHEHX565D.json; general_krueger_report_01KRSWWNXWFXBX6BK5CRG08Q16.json,0,
"Service: Daughter of Wade Walter Nyquist, soldier in North Africa, POW",https://www.eisenhowerlibrary.gov/sites/default/files/research/subject-guides/pdf/north-african-campaign.pdf,,service as a military chaplain is in the Dwight D. Eisenhower Library Collection of Box 1,North African Campaign (Subject Guide),9,cos_44_5th_mtg_o_7_jan_44_01KPTACG03MF8E50PDEB4W5XC5.json; a_history_of_the_second_united_states_armored_division_01KTC6TXE50NV5RV9J4CCJD22P.json; ch_i_01KQ663BC560ZY6C8AQKGCD1JE.json; a_history_of_the_second_united_states_armored_division_01KTACETX1WEW4BZEBHEHX565D.json; general_krueger_report_01KRSWWNXWFXBX6BK5CRG08Q16.json,0,
Africa; experiences as POW in Italy & Germany],https://www.eisenhowerlibrary.gov/sites/default/files/research/subject-guides/pdf/north-african-campaign.pdf,,service as a military chaplain is in the Dwight D. Eisenhower Library Collection of Box 1,North African Campaign (Subject Guide),9,cos_44_5th_mtg_o_7_jan_44_01KPTACG03MF8E50PDEB4W5XC5.json; a_history_of_the_second_united_states_armored_division_01KTC6TXE50NV5RV9J4CCJD22P.json; ch_i_01KQ663BC560ZY6C8AQKGCD1JE.json; a_history_of_the_second_united_states_armored_division_01KTACETX1WEW4BZEBHEHX565D.json; general_krueger_report_01KRSWWNXWFXBX6BK5CRG08Q16.json,0,
"Service: 133 Inf Regt, North Africa",https://www.eisenhowerlibrary.gov/sites/default/files/research/subject-guides/pdf/north-african-campaign.pdf,,service as a military chaplain is in the Dwight D. Eisenhower Library Collection of Box 1,North African Campaign (Subject Guide),9,cos_44_5th_mtg_o_7_jan_44_01KPTACG03MF8E50PDEB4W5XC5.json; a_history_of_the_second_united_states_armored_division_01KTC6TXE50NV5RV9J4CCJD22P.json; ch_i_01KQ663BC560ZY6C8AQKGCD1JE.json; a_history_of_the_second_united_states_armored_division_01KTACETX1WEW4BZEBHEHX565D.json; general_krueger_report_01KRSWWNXWFXBX6BK5CRG08Q16.json,0,
"Service: Wife of Robert L. Mason, 58 FA Bn, North Africa",https://www.eisenhowerlibrary.gov/sites/default/files/research/subject-guides/pdf/north-african-campaign.pdf,,service as a military chaplain is in the Dwight D. Eisenhower Library Collection of Box 1,North African Campaign (Subject Guide),9,cos_44_5th_mtg_o_7_jan_44_01KPTACG03MF8E50PDEB4W5XC5.json; a_history_of_the_second_united_states_armored_division_01KTC6TXE50NV5RV9J4CCJD22P.json; ch_i_01KQ663BC560ZY6C8AQKGCD1JE.json; a_history_of_the_second_united_states_armored_division_01KTACETX1WEW4BZEBHEHX565D.json; general_krueger_report_01KRSWWNXWFXBX6BK5CRG08Q16.json,0,
"Christmas cards from North Africa, Germany, and elsewhere, 1944; letter home re N.",https://www.eisenhowerlibrary.gov/sites/default/files/research/subject-guides/pdf/north-african-campaign.pdf,,service as a military chaplain is in the Dwight D. Eisenhower Library Collection of Box 1,North African Campaign (Subject Guide),9,cos_44_5th_mtg_o_7_jan_44_01KPTACG03MF8E50PDEB4W5XC5.json; a_history_of_the_second_united_states_armored_division_01KTC6TXE50NV5RV9J4CCJD22P.json; ch_i_01KQ663BC560ZY6C8AQKGCD1JE.json; a_history_of_the_second_united_states_armored_division_01KTACETX1WEW4BZEBHEHX565D.json; general_krueger_report_01KRSWWNXWFXBX6BK5CRG08Q16.json,0,
"African campaign, 1943; letters from war dept. re condition of Mr. Mason]",https://www.eisenhowerlibrary.gov/sites/default/files/research/subject-guides/pdf/north-african-campaign.pdf,,service as a military chaplain is in the Dwight D. Eisenhower Library Collection of Box 1,North African Campaign (Subject Guide),9,cos_44_5th_mtg_o_7_jan_44_01KPTACG03MF8E50PDEB4W5XC5.json; a_history_of_the_second_united_states_armored_division_01KTC6TXE50NV5RV9J4CCJD22P.json; ch_i_01KQ663BC560ZY6C8AQKGCD1JE.json; a_history_of_the_second_united_states_armored_division_01KTACETX1WEW4BZEBHEHX565D.json; general_krueger_report_01KRSWWNXWFXBX6BK5CRG08Q16.json,0,
"Service: 48th Fighter Squadron, North Africa",https://www.eisenhowerlibrary.gov/sites/default/files/research/subject-guides/pdf/north-african-campaign.pdf,,service as a military chaplain is in the Dwight D. Eisenhower Library Collection of Box 1,North African Campaign (Subject Guide),9,cos_44_5th_mtg_o_7_jan_44_01KPTACG03MF8E50PDEB4W5XC5.json; a_history_of_the_second_united_states_armored_division_01KTC6TXE50NV5RV9J4CCJD22P.json; ch_i_01KQ663BC560ZY6C8AQKGCD1JE.json; a_history_of_the_second_united_states_armored_division_01KTACETX1WEW4BZEBHEHX565D.json; general_krueger_report_01KRSWWNXWFXBX6BK5CRG08Q16.json,0,
North Africa & Italy,https://www.eisenhowerlibrary.gov/sites/default/files/research/subject-guides/pdf/north-african-campaign.pdf,,service as a military chaplain is in the Dwight D. Eisenhower Library Collection of Box 1,North African Campaign (Subject Guide),9,cos_44_5th_mtg_o_7_jan_44_01KPTACG03MF8E50PDEB4W5XC5.json; a_history_of_the_second_united_states_armored_division_01KTC6TXE50NV5RV9J4CCJD22P.json; ch_i_01KQ663BC560ZY6C8AQKGCD1JE.json; a_history_of_the_second_united_states_armored_division_01KTACETX1WEW4BZEBHEHX565D.json; general_krueger_report_01KRSWWNXWFXBX6BK5CRG08Q16.json,0,
North Africa & Italy],https://www.eisenhowerlibrary.gov/sites/default/files/research/subject-guides/pdf/north-african-campaign.pdf,,service as a military chaplain is in the Dwight D. Eisenhower Library Collection of Box 1,North African Campaign (Subject Guide),9,cos_44_5th_mtg_o_7_jan_44_01KPTACG03MF8E50PDEB4W5XC5.json; a_history_of_the_second_united_states_armored_division_01KTC6TXE50NV5RV9J4CCJD22P.json; ch_i_01KQ663BC560ZY6C8AQKGCD1JE.json; a_history_of_the_second_united_states_armored_division_01KTACETX1WEW4BZEBHEHX565D.json; general_krueger_report_01KRSWWNXWFXBX6BK5CRG08Q16.json,0,
"Service: Army Air Corps, North Africa & Europe",https://www.eisenhowerlibrary.gov/sites/default/files/research/subject-guides/pdf/north-african-campaign.pdf,,service as a military chaplain is in the Dwight D. Eisenhower Library Collection of Box 1,North African Campaign (Subject Guide),9,cos_44_5th_mtg_o_7_jan_44_01KPTACG03MF8E50PDEB4W5XC5.json; a_history_of_the_second_united_states_armored_division_01KTC6TXE50NV5RV9J4CCJD22P.json; ch_i_01KQ663BC560ZY6C8AQKGCD1JE.json; a_history_of_the_second_united_states_armored_division_01KTACETX1WEW4BZEBHEHX565D.json; general_krueger_report_01KRSWWNXWFXBX6BK5CRG08Q16.json,0,
experiences of a pilot in N. Africa and Europe],https://www.eisenhowerlibrary.gov/sites/default/files/research/subject-guides/pdf/north-african-campaign.pdf,,service as a military chaplain is in the Dwight D. Eisenhower Library Collection of Box 1,North African Campaign (Subject Guide),9,cos_44_5th_mtg_o_7_jan_44_01KPTACG03MF8E50PDEB4W5XC5.json; a_history_of_the_second_united_states_armored_division_01KTC6TXE50NV5RV9J4CCJD22P.json; ch_i_01KQ663BC560ZY6C8AQKGCD1JE.json; a_history_of_the_second_united_states_armored_division_01KTACETX1WEW4BZEBHEHX565D.json; general_krueger_report_01KRSWWNXWFXBX6BK5CRG08Q16.json,0,
Nels Quam Memoir [sailing to North Africa 1944; German attack on ship; work in,https://www.eisenhowerlibrary.gov/sites/default/files/research/subject-guides/pdf/north-african-campaign.pdf,,service as a military chaplain is in the Dwight D. Eisenhower Library Collection of Box 1,North African Campaign (Subject Guide),9,cos_44_5th_mtg_o_7_jan_44_01KPTACG03MF8E50PDEB4W5XC5.json; a_history_of_the_second_united_states_armored_division_01KTC6TXE50NV5RV9J4CCJD22P.json; ch_i_01KQ663BC560ZY6C8AQKGCD1JE.json; a_history_of_the_second_united_states_armored_division_01KTACETX1WEW4BZEBHEHX565D.json; general_krueger_report_01KRSWWNXWFXBX6BK5CRG08Q16.json,0,
"Service: Cousin of LTC Kimball R. Richmond, 16th Inf Regt, North Africa & Europe",https://www.eisenhowerlibrary.gov/sites/default/files/research/subject-guides/pdf/north-african-campaign.pdf,,service as a military chaplain is in the Dwight D. Eisenhower Library Collection of Box 1,North African Campaign (Subject Guide),9,cos_44_5th_mtg_o_7_jan_44_01KPTACG03MF8E50PDEB4W5XC5.json; a_history_of_the_second_united_states_armored_division_01KTC6TXE50NV5RV9J4CCJD22P.json; ch_i_01KQ663BC560ZY6C8AQKGCD1JE.json; a_history_of_the_second_united_states_armored_division_01KTACETX1WEW4BZEBHEHX565D.json; general_krueger_report_01KRSWWNXWFXBX6BK5CRG08Q16.json,0,
"Service: nephew of John M. Rogers, 1st Inf Div, North Africa and Europe",https://www.eisenhowerlibrary.gov/sites/default/files/research/subject-guides/pdf/north-african-campaign.pdf,,service as a military chaplain is in the Dwight D. Eisenhower Library Collection of Box 1,North African Campaign (Subject Guide),9,cos_44_5th_mtg_o_7_jan_44_01KPTACG03MF8E50PDEB4W5XC5.json; a_history_of_the_second_united_states_armored_division_01KTC6TXE50NV5RV9J4CCJD22P.json; ch_i_01KQ663BC560ZY6C8AQKGCD1JE.json; a_history_of_the_second_united_states_armored_division_01KTACETX1WEW4BZEBHEHX565D.json; general_krueger_report_01KRSWWNXWFXBX6BK5CRG08Q16.json,0,
"Service: 1st Armored Div, N. Africa & Italy",https://www.eisenhowerlibrary.gov/sites/default/files/research/subject-guides/pdf/north-african-campaign.pdf,,service as a military chaplain is in the Dwight D. Eisenhower Library Collection of Box 1,North African Campaign (Subject Guide),25,cos_44_5th_mtg_o_7_jan_44_01KPTACG03MF8E50PDEB4W5XC5.json; telecon_gause_and_schneider_0430_23_aug_lxxxi_corps_ktb_01KPVNZ7B1CVR2Q5WCSMMFS3HB.json; overseas_pictorial_history_of_headquarters_battery_231st_armored_field_artillery_01KPSSFPA3XFDH39Z73H4W89CD.json; authors_interviews_with_former_6th_armored_division_personnel_01KPVGNAFFS1J09YGSKPM4P6AR.json; 391st_armd_fa_bn_aar_nov_44_01KTA7SA0ES6YVE005EWTJNR0R.json,0,
"Africa and Italy, 1943-45]",https://www.eisenhowerlibrary.gov/sites/default/files/research/subject-guides/pdf/north-african-campaign.pdf,,service as a military chaplain is in the Dwight D. Eisenhower Library Collection of Box 1,North African Campaign (Subject Guide),9,cos_44_5th_mtg_o_7_jan_44_01KPTACG03MF8E50PDEB4W5XC5.json; a_history_of_the_second_united_states_armored_division_01KTC6TXE50NV5RV9J4CCJD22P.json; ch_i_01KQ663BC560ZY6C8AQKGCD1JE.json; a_history_of_the_second_united_states_armored_division_01KTACETX1WEW4BZEBHEHX565D.json; general_krueger_report_01KRSWWNXWFXBX6BK5CRG08Q16.json,0,
"Service: 149th WAAC Post Headquarters Company, North Africa",https://www.eisenhowerlibrary.gov/sites/default/files/research/subject-guides/pdf/north-african-campaign.pdf,,service as a military chaplain is in the Dwight D. Eisenhower Library Collection of Box 1,North African Campaign (Subject Guide),9,cos_44_5th_mtg_o_7_jan_44_01KPTACG03MF8E50PDEB4W5XC5.json; a_history_of_the_second_united_states_armored_division_01KTC6TXE50NV5RV9J4CCJD22P.json; ch_i_01KQ663BC560ZY6C8AQKGCD1JE.json; a_history_of_the_second_united_states_armored_division_01KTACETX1WEW4BZEBHEHX565D.json; general_krueger_report_01KRSWWNXWFXBX6BK5CRG08Q16.json,0,
William Bright Interview [Bright’s service as navy gunner in North Africa],https://www.eisenhowerlibrary.gov/sites/default/files/research/subject-guides/pdf/north-african-campaign.pdf,,service as a military chaplain is in the Dwight D. Eisenhower Library Collection of Box 1,North African Campaign (Subject Guide),9,cos_44_5th_mtg_o_7_jan_44_01KPTACG03MF8E50PDEB4W5XC5.json; a_history_of_the_second_united_states_armored_division_01KTC6TXE50NV5RV9J4CCJD22P.json; ch_i_01KQ663BC560ZY6C8AQKGCD1JE.json; a_history_of_the_second_united_states_armored_division_01KTACETX1WEW4BZEBHEHX565D.json; general_krueger_report_01KRSWWNXWFXBX6BK5CRG08Q16.json,0,
"Service: Medical Corps, North Africa",https://www.eisenhowerlibrary.gov/sites/default/files/research/subject-guides/pdf/north-african-campaign.pdf,,service as a military chaplain is in the Dwight D. Eisenhower Library Collection of Box 1,North African Campaign (Subject Guide),9,cos_44_5th_mtg_o_7_jan_44_01KPTACG03MF8E50PDEB4W5XC5.json; a_history_of_the_second_united_states_armored_division_01KTC6TXE50NV5RV9J4CCJD22P.json; ch_i_01KQ663BC560ZY6C8AQKGCD1JE.json; a_history_of_the_second_united_states_armored_division_01KTACETX1WEW4BZEBHEHX565D.json; general_krueger_report_01KRSWWNXWFXBX6BK5CRG08Q16.json,0,
"Service: 175 Engrs, North Africa & Italy",https://www.eisenhowerlibrary.gov/sites/default/files/research/subject-guides/pdf/north-african-campaign.pdf,,service as a military chaplain is in the Dwight D. Eisenhower Library Collection of Box 1,North African Campaign (Subject Guide),9,cos_44_5th_mtg_o_7_jan_44_01KPTACG03MF8E50PDEB4W5XC5.json; a_history_of_the_second_united_states_armored_division_01KTC6TXE50NV5RV9J4CCJD22P.json; ch_i_01KQ663BC560ZY6C8AQKGCD1JE.json; a_history_of_the_second_united_states_armored_division_01KTACETX1WEW4BZEBHEHX565D.json; general_krueger_report_01KRSWWNXWFXBX6BK5CRG08Q16.json,0,
"Service: Widow(?) of Gilbert E. Weldon, Battery C, 432 AA Bn, North Africa & Italy",https://www.eisenhowerlibrary.gov/sites/default/files/research/subject-guides/pdf/north-african-campaign.pdf,,service as a military chaplain is in the Dwight D. Eisenhower Library Collection of Box 1,North African Campaign (Subject Guide),9,cos_44_5th_mtg_o_7_jan_44_01KPTACG03MF8E50PDEB4W5XC5.json; a_history_of_the_second_united_states_armored_division_01KTC6TXE50NV5RV9J4CCJD22P.json; ch_i_01KQ663BC560ZY6C8AQKGCD1JE.json; a_history_of_the_second_united_states_armored_division_01KTACETX1WEW4BZEBHEHX565D.json; general_krueger_report_01KRSWWNXWFXBX6BK5CRG08Q16.json,0,
"Diary (1)-(3) [original diary, electrostatic copy and typed transcript, covering Mar 1943Sept 1945; ",https://www.eisenhowerlibrary.gov/sites/default/files/research/subject-guides/pdf/north-african-campaign.pdf,,service as a military chaplain is in the Dwight D. Eisenhower Library Collection of Box 1,North African Campaign (Subject Guide),9,cos_44_5th_mtg_o_7_jan_44_01KPTACG03MF8E50PDEB4W5XC5.json; a_history_of_the_second_united_states_armored_division_01KTC6TXE50NV5RV9J4CCJD22P.json; ch_i_01KQ663BC560ZY6C8AQKGCD1JE.json; a_history_of_the_second_united_states_armored_division_01KTACETX1WEW4BZEBHEHX565D.json; general_krueger_report_01KRSWWNXWFXBX6BK5CRG08Q16.json,0,
"Service: 81 Armd Rcn Bn, North Africa and Italy",https://www.eisenhowerlibrary.gov/sites/default/files/research/subject-guides/pdf/north-african-campaign.pdf,,service as a military chaplain is in the Dwight D. Eisenhower Library Collection of Box 1,North African Campaign (Subject Guide),9,cos_44_5th_mtg_o_7_jan_44_01KPTACG03MF8E50PDEB4W5XC5.json; a_history_of_the_second_united_states_armored_division_01KTC6TXE50NV5RV9J4CCJD22P.json; ch_i_01KQ663BC560ZY6C8AQKGCD1JE.json; a_history_of_the_second_united_states_armored_division_01KTACETX1WEW4BZEBHEHX565D.json; general_krueger_report_01KRSWWNXWFXBX6BK5CRG08Q16.json,0,
"Memoirs [account of war entitled “One Soldiers Memories,” donor served North Africa",https://www.eisenhowerlibrary.gov/sites/default/files/research/subject-guides/pdf/north-african-campaign.pdf,,service as a military chaplain is in the Dwight D. Eisenhower Library Collection of Box 1,North African Campaign (Subject Guide),9,cos_44_5th_mtg_o_7_jan_44_01KPTACG03MF8E50PDEB4W5XC5.json; a_history_of_the_second_united_states_armored_division_01KTC6TXE50NV5RV9J4CCJD22P.json; ch_i_01KQ663BC560ZY6C8AQKGCD1JE.json; a_history_of_the_second_united_states_armored_division_01KTACETX1WEW4BZEBHEHX565D.json; general_krueger_report_01KRSWWNXWFXBX6BK5CRG08Q16.json,0,
"Service: North Africa Service Command, US Army; brother of Lloyd Woellhof, US",https://www.eisenhowerlibrary.gov/sites/default/files/research/subject-guides/pdf/north-african-campaign.pdf,,service as a military chaplain is in the Dwight D. Eisenhower Library Collection of Box 1,North African Campaign (Subject Guide),9,cos_44_5th_mtg_o_7_jan_44_01KPTACG03MF8E50PDEB4W5XC5.json; a_history_of_the_second_united_states_armored_division_01KTC6TXE50NV5RV9J4CCJD22P.json; ch_i_01KQ663BC560ZY6C8AQKGCD1JE.json; a_history_of_the_second_united_states_armored_division_01KTACETX1WEW4BZEBHEHX565D.json; general_krueger_report_01KRSWWNXWFXBX6BK5CRG08Q16.json,0,
"Service: 1 Signal Armd Bn, N Africa & Europe",https://www.eisenhowerlibrary.gov/sites/default/files/research/subject-guides/pdf/north-african-campaign.pdf,,service as a military chaplain is in the Dwight D. Eisenhower Library Collection of Box 1,North African Campaign (Subject Guide),9,cos_44_5th_mtg_o_7_jan_44_01KPTACG03MF8E50PDEB4W5XC5.json; a_history_of_the_second_united_states_armored_division_01KTC6TXE50NV5RV9J4CCJD22P.json; ch_i_01KQ663BC560ZY6C8AQKGCD1JE.json; a_history_of_the_second_united_states_armored_division_01KTACETX1WEW4BZEBHEHX565D.json; general_krueger_report_01KRSWWNXWFXBX6BK5CRG08Q16.json,0,
Interview #2 – Service with the State Department’s Division of Near Eastern and African,https://www.eisenhowerlibrary.gov/sites/default/files/research/subject-guides/pdf/north-african-campaign.pdf,,ORAL HISTORIES: Box 1,North African Campaign (Subject Guide),9,cos_44_5th_mtg_o_7_jan_44_01KPTACG03MF8E50PDEB4W5XC5.json; a_history_of_the_second_united_states_armored_division_01KTC6TXE50NV5RV9J4CCJD22P.json; ch_i_01KQ663BC560ZY6C8AQKGCD1JE.json; a_history_of_the_second_united_states_armored_division_01KTACETX1WEW4BZEBHEHX565D.json; general_krueger_report_01KRSWWNXWFXBX6BK5CRG08Q16.json,0,
Conference: Russian desire to control Italy’s former African colony of Libya.,https://www.eisenhowerlibrary.gov/sites/default/files/research/subject-guides/pdf/north-african-campaign.pdf,,ORAL HISTORIES: Box 1,North African Campaign (Subject Guide),9,cos_44_5th_mtg_o_7_jan_44_01KPTACG03MF8E50PDEB4W5XC5.json; a_history_of_the_second_united_states_armored_division_01KTC6TXE50NV5RV9J4CCJD22P.json; ch_i_01KQ663BC560ZY6C8AQKGCD1JE.json; a_history_of_the_second_united_states_armored_division_01KTACETX1WEW4BZEBHEHX565D.json; general_krueger_report_01KRSWWNXWFXBX6BK5CRG08Q16.json,0,
"Overseas assignment, 1943 (including North Africa).",https://www.eisenhowerlibrary.gov/sites/default/files/research/subject-guides/pdf/north-african-campaign.pdf,,ORAL HISTORIES: Box 1,North African Campaign (Subject Guide),9,cos_44_5th_mtg_o_7_jan_44_01KPTACG03MF8E50PDEB4W5XC5.json; a_history_of_the_second_united_states_armored_division_01KTC6TXE50NV5RV9J4CCJD22P.json; ch_i_01KQ663BC560ZY6C8AQKGCD1JE.json; a_history_of_the_second_united_states_armored_division_01KTACETX1WEW4BZEBHEHX565D.json; general_krueger_report_01KRSWWNXWFXBX6BK5CRG08Q16.json,0,
Interview #2 – U.S. defense of England so British could concentrate on North Africa.,https://www.eisenhowerlibrary.gov/sites/default/files/research/subject-guides/pdf/north-african-campaign.pdf,,ORAL HISTORIES: Box 1,North African Campaign (Subject Guide),9,cos_44_5th_mtg_o_7_jan_44_01KPTACG03MF8E50PDEB4W5XC5.json; a_history_of_the_second_united_states_armored_division_01KTC6TXE50NV5RV9J4CCJD22P.json; ch_i_01KQ663BC560ZY6C8AQKGCD1JE.json; a_history_of_the_second_united_states_armored_division_01KTACETX1WEW4BZEBHEHX565D.json; general_krueger_report_01KRSWWNXWFXBX6BK5CRG08Q16.json,0,
Interview #3 – Arrival of U.S. troops in England for Operation Torch; 34th Infantry,https://www.eisenhowerlibrary.gov/sites/default/files/research/subject-guides/pdf/north-african-campaign.pdf,,ORAL HISTORIES: Box 1,North African Campaign (Subject Guide),23,torch_01KPVZ4Z9C3SRVEJCJM5ACARPE.json; cbl_to_eisenhower_6_aug_42_draft_in_memo_handy_for_classified_mc_01KQ64XM9DA0RYS7BHHJRVWWKV.json; notes_of_a_conference_held_at_the_white_house_at_830_pm_july_30_1942_01KPT6HDB14AJS642G511P2AJ1.json; memorandum_for_wd_classified_mc_commander_for_torch_01KPVZ4XX941T9WPEGJTYTETB3.json; torch_and_the_european_theater_of_operations_the_administrative_and_logistical_h_01KPVZQ8EKR6TF67YZ2SQNHGSP.json,0,
Division in North Africa and Italy.,https://www.eisenhowerlibrary.gov/sites/default/files/research/subject-guides/pdf/north-african-campaign.pdf,,ORAL HISTORIES: Box 1,North African Campaign (Subject Guide),9,cos_44_5th_mtg_o_7_jan_44_01KPTACG03MF8E50PDEB4W5XC5.json; a_history_of_the_second_united_states_armored_division_01KTC6TXE50NV5RV9J4CCJD22P.json; ch_i_01KQ663BC560ZY6C8AQKGCD1JE.json; a_history_of_the_second_united_states_armored_division_01KTACETX1WEW4BZEBHEHX565D.json; general_krueger_report_01KRSWWNXWFXBX6BK5CRG08Q16.json,0,
Planning Operation TORCH.,https://www.eisenhowerlibrary.gov/sites/default/files/research/subject-guides/pdf/north-african-campaign.pdf,,ORAL HISTORIES: Box 1,North African Campaign (Subject Guide),23,torch_01KPVZ4Z9C3SRVEJCJM5ACARPE.json; cbl_to_eisenhower_6_aug_42_draft_in_memo_handy_for_classified_mc_01KQ64XM9DA0RYS7BHHJRVWWKV.json; notes_of_a_conference_held_at_the_white_house_at_830_pm_july_30_1942_01KPT6HDB14AJS642G511P2AJ1.json; memorandum_for_wd_classified_mc_commander_for_torch_01KPVZ4XX941T9WPEGJTYTETB3.json; torch_and_the_european_theater_of_operations_the_administrative_and_logistical_h_01KPVZQ8EKR6TF67YZ2SQNHGSP.json,0,
Interview #10 – Gen. Condon’s solution to religious problem among laborers in MidEast; supplying inv,https://www.eisenhowerlibrary.gov/sites/default/files/research/subject-guides/pdf/north-african-campaign.pdf,,ORAL HISTORIES: Box 1,North African Campaign (Subject Guide),9,cos_44_5th_mtg_o_7_jan_44_01KPTACG03MF8E50PDEB4W5XC5.json; a_history_of_the_second_united_states_armored_division_01KTC6TXE50NV5RV9J4CCJD22P.json; ch_i_01KQ663BC560ZY6C8AQKGCD1JE.json; a_history_of_the_second_united_states_armored_division_01KTACETX1WEW4BZEBHEHX565D.json; general_krueger_report_01KRSWWNXWFXBX6BK5CRG08Q16.json,0,
DDE in Algiers.,https://www.eisenhowerlibrary.gov/sites/default/files/research/subject-guides/pdf/north-african-campaign.pdf,,ORAL HISTORIES: Box 1,North African Campaign (Subject Guide),3,meetings_at_algiers_between_churchill_marshall_eisenhower_and_others_29_and_31_m_01KQ661Y58YA3665B36XBZ642B.json; min_of_trident_conf_01KQ66201N0XKS2GSP9PFGYR1A.json; minutes_of_trident_conference_01KPT989RHJCGB6QNARFXXPQ7K.json,0,
"Commanding General, North Africa Theater, 1944; Deputy Supreme Commander,",https://www.eisenhowerlibrary.gov/sites/default/files/research/subject-guides/pdf/north-african-campaign.pdf,,ORAL HISTORIES: Box 1,North African Campaign (Subject Guide),9,cos_44_5th_mtg_o_7_jan_44_01KPTACG03MF8E50PDEB4W5XC5.json; a_history_of_the_second_united_states_armored_division_01KTC6TXE50NV5RV9J4CCJD22P.json; ch_i_01KQ663BC560ZY6C8AQKGCD1JE.json; a_history_of_the_second_united_states_armored_division_01KTACETX1WEW4BZEBHEHX565D.json; general_krueger_report_01KRSWWNXWFXBX6BK5CRG08Q16.json,0,
Interview #3 – Devers’ transfer to Africa,https://www.eisenhowerlibrary.gov/sites/default/files/research/subject-guides/pdf/north-african-campaign.pdf,,ORAL HISTORIES: Box 1,North African Campaign (Subject Guide),9,cos_44_5th_mtg_o_7_jan_44_01KPTACG03MF8E50PDEB4W5XC5.json; a_history_of_the_second_united_states_armored_division_01KTC6TXE50NV5RV9J4CCJD22P.json; ch_i_01KQ663BC560ZY6C8AQKGCD1JE.json; a_history_of_the_second_united_states_armored_division_01KTACETX1WEW4BZEBHEHX565D.json; general_krueger_report_01KRSWWNXWFXBX6BK5CRG08Q16.json,0,
Interview #4 – Re-equipping the French in North Africa during World War II; comments,https://www.eisenhowerlibrary.gov/sites/default/files/research/subject-guides/pdf/north-african-campaign.pdf,,ORAL HISTORIES: Box 1,North African Campaign (Subject Guide),9,cos_44_5th_mtg_o_7_jan_44_01KPTACG03MF8E50PDEB4W5XC5.json; a_history_of_the_second_united_states_armored_division_01KTC6TXE50NV5RV9J4CCJD22P.json; ch_i_01KQ663BC560ZY6C8AQKGCD1JE.json; a_history_of_the_second_united_states_armored_division_01KTACETX1WEW4BZEBHEHX565D.json; general_krueger_report_01KRSWWNXWFXBX6BK5CRG08Q16.json,0,
"specializing in Africa; advisor to U.S. delegation to Untied States, 1955",https://www.eisenhowerlibrary.gov/sites/default/files/research/subject-guides/pdf/north-african-campaign.pdf,,ORAL HISTORIES: Box 1,North African Campaign (Subject Guide),9,cos_44_5th_mtg_o_7_jan_44_01KPTACG03MF8E50PDEB4W5XC5.json; a_history_of_the_second_united_states_armored_division_01KTC6TXE50NV5RV9J4CCJD22P.json; ch_i_01KQ663BC560ZY6C8AQKGCD1JE.json; a_history_of_the_second_united_states_armored_division_01KTACETX1WEW4BZEBHEHX565D.json; general_krueger_report_01KRSWWNXWFXBX6BK5CRG08Q16.json,0,
Planning operations Torch and Overlord.,https://www.eisenhowerlibrary.gov/sites/default/files/research/subject-guides/pdf/north-african-campaign.pdf,,ORAL HISTORIES: Box 1,North African Campaign (Subject Guide),23,torch_01KPVZ4Z9C3SRVEJCJM5ACARPE.json; cbl_to_eisenhower_6_aug_42_draft_in_memo_handy_for_classified_mc_01KQ64XM9DA0RYS7BHHJRVWWKV.json; notes_of_a_conference_held_at_the_white_house_at_830_pm_july_30_1942_01KPT6HDB14AJS642G511P2AJ1.json; memorandum_for_wd_classified_mc_commander_for_torch_01KPVZ4XX941T9WPEGJTYTETB3.json; torch_and_the_european_theater_of_operations_the_administrative_and_logistical_h_01KPVZQ8EKR6TF67YZ2SQNHGSP.json,0,
Interview #1 – Anecdote regarding Gen. Walter Bedell Smith and Operation Torch; the,https://www.eisenhowerlibrary.gov/sites/default/files/research/subject-guides/pdf/north-african-campaign.pdf,,ORAL HISTORIES: Box 1,North African Campaign (Subject Guide),23,torch_01KPVZ4Z9C3SRVEJCJM5ACARPE.json; cbl_to_eisenhower_6_aug_42_draft_in_memo_handy_for_classified_mc_01KQ64XM9DA0RYS7BHHJRVWWKV.json; notes_of_a_conference_held_at_the_white_house_at_830_pm_july_30_1942_01KPT6HDB14AJS642G511P2AJ1.json; memorandum_for_wd_classified_mc_commander_for_torch_01KPVZ4XX941T9WPEGJTYTETB3.json; torch_and_the_european_theater_of_operations_the_administrative_and_logistical_h_01KPVZQ8EKR6TF67YZ2SQNHGSP.json,0,
"Operation Torch, planning for Operation Torch); problems connected with Operation",https://www.eisenhowerlibrary.gov/sites/default/files/research/subject-guides/pdf/north-african-campaign.pdf,,ORAL HISTORIES: Box 1,North African Campaign (Subject Guide),23,torch_01KPVZ4Z9C3SRVEJCJM5ACARPE.json; cbl_to_eisenhower_6_aug_42_draft_in_memo_handy_for_classified_mc_01KQ64XM9DA0RYS7BHHJRVWWKV.json; notes_of_a_conference_held_at_the_white_house_at_830_pm_july_30_1942_01KPT6HDB14AJS642G511P2AJ1.json; memorandum_for_wd_classified_mc_commander_for_torch_01KPVZ4XX941T9WPEGJTYTETB3.json; torch_and_the_european_theater_of_operations_the_administrative_and_logistical_h_01KPVZQ8EKR6TF67YZ2SQNHGSP.json,0,
"Torch (incl. missing plans, the map incident, logistical difficulties, the French",https://www.eisenhowerlibrary.gov/sites/default/files/research/subject-guides/pdf/north-african-campaign.pdf,,ORAL HISTORIES: Box 1,North African Campaign (Subject Guide),23,torch_01KPVZ4Z9C3SRVEJCJM5ACARPE.json; cbl_to_eisenhower_6_aug_42_draft_in_memo_handy_for_classified_mc_01KQ64XM9DA0RYS7BHHJRVWWKV.json; notes_of_a_conference_held_at_the_white_house_at_830_pm_july_30_1942_01KPT6HDB14AJS642G511P2AJ1.json; memorandum_for_wd_classified_mc_commander_for_torch_01KPVZ4XX941T9WPEGJTYTETB3.json; torch_and_the_european_theater_of_operations_the_administrative_and_logistical_h_01KPVZQ8EKR6TF67YZ2SQNHGSP.json,0,
Africa); Gruenther’s association with Eisenhower (incl. the period from the North,https://www.eisenhowerlibrary.gov/sites/default/files/research/subject-guides/pdf/north-african-campaign.pdf,,ORAL HISTORIES: Box 1,North African Campaign (Subject Guide),9,cos_44_5th_mtg_o_7_jan_44_01KPTACG03MF8E50PDEB4W5XC5.json; a_history_of_the_second_united_states_armored_division_01KTC6TXE50NV5RV9J4CCJD22P.json; ch_i_01KQ663BC560ZY6C8AQKGCD1JE.json; a_history_of_the_second_united_states_armored_division_01KTACETX1WEW4BZEBHEHX565D.json; general_krueger_report_01KRSWWNXWFXBX6BK5CRG08Q16.json,0,
African campaign through V-E Day).,https://www.eisenhowerlibrary.gov/sites/default/files/research/subject-guides/pdf/north-african-campaign.pdf,,ORAL HISTORIES: Box 1,North African Campaign (Subject Guide),9,cos_44_5th_mtg_o_7_jan_44_01KPTACG03MF8E50PDEB4W5XC5.json; a_history_of_the_second_united_states_armored_division_01KTC6TXE50NV5RV9J4CCJD22P.json; ch_i_01KQ663BC560ZY6C8AQKGCD1JE.json; a_history_of_the_second_united_states_armored_division_01KTACETX1WEW4BZEBHEHX565D.json; general_krueger_report_01KRSWWNXWFXBX6BK5CRG08Q16.json,0,
North Africa; Operation Torch and Guadalcanal as turning points in war; risks involved,https://www.eisenhowerlibrary.gov/sites/default/files/research/subject-guides/pdf/north-african-campaign.pdf,,ORAL HISTORIES: Box 1,North African Campaign (Subject Guide),31,cos_44_5th_mtg_o_7_jan_44_01KPTACG03MF8E50PDEB4W5XC5.json; torch_01KPVZ4Z9C3SRVEJCJM5ACARPE.json; cbl_to_eisenhower_6_aug_42_draft_in_memo_handy_for_classified_mc_01KQ64XM9DA0RYS7BHHJRVWWKV.json; notes_of_a_conference_held_at_the_white_house_at_830_pm_july_30_1942_01KPT6HDB14AJS642G511P2AJ1.json; memorandum_for_wd_classified_mc_commander_for_torch_01KPVZ4XX941T9WPEGJTYTETB3.json,0,
in Operation Torch; Operation Torch; examples of Middle East theater; Casablanca,https://www.eisenhowerlibrary.gov/sites/default/files/research/subject-guides/pdf/north-african-campaign.pdf,,ORAL HISTORIES: Box 1,North African Campaign (Subject Guide),39,ccs_56th_mtg_14_jan_43_01KPT6SHVNEYQB346DARHTT0PH.json; ccs_55th_meeting_minutes_14_january_1943_01KPT6RW6F0EDS7SPFQSF9FD8B.json; torch_01KPVZ4Z9C3SRVEJCJM5ACARPE.json; cbl_to_eisenhower_6_aug_42_draft_in_memo_handy_for_classified_mc_01KQ64XM9DA0RYS7BHHJRVWWKV.json; notes_of_a_conference_held_at_the_white_house_at_830_pm_july_30_1942_01KPT6HDB14AJS642G511P2AJ1.json,0,
"Interview #3 – Handy’s inspection trip to North Africa, spring 1943",https://www.eisenhowerlibrary.gov/sites/default/files/research/subject-guides/pdf/north-african-campaign.pdf,,ORAL HISTORIES: Box 1,North African Campaign (Subject Guide),9,cos_44_5th_mtg_o_7_jan_44_01KPTACG03MF8E50PDEB4W5XC5.json; a_history_of_the_second_united_states_armored_division_01KTC6TXE50NV5RV9J4CCJD22P.json; ch_i_01KQ663BC560ZY6C8AQKGCD1JE.json; a_history_of_the_second_united_states_armored_division_01KTACETX1WEW4BZEBHEHX565D.json; general_krueger_report_01KRSWWNXWFXBX6BK5CRG08Q16.json,0,
Background for first meeting with DDE: Roosevelt; work in North Africa; deGaulle.,https://www.eisenhowerlibrary.gov/sites/default/files/research/subject-guides/pdf/north-african-campaign.pdf,,ORAL HISTORIES: Box 1,North African Campaign (Subject Guide),9,cos_44_5th_mtg_o_7_jan_44_01KPTACG03MF8E50PDEB4W5XC5.json; a_history_of_the_second_united_states_armored_division_01KTC6TXE50NV5RV9J4CCJD22P.json; ch_i_01KQ663BC560ZY6C8AQKGCD1JE.json; a_history_of_the_second_united_states_armored_division_01KTACETX1WEW4BZEBHEHX565D.json; general_krueger_report_01KRSWWNXWFXBX6BK5CRG08Q16.json,0,
First meeting with DDE: briefing DDE on North Africa; impressions of DDE;,https://www.eisenhowerlibrary.gov/sites/default/files/research/subject-guides/pdf/north-african-campaign.pdf,,ORAL HISTORIES: Box 1,North African Campaign (Subject Guide),9,cos_44_5th_mtg_o_7_jan_44_01KPTACG03MF8E50PDEB4W5XC5.json; a_history_of_the_second_united_states_armored_division_01KTC6TXE50NV5RV9J4CCJD22P.json; ch_i_01KQ663BC560ZY6C8AQKGCD1JE.json; a_history_of_the_second_united_states_armored_division_01KTACETX1WEW4BZEBHEHX565D.json; general_krueger_report_01KRSWWNXWFXBX6BK5CRG08Q16.json,0,
establishing an Allied headquarters in Algiers. Dulles and Suez.,https://www.eisenhowerlibrary.gov/sites/default/files/research/subject-guides/pdf/north-african-campaign.pdf,,ORAL HISTORIES: Box 1,North African Campaign (Subject Guide),3,meetings_at_algiers_between_churchill_marshall_eisenhower_and_others_29_and_31_m_01KQ661Y58YA3665B36XBZ642B.json; min_of_trident_conf_01KQ66201N0XKS2GSP9PFGYR1A.json; minutes_of_trident_conference_01KPT989RHJCGB6QNARFXXPQ7K.json,0,
"Interview #1 – Comments on carrying messages to DDE: in North Africa, re French",https://www.eisenhowerlibrary.gov/sites/default/files/research/subject-guides/pdf/north-african-campaign.pdf,,ORAL HISTORIES: Box 1,North African Campaign (Subject Guide),9,cos_44_5th_mtg_o_7_jan_44_01KPTACG03MF8E50PDEB4W5XC5.json; a_history_of_the_second_united_states_armored_division_01KTC6TXE50NV5RV9J4CCJD22P.json; ch_i_01KQ663BC560ZY6C8AQKGCD1JE.json; a_history_of_the_second_united_states_armored_division_01KTACETX1WEW4BZEBHEHX565D.json; general_krueger_report_01KRSWWNXWFXBX6BK5CRG08Q16.json,0,
Planning responsibilities with II Corps in North Africa and Clark’s Fifth Army.,https://www.eisenhowerlibrary.gov/sites/default/files/research/subject-guides/pdf/north-african-campaign.pdf,,ORAL HISTORIES: Box 1,North African Campaign (Subject Guide),1083,second_br_army_g_2_to_xix_corps_g_2_01KPT0Q6M0WRKZ8WJX7ES7YR8Q.json; rpt_of_abn_phase_101st_abn_div_and_a_graphic_account_of_the_82d_airborne_divisio_01KTC74CC2R7R21SB7XTTAPC27.json; vii_corps_fo_12_8_nov_44_01KT7ZDAVWGPFB4P95PZFS035S.json; 90th_div_msg_1105_8_jul_and_viii_corps_msg_0940_9_jul_viii_corps_g_3_jnl_and_fil_01KPVTVWPVBHW2AX91673RS3ST.json; xii_corps_spearhead_of_pattons_third_army_01KS45GYFK1SZHTS9E3EGA4AGJ.json,0,
"Oran, North Africa.",https://www.eisenhowerlibrary.gov/sites/default/files/research/subject-guides/pdf/north-african-campaign.pdf,,ORAL HISTORIES: Box 1,North African Campaign (Subject Guide),75,memorandum_wp_42_311_21_july_1942_01KPVZ43PRCM4G6HQEF9R8J9QG.json; cos_44_5th_mtg_o_7_jan_44_01KPTACG03MF8E50PDEB4W5XC5.json; operations_memorandum_76_26_august_1944_01KQ7YBJ3J746856VX9XCP6C7Q.json; operations_in_western_europe_01KPT6ACQE3HS893E3CEJKVAJ1.json; memorandum_for_gen_bradley_01KPTAJAFEFBSWYEAJRJB6DRSQ.json,0,
American views towards TORCH operations.,https://www.eisenhowerlibrary.gov/sites/default/files/research/subject-guides/pdf/north-african-campaign.pdf,,ORAL HISTORIES: Box 1,North African Campaign (Subject Guide),23,torch_01KPVZ4Z9C3SRVEJCJM5ACARPE.json; cbl_to_eisenhower_6_aug_42_draft_in_memo_handy_for_classified_mc_01KQ64XM9DA0RYS7BHHJRVWWKV.json; notes_of_a_conference_held_at_the_white_house_at_830_pm_july_30_1942_01KPT6HDB14AJS642G511P2AJ1.json; memorandum_for_wd_classified_mc_commander_for_torch_01KPVZ4XX941T9WPEGJTYTETB3.json; torch_and_the_european_theater_of_operations_the_administrative_and_logistical_h_01KPVZQ8EKR6TF67YZ2SQNHGSP.json,0,
"QUESADA, ELWOOD R. (OH-476) – Air Force Officer, North Africa and Europe,1942-45",https://www.eisenhowerlibrary.gov/sites/default/files/research/subject-guides/pdf/north-african-campaign.pdf,,ORAL HISTORIES: Box 1,North African Campaign (Subject Guide),9,cos_44_5th_mtg_o_7_jan_44_01KPTACG03MF8E50PDEB4W5XC5.json; a_history_of_the_second_united_states_armored_division_01KTC6TXE50NV5RV9J4CCJD22P.json; ch_i_01KQ663BC560ZY6C8AQKGCD1JE.json; a_history_of_the_second_united_states_armored_division_01KTACETX1WEW4BZEBHEHX565D.json; general_krueger_report_01KRSWWNXWFXBX6BK5CRG08Q16.json,0,
Interview #1 – Invasion of North Africa; launching of planes by catapults from aircraft,https://www.eisenhowerlibrary.gov/sites/default/files/research/subject-guides/pdf/north-african-campaign.pdf,,ORAL HISTORIES: Box 1,North African Campaign (Subject Guide),9,cos_44_5th_mtg_o_7_jan_44_01KPTACG03MF8E50PDEB4W5XC5.json; a_history_of_the_second_united_states_armored_division_01KTC6TXE50NV5RV9J4CCJD22P.json; ch_i_01KQ663BC560ZY6C8AQKGCD1JE.json; a_history_of_the_second_united_states_armored_division_01KTACETX1WEW4BZEBHEHX565D.json; general_krueger_report_01KRSWWNXWFXBX6BK5CRG08Q16.json,0,
carriers; U.S. insignia on planes in North Africa; supplying airplane parts in North,https://www.eisenhowerlibrary.gov/sites/default/files/research/subject-guides/pdf/north-african-campaign.pdf,,ORAL HISTORIES: Box 1,North African Campaign (Subject Guide),9,cos_44_5th_mtg_o_7_jan_44_01KPTACG03MF8E50PDEB4W5XC5.json; a_history_of_the_second_united_states_armored_division_01KTC6TXE50NV5RV9J4CCJD22P.json; ch_i_01KQ663BC560ZY6C8AQKGCD1JE.json; a_history_of_the_second_united_states_armored_division_01KTACETX1WEW4BZEBHEHX565D.json; general_krueger_report_01KRSWWNXWFXBX6BK5CRG08Q16.json,0,
Africa; Quesada’s command in North Africa; unification of U.S. and British air forces in,https://www.eisenhowerlibrary.gov/sites/default/files/research/subject-guides/pdf/north-african-campaign.pdf,,ORAL HISTORIES: Box 1,North African Campaign (Subject Guide),9,cos_44_5th_mtg_o_7_jan_44_01KPTACG03MF8E50PDEB4W5XC5.json; a_history_of_the_second_united_states_armored_division_01KTC6TXE50NV5RV9J4CCJD22P.json; ch_i_01KQ663BC560ZY6C8AQKGCD1JE.json; a_history_of_the_second_united_states_armored_division_01KTACETX1WEW4BZEBHEHX565D.json; general_krueger_report_01KRSWWNXWFXBX6BK5CRG08Q16.json,0,
North Africa; problems with parochialism; Air Vice Marshal Hugh Pughe-Lloyd of,https://www.eisenhowerlibrary.gov/sites/default/files/research/subject-guides/pdf/north-african-campaign.pdf,,ORAL HISTORIES: Box 1,North African Campaign (Subject Guide),9,cos_44_5th_mtg_o_7_jan_44_01KPTACG03MF8E50PDEB4W5XC5.json; a_history_of_the_second_united_states_armored_division_01KTC6TXE50NV5RV9J4CCJD22P.json; ch_i_01KQ663BC560ZY6C8AQKGCD1JE.json; a_history_of_the_second_united_states_armored_division_01KTACETX1WEW4BZEBHEHX565D.json; general_krueger_report_01KRSWWNXWFXBX6BK5CRG08Q16.json,0,
Norwest African Coastal Air Force.,https://www.eisenhowerlibrary.gov/sites/default/files/research/subject-guides/pdf/north-african-campaign.pdf,,ORAL HISTORIES: Box 1,North African Campaign (Subject Guide),9,cos_44_5th_mtg_o_7_jan_44_01KPTACG03MF8E50PDEB4W5XC5.json; a_history_of_the_second_united_states_armored_division_01KTC6TXE50NV5RV9J4CCJD22P.json; ch_i_01KQ663BC560ZY6C8AQKGCD1JE.json; a_history_of_the_second_united_states_armored_division_01KTACETX1WEW4BZEBHEHX565D.json; general_krueger_report_01KRSWWNXWFXBX6BK5CRG08Q16.json,0,
"Regiment. Assigned to the 21st Car Company in North Africa, 1943, and later to the Office of",https://www.eisenhowerlibrary.gov/sites/default/files/research/subject-guides/pdf/north-african-campaign.pdf,,ORAL HISTORIES: Box 1,North African Campaign (Subject Guide),9,cos_44_5th_mtg_o_7_jan_44_01KPTACG03MF8E50PDEB4W5XC5.json; a_history_of_the_second_united_states_armored_division_01KTC6TXE50NV5RV9J4CCJD22P.json; ch_i_01KQ663BC560ZY6C8AQKGCD1JE.json; a_history_of_the_second_united_states_armored_division_01KTACETX1WEW4BZEBHEHX565D.json; general_krueger_report_01KRSWWNXWFXBX6BK5CRG08Q16.json,0,
Background information on her WAAC company’s assignment to North Africa.,https://www.eisenhowerlibrary.gov/sites/default/files/research/subject-guides/pdf/north-african-campaign.pdf,,ORAL HISTORIES: Box 1,North African Campaign (Subject Guide),9,cos_44_5th_mtg_o_7_jan_44_01KPTACG03MF8E50PDEB4W5XC5.json; a_history_of_the_second_united_states_armored_division_01KTC6TXE50NV5RV9J4CCJD22P.json; ch_i_01KQ663BC560ZY6C8AQKGCD1JE.json; a_history_of_the_second_united_states_armored_division_01KTACETX1WEW4BZEBHEHX565D.json; general_krueger_report_01KRSWWNXWFXBX6BK5CRG08Q16.json,0,
"Interview #1 – Contacts with DDE during an observation tour of North Africa, April,",https://www.eisenhowerlibrary.gov/sites/default/files/research/subject-guides/pdf/north-african-campaign.pdf,,ORAL HISTORIES: Box 1,North African Campaign (Subject Guide),9,cos_44_5th_mtg_o_7_jan_44_01KPTACG03MF8E50PDEB4W5XC5.json; a_history_of_the_second_united_states_armored_division_01KTC6TXE50NV5RV9J4CCJD22P.json; ch_i_01KQ663BC560ZY6C8AQKGCD1JE.json; a_history_of_the_second_united_states_armored_division_01KTACETX1WEW4BZEBHEHX565D.json; general_krueger_report_01KRSWWNXWFXBX6BK5CRG08Q16.json,0,
Landing in North Africa in 1942.,https://www.eisenhowerlibrary.gov/sites/default/files/research/subject-guides/pdf/north-african-campaign.pdf,,ORAL HISTORIES: Box 1,North African Campaign (Subject Guide),9,cos_44_5th_mtg_o_7_jan_44_01KPTACG03MF8E50PDEB4W5XC5.json; a_history_of_the_second_united_states_armored_division_01KTC6TXE50NV5RV9J4CCJD22P.json; ch_i_01KQ663BC560ZY6C8AQKGCD1JE.json; a_history_of_the_second_united_states_armored_division_01KTACETX1WEW4BZEBHEHX565D.json; general_krueger_report_01KRSWWNXWFXBX6BK5CRG08Q16.json,0,
Study 37 Participation of the 9th and 12th Air Forces in the Sicilian Campaign,https://www.eisenhowerlibrary.gov/sites/default/files/research/subject-guides/pdf/operation-husky.pdf,,"DWIGHT D. EISENHOWER LIBRARY: Collection of 20th Century Military Records, 1918-1950 Box 10",Operation Husky/Sicily (Subject Guide),2,letter_to_admiral_ramsay_01KPTA6S64EQX2WVNPGYDN36NV.json; shaef_sgs_file_322_ancxf_01KQ67NAVGAHC05ZMCQ54H1JCK.json,0,
"Study 74 Airborne Missions in the Mediterranean, 1942-45",https://www.eisenhowerlibrary.gov/sites/default/files/research/subject-guides/pdf/operation-husky.pdf,,"DWIGHT D. EISENHOWER LIBRARY: Collection of 20th Century Military Records, 1918-1950 Box 18",Operation Husky/Sicily (Subject Guide),46,cos_44_5th_mtg_o_7_jan_44_01KPTACG03MF8E50PDEB4W5XC5.json; cable_cos_to_jsm_29_february_1944_01KPTAE0WCWAWQXZ2WH9HRDY5E.json; overlord_and_the_mediterranean_01KQ66T4E0RC19F42P954Y3MBF.json; ccs_spec_mtg_01KQ662770V1SVVA3E6ATP1J4H.json; cable_roosevelt_to_churchill_01KPT6N47XZ2GW7FPN7Q6HJ096.json,0,
"Patton, George S., Jr. (4) [Feb.-Aug. 1943]",https://www.eisenhowerlibrary.gov/sites/default/files/research/subject-guides/pdf/operation-husky.pdf,,"DWIGHT D. EISENHOWER LIBRARY: Collection of 20th Century Military Records, 1918-1950 Box 91",Operation Husky/Sicily (Subject Guide),248,to_patton_01KRJ34DV7HGNM0J7AXP1W1XGZ.json; xii_corps_spearhead_of_pattons_third_army_01KS45GYFK1SZHTS9E3EGA4AGJ.json; g_1_journal_and_after_action_report_01KQTHKAHYV45JB50Y79504N22.json; bradley_to_patton_23_sep_44_01KS0ZXMHAGDN4EFSN9E6C37TM.json; 21_agp_dirs_m_510_and_m_515_01KPSR7SV6P8CJAJMST5MACTWR.json,0,
"Commander-in-Chief’s Dispatch, Sicilian Campaign, 1943",https://www.eisenhowerlibrary.gov/sites/default/files/research/subject-guides/pdf/operation-husky.pdf,,"SMITH, WALTER BEDELL: Collection of World War II Documents Box 16",Operation Husky/Sicily (Subject Guide),2,letter_to_admiral_ramsay_01KPTA6S64EQX2WVNPGYDN36NV.json; shaef_sgs_file_322_ancxf_01KQ67NAVGAHC05ZMCQ54H1JCK.json,0,
"Intelligence and Combat Material (1) [training notes from Sicilian Campaign, Oct.",https://www.eisenhowerlibrary.gov/sites/default/files/research/subject-guides/pdf/operation-husky.pdf,,"SMITH, WALTER BEDELL: Collection of World War II Documents Box 16",Operation Husky/Sicily (Subject Guide),2,letter_to_admiral_ramsay_01KPTA6S64EQX2WVNPGYDN36NV.json; shaef_sgs_file_322_ancxf_01KQ67NAVGAHC05ZMCQ54H1JCK.json,0,
Mediterranean (8-14-43),https://www.eisenhowerlibrary.gov/sites/default/files/research/subject-guides/pdf/operation-husky.pdf,,"SMITH, WALTER BEDELL: Collection of World War II Documents Box 46",Operation Husky/Sicily (Subject Guide),46,cos_44_5th_mtg_o_7_jan_44_01KPTACG03MF8E50PDEB4W5XC5.json; cable_cos_to_jsm_29_february_1944_01KPTAE0WCWAWQXZ2WH9HRDY5E.json; overlord_and_the_mediterranean_01KQ66T4E0RC19F42P954Y3MBF.json; ccs_spec_mtg_01KQ662770V1SVVA3E6ATP1J4H.json; cable_roosevelt_to_churchill_01KPT6N47XZ2GW7FPN7Q6HJ096.json,0,
Report of the Commander-in-Chief Mediterranean on the Invasion of Sicily (Op.,https://www.eisenhowerlibrary.gov/sites/default/files/research/subject-guides/pdf/operation-husky.pdf,,"SMITH, WALTER BEDELL: Collection of World War II Documents Box 46",Operation Husky/Sicily (Subject Guide),49,cos_44_5th_mtg_o_7_jan_44_01KPTACG03MF8E50PDEB4W5XC5.json; cable_cos_to_jsm_29_february_1944_01KPTAE0WCWAWQXZ2WH9HRDY5E.json; overlord_and_the_mediterranean_01KQ66T4E0RC19F42P954Y3MBF.json; ccs_spec_mtg_01KQ662770V1SVVA3E6ATP1J4H.json; cable_roosevelt_to_churchill_01KPT6N47XZ2GW7FPN7Q6HJ096.json,0,
"U.S. ARMY, 1ST INFANTRY DIVISION, AFTER ACTION REPORTS",https://www.eisenhowerlibrary.gov/sites/default/files/research/subject-guides/pdf/operation-husky.pdf,,"SMITH, WALTER BEDELL: Collection of World War II Documents Box 46",Operation Husky/Sicily (Subject Guide),70,101st_inf_jnl_01KRFF55PMG7Z9MQT7HYHD29W8.json; road_to_huertgen_forest_in_hell_01KT7ZNPK9277CWPMFAVNWXGDX.json; 101st_inf_jnl_01KRHQZ70D91PVCVZ2KW5RJZ6Q.json; 101st_inf_jnl_01KS1HDZTGD0PNRHX6D6RJ01P6.json; ltr_col_walter_t_scott_to_hist_div_14_jul_47_01KRSXGMFHYQMYYKNYGRH5G4CN.json,0,
"82nd Airborne Div. in Sicily and Italy, July 9, 1943-Jan. 22, 1944",https://www.eisenhowerlibrary.gov/sites/default/files/research/subject-guides/pdf/operation-husky.pdf,,"SMITH, WALTER BEDELL: Collection of World War II Documents Box 6",Operation Husky/Sicily (Subject Guide),5,msg_g_2_to_co_base_echelon_17_sep_01KT9TFHDHJWP90V6TZF63P068.json; a_history_of_the_second_united_states_armored_division_01KTC6TXE50NV5RV9J4CCJD22P.json; sicily_and_the_surrender_of_italy_01KPT987XCX34P08HGH2TWNGYB.json; msg_g_2_to_co_base_echelon_17_sep_01KT82QDG5BS5ZXYMGRT0Z6R3X.json; a_history_of_the_second_united_states_armored_division_01KTACETX1WEW4BZEBHEHX565D.json,0,
"2nd Armored Division, Sicilian Operations Journal",https://www.eisenhowerlibrary.gov/sites/default/files/research/subject-guides/pdf/operation-husky.pdf,,"SMITH, WALTER BEDELL: Collection of World War II Documents Box 34",Operation Husky/Sicily (Subject Guide),2,letter_to_admiral_ramsay_01KPTA6S64EQX2WVNPGYDN36NV.json; shaef_sgs_file_322_ancxf_01KQ67NAVGAHC05ZMCQ54H1JCK.json,0,
"70th Tank Battalion Historical Record During the Sicilian Campaign, July 1943",https://www.eisenhowerlibrary.gov/sites/default/files/research/subject-guides/pdf/operation-husky.pdf,,"SMITH, WALTER BEDELL: Collection of World War II Documents Box 136",Operation Husky/Sicily (Subject Guide),2,letter_to_admiral_ramsay_01KPTA6S64EQX2WVNPGYDN36NV.json; shaef_sgs_file_322_ancxf_01KQ67NAVGAHC05ZMCQ54H1JCK.json,0,
"1st Inf. Div., Security Diary and Misc. Records, Sicily, July-Aug. 1943",https://www.eisenhowerlibrary.gov/sites/default/files/research/subject-guides/pdf/operation-husky.pdf,,"SMITH, WALTER BEDELL: Collection of World War II Documents Box 756",Operation Husky/Sicily (Subject Guide),3,a_history_of_the_second_united_states_armored_division_01KTC6TXE50NV5RV9J4CCJD22P.json; sicily_and_the_surrender_of_italy_01KPT987XCX34P08HGH2TWNGYB.json; a_history_of_the_second_united_states_armored_division_01KTACETX1WEW4BZEBHEHX565D.json,0,
"Daily News Summary, Sicily Edition, July 26-Sept. 14, 1943 [3rd Inf. Div.]",https://www.eisenhowerlibrary.gov/sites/default/files/research/subject-guides/pdf/operation-husky.pdf,,"SMITH, WALTER BEDELL: Collection of World War II Documents Box 1417",Operation Husky/Sicily (Subject Guide),3,a_history_of_the_second_united_states_armored_division_01KTC6TXE50NV5RV9J4CCJD22P.json; sicily_and_the_surrender_of_italy_01KPT987XCX34P08HGH2TWNGYB.json; a_history_of_the_second_united_states_armored_division_01KTACETX1WEW4BZEBHEHX565D.json,0,
"G-4 Historical Record, Sicilian Campaign [45th Inf. Div.]",https://www.eisenhowerlibrary.gov/sites/default/files/research/subject-guides/pdf/operation-husky.pdf,,"SMITH, WALTER BEDELL: Collection of World War II Documents Box 1417",Operation Husky/Sicily (Subject Guide),2,letter_to_admiral_ramsay_01KPTA6S64EQX2WVNPGYDN36NV.json; shaef_sgs_file_322_ancxf_01KQ67NAVGAHC05ZMCQ54H1JCK.json,0,
"History of the 15th Inf. Regt., Part II, Section I: The Campaign for Sicily: The",https://www.eisenhowerlibrary.gov/sites/default/files/research/subject-guides/pdf/operation-husky.pdf,,"SMITH, WALTER BEDELL: Collection of World War II Documents Box 1417",Operation Husky/Sicily (Subject Guide),3,a_history_of_the_second_united_states_armored_division_01KTC6TXE50NV5RV9J4CCJD22P.json; sicily_and_the_surrender_of_italy_01KPT987XCX34P08HGH2TWNGYB.json; a_history_of_the_second_united_states_armored_division_01KTACETX1WEW4BZEBHEHX565D.json,0,
16th Inf. Regt. “About Sicily” [1943],https://www.eisenhowerlibrary.gov/sites/default/files/research/subject-guides/pdf/operation-husky.pdf,,"SMITH, WALTER BEDELL: Collection of World War II Documents Box 1417",Operation Husky/Sicily (Subject Guide),3,a_history_of_the_second_united_states_armored_division_01KTC6TXE50NV5RV9J4CCJD22P.json; sicily_and_the_surrender_of_italy_01KPT987XCX34P08HGH2TWNGYB.json; a_history_of_the_second_united_states_armored_division_01KTACETX1WEW4BZEBHEHX565D.json,0,
"16th Inf. Regt. Sicilian Campaign Narrative Story, July-Aug. 1943",https://www.eisenhowerlibrary.gov/sites/default/files/research/subject-guides/pdf/operation-husky.pdf,,"SMITH, WALTER BEDELL: Collection of World War II Documents Box 1417",Operation Husky/Sicily (Subject Guide),2,letter_to_admiral_ramsay_01KPTA6S64EQX2WVNPGYDN36NV.json; shaef_sgs_file_322_ancxf_01KQ67NAVGAHC05ZMCQ54H1JCK.json,0,
16th Inf. Regt. Embarkation Memoranda (Preparatory for Sicilian Operations),https://www.eisenhowerlibrary.gov/sites/default/files/research/subject-guides/pdf/operation-husky.pdf,,"SMITH, WALTER BEDELL: Collection of World War II Documents Box 1417",Operation Husky/Sicily (Subject Guide),2,letter_to_admiral_ramsay_01KPTA6S64EQX2WVNPGYDN36NV.json; shaef_sgs_file_322_ancxf_01KQ67NAVGAHC05ZMCQ54H1JCK.json,0,
"16th Inf. Regt. History of Sicilian Operation, Aug. 18, 1943",https://www.eisenhowerlibrary.gov/sites/default/files/research/subject-guides/pdf/operation-husky.pdf,,"SMITH, WALTER BEDELL: Collection of World War II Documents Box 1417",Operation Husky/Sicily (Subject Guide),2,letter_to_admiral_ramsay_01KPTA6S64EQX2WVNPGYDN36NV.json; shaef_sgs_file_322_ancxf_01KQ67NAVGAHC05ZMCQ54H1JCK.json,0,
"S. W. C. Peck, Operation “Husky”: The Allied Invasion of Sicily.",https://www.eisenhowerlibrary.gov/sites/default/files/research/subject-guides/pdf/operation-husky.pdf,,BOOKS: Box 1417,Operation Husky/Sicily (Subject Guide),3,a_history_of_the_second_united_states_armored_division_01KTC6TXE50NV5RV9J4CCJD22P.json; sicily_and_the_surrender_of_italy_01KPT987XCX34P08HGH2TWNGYB.json; a_history_of_the_second_united_states_armored_division_01KTACETX1WEW4BZEBHEHX565D.json,0,
"1943, (Oct 25-Nov 23) Report of visit to North African Theater of Operations",https://www.eisenhowerlibrary.gov/sites/default/files/research/subject-guides/pdf/north-african-relations-with-degaulle-or-vichy.pdf,,Dwight D. Eisenhower Library: Small Manuscript Collections Box 6,North Africa: De Gaulle/Vichy Relations (Subject Guide),8,cos_44_5th_mtg_o_7_jan_44_01KPTACG03MF8E50PDEB4W5XC5.json; a_history_of_the_second_united_states_armored_division_01KTC6TXE50NV5RV9J4CCJD22P.json; ch_i_01KQ663BC560ZY6C8AQKGCD1JE.json; a_history_of_the_second_united_states_armored_division_01KTACETX1WEW4BZEBHEHX565D.json; general_krueger_report_01KRSWWNXWFXBX6BK5CRG08Q16.json,0,
"1943, (Oct. 25-Nov. 23), Diary trip, North African Theater of Operations",https://www.eisenhowerlibrary.gov/sites/default/files/research/subject-guides/pdf/north-african-relations-with-degaulle-or-vichy.pdf,,Dwight D. Eisenhower Library: Small Manuscript Collections Box 6,North Africa: De Gaulle/Vichy Relations (Subject Guide),8,cos_44_5th_mtg_o_7_jan_44_01KPTACG03MF8E50PDEB4W5XC5.json; a_history_of_the_second_united_states_armored_division_01KTC6TXE50NV5RV9J4CCJD22P.json; ch_i_01KQ663BC560ZY6C8AQKGCD1JE.json; a_history_of_the_second_united_states_armored_division_01KTACETX1WEW4BZEBHEHX565D.json; general_krueger_report_01KRSWWNXWFXBX6BK5CRG08Q16.json,0,
"Commander in Chiefs Dispatch, North African Campaign, 1942-43",https://www.eisenhowerlibrary.gov/sites/default/files/research/subject-guides/pdf/north-african-relations-with-degaulle-or-vichy.pdf,,"Smith, Walter Bedell: Collection of World War II Documents Box 16",North Africa: De Gaulle/Vichy Relations (Subject Guide),8,cos_44_5th_mtg_o_7_jan_44_01KPTACG03MF8E50PDEB4W5XC5.json; a_history_of_the_second_united_states_armored_division_01KTC6TXE50NV5RV9J4CCJD22P.json; ch_i_01KQ663BC560ZY6C8AQKGCD1JE.json; a_history_of_the_second_united_states_armored_division_01KTACETX1WEW4BZEBHEHX565D.json; general_krueger_report_01KRSWWNXWFXBX6BK5CRG08Q16.json,0,
(About 20 pp. re Market Garden),https://www.eisenhowerlibrary.gov/sites/default/files/research/subject-guides/pdf/operation-market-garden.pdf,,DWIGHT D. EISENHOWER LIBRARY: Collection of Twentieth Century Military Records Box 18,Operation Market Garden (Subject Guide),44,operation_market_garden_17_26_sep_44_01KT82WF0VH3M5N8QC05QTQXMD.json; saga_of_the_all_american_01KT82P6353N5S0J52C18HW0E8.json; airborne_assault_on_holland_an_interim_report_01KTA83CNE3JH9PCFSATBCVRFC.json; opn_market_garden_17_26_sep_44_01KTC74GXFAH452XVYPGN2EKHY.json; the_last_offensive_01KT9TBB2W2VKN39WBFAZ2D62B.json,0,
"Study No. 97--Airborne Operations in World War II, European Theater",https://www.eisenhowerlibrary.gov/sites/default/files/research/subject-guides/pdf/operation-market-garden.pdf,,DWIGHT D. EISENHOWER LIBRARY: Collection of Twentieth Century Military Records Box 26,Operation Market Garden (Subject Guide),112,rpt_of_abn_phase_101st_abn_div_and_a_graphic_account_of_the_82d_airborne_divisio_01KTC74CC2R7R21SB7XTTAPC27.json; ltr_airborne_opns_to_further_overlord_6_jul_01KQ7YKC2VS82T5JY5CKHV1VD7.json; analysis_of_battle_casualty_reports_received_from_82d_airborne_division_01KQ6A6XAVJ1Y1S7RF5Z22Y7D8.json; aeaf_memo_operation_neptune_employment_of_british_and_american_airborne_forces_01KPTC8QZK2WRT1GAKDP3T39M3.json; 12th_army_group_report_of_operations_01KQ96PXTQTFRRHS5P9CD6ESEA.json,0,
might have material on Market Garden],https://www.eisenhowerlibrary.gov/sites/default/files/research/subject-guides/pdf/operation-market-garden.pdf,,DWIGHT D. EISENHOWER LIBRARY: Collection of Twentieth Century Military Records Box 26,Operation Market Garden (Subject Guide),44,operation_market_garden_17_26_sep_44_01KT82WF0VH3M5N8QC05QTQXMD.json; saga_of_the_all_american_01KT82P6353N5S0J52C18HW0E8.json; airborne_assault_on_holland_an_interim_report_01KTA83CNE3JH9PCFSATBCVRFC.json; opn_market_garden_17_26_sep_44_01KTC74GXFAH452XVYPGN2EKHY.json; the_last_offensive_01KT9TBB2W2VKN39WBFAZ2D62B.json,0,
"NATO - TAPTOE (Arnhem, Netherlands)",https://www.eisenhowerlibrary.gov/sites/default/files/research/subject-guides/pdf/operation-market-garden.pdf,,"NORSTAD, LAURIS: Papers, 1930-1987 Box 54",Operation Market Garden (Subject Guide),34,staten_generaal_tweede_kamer_enquêtecommissie_regeringsbeleid_1940_1945_volume_i_01KT9TCTK2PQCNNC64G7QWTFTV.json; la_pretendue_trahison_darnhem_01KTA830P8YN4PTYJQK4AHMTPC.json; order_a_gp_b_to_armed_forces_comdr_netherlands_0115_11_sep_44_01KT9TCA4EEG2893JDJB0GMW85.json; the_truth_about_the_supposed_spy_at_arnhem_01KT82HHYE0KY4A7P0CNSQES09.json; la_pretendue_trahison_darnhem_01KT82D5852KCCE8QZTJS54SHS.json,0,
Allied Airborne Operations In Holland [September - October 1944] [report on Operation Market,https://www.eisenhowerlibrary.gov/sites/default/files/research/subject-guides/pdf/operation-market-garden.pdf,,"SMITH, WALTER BEDELL: Collection of World War II Documents Box 46",Operation Market Garden (Subject Guide),201,operation_market_garden_17_26_sep_44_01KT82WF0VH3M5N8QC05QTQXMD.json; rpt_of_abn_phase_101st_abn_div_and_a_graphic_account_of_the_82d_airborne_divisio_01KTC74CC2R7R21SB7XTTAPC27.json; opn_instr_1_and_2_13_and_14_sep_44_allied_abn_opns_in_holland_01KT82C5M0G1FJSZXTTVRKWNNC.json; ltr_airborne_opns_to_further_overlord_6_jul_01KQ7YKC2VS82T5JY5CKHV1VD7.json; analysis_of_battle_casualty_reports_received_from_82d_airborne_division_01KQ6A6XAVJ1Y1S7RF5Z22Y7D8.json,0,
"21 Army Group. Operation “Market Garden,” September 17-26, 1944",https://www.eisenhowerlibrary.gov/sites/default/files/research/subject-guides/pdf/operation-market-garden.pdf,,"SMITH, WALTER BEDELL: Collection of World War II Documents Box 39",Operation Market Garden (Subject Guide),44,operation_market_garden_17_26_sep_44_01KT82WF0VH3M5N8QC05QTQXMD.json; saga_of_the_all_american_01KT82P6353N5S0J52C18HW0E8.json; airborne_assault_on_holland_an_interim_report_01KTA83CNE3JH9PCFSATBCVRFC.json; opn_market_garden_17_26_sep_44_01KTC74GXFAH452XVYPGN2EKHY.json; the_last_offensive_01KT9TBB2W2VKN39WBFAZ2D62B.json,0,
Air Invasion of Holland. II Troop Carrier Command. Report on Market.,https://www.eisenhowerlibrary.gov/sites/default/files/research/subject-guides/pdf/operation-market-garden.pdf,,"SMITH, WALTER BEDELL: Collection of World War II Documents Box 43",Operation Market Garden (Subject Guide),119,operation_market_garden_17_26_sep_44_01KT82WF0VH3M5N8QC05QTQXMD.json; rpt_of_abn_phase_101st_abn_div_and_a_graphic_account_of_the_82d_airborne_divisio_01KTC74CC2R7R21SB7XTTAPC27.json; opn_instr_1_and_2_13_and_14_sep_44_allied_abn_opns_in_holland_01KT82C5M0G1FJSZXTTVRKWNNC.json; opn_instr_no_1_allied_abn_opns_in_holland_01KTC7HC36VATNNK5QYSZDAGAF.json; timberwolf_tracks_01KTC0CP7RK1M3JG6S3TNMA1T3.json,0,
"1st Allied Airborne Army. Operations in Holland, September-November 1944.",https://www.eisenhowerlibrary.gov/sites/default/files/research/subject-guides/pdf/operation-market-garden.pdf,,"SMITH, WALTER BEDELL: Collection of World War II Documents Box 43",Operation Market Garden (Subject Guide),182,rpt_of_abn_phase_101st_abn_div_and_a_graphic_account_of_the_82d_airborne_divisio_01KTC74CC2R7R21SB7XTTAPC27.json; opn_instr_1_and_2_13_and_14_sep_44_allied_abn_opns_in_holland_01KT82C5M0G1FJSZXTTVRKWNNC.json; ltr_airborne_opns_to_further_overlord_6_jul_01KQ7YKC2VS82T5JY5CKHV1VD7.json; analysis_of_battle_casualty_reports_received_from_82d_airborne_division_01KQ6A6XAVJ1Y1S7RF5Z22Y7D8.json; opn_instr_no_1_allied_abn_opns_in_holland_01KTC7HC36VATNNK5QYSZDAGAF.json,0,
Allied Airborne Operations in Holland. September-October 1944.,https://www.eisenhowerlibrary.gov/sites/default/files/research/subject-guides/pdf/operation-market-garden.pdf,,"SMITH, WALTER BEDELL: Collection of World War II Documents Box 44",Operation Market Garden (Subject Guide),182,rpt_of_abn_phase_101st_abn_div_and_a_graphic_account_of_the_82d_airborne_divisio_01KTC74CC2R7R21SB7XTTAPC27.json; opn_instr_1_and_2_13_and_14_sep_44_allied_abn_opns_in_holland_01KT82C5M0G1FJSZXTTVRKWNNC.json; ltr_airborne_opns_to_further_overlord_6_jul_01KQ7YKC2VS82T5JY5CKHV1VD7.json; analysis_of_battle_casualty_reports_received_from_82d_airborne_division_01KQ6A6XAVJ1Y1S7RF5Z22Y7D8.json; opn_instr_no_1_allied_abn_opns_in_holland_01KTC7HC36VATNNK5QYSZDAGAF.json,0,
"Operation Market Garden Reports - N4667 to N5787.1, and part of N6060",https://www.eisenhowerlibrary.gov/sites/default/files/research/subject-guides/pdf/operation-market-garden.pdf,,"SMITH, WALTER BEDELL: Collection of World War II Documents Box 2 Reel 1",Operation Market Garden (Subject Guide),44,operation_market_garden_17_26_sep_44_01KT82WF0VH3M5N8QC05QTQXMD.json; saga_of_the_all_american_01KT82P6353N5S0J52C18HW0E8.json; airborne_assault_on_holland_an_interim_report_01KTA83CNE3JH9PCFSATBCVRFC.json; opn_market_garden_17_26_sep_44_01KTC74GXFAH452XVYPGN2EKHY.json; the_last_offensive_01KT9TBB2W2VKN39WBFAZ2D62B.json,0,
"Operation Market Garden Reports - Part of N6060, and N8224.1490 to N15623",https://www.eisenhowerlibrary.gov/sites/default/files/research/subject-guides/pdf/operation-market-garden.pdf,,"SMITH, WALTER BEDELL: Collection of World War II Documents Box 2 Reel 2",Operation Market Garden (Subject Guide),44,operation_market_garden_17_26_sep_44_01KT82WF0VH3M5N8QC05QTQXMD.json; saga_of_the_all_american_01KT82P6353N5S0J52C18HW0E8.json; airborne_assault_on_holland_an_interim_report_01KTA83CNE3JH9PCFSATBCVRFC.json; opn_market_garden_17_26_sep_44_01KTC74GXFAH452XVYPGN2EKHY.json; the_last_offensive_01KT9TBB2W2VKN39WBFAZ2D62B.json,0,
Operation Market Garden Reports - N4762 to Special Graphic History,https://www.eisenhowerlibrary.gov/sites/default/files/research/subject-guides/pdf/operation-market-garden.pdf,,"SMITH, WALTER BEDELL: Collection of World War II Documents Box 2 Reel 3",Operation Market Garden (Subject Guide),44,operation_market_garden_17_26_sep_44_01KT82WF0VH3M5N8QC05QTQXMD.json; saga_of_the_all_american_01KT82P6353N5S0J52C18HW0E8.json; airborne_assault_on_holland_an_interim_report_01KTA83CNE3JH9PCFSATBCVRFC.json; opn_market_garden_17_26_sep_44_01KTC74GXFAH452XVYPGN2EKHY.json; the_last_offensive_01KT9TBB2W2VKN39WBFAZ2D62B.json,0,
"U.S. ARMY, 82ND AIRBORNE DIVISION: After Action Reports, 1943-1946 (Microfilm)",https://www.eisenhowerlibrary.gov/sites/default/files/research/subject-guides/pdf/operation-market-garden.pdf,,"SMITH, WALTER BEDELL: Collection of World War II Documents Box 2 Reel 3",Operation Market Garden (Subject Guide),112,rpt_of_abn_phase_101st_abn_div_and_a_graphic_account_of_the_82d_airborne_divisio_01KTC74CC2R7R21SB7XTTAPC27.json; ltr_airborne_opns_to_further_overlord_6_jul_01KQ7YKC2VS82T5JY5CKHV1VD7.json; analysis_of_battle_casualty_reports_received_from_82d_airborne_division_01KQ6A6XAVJ1Y1S7RF5Z22Y7D8.json; aeaf_memo_operation_neptune_employment_of_british_and_american_airborne_forces_01KPTC8QZK2WRT1GAKDP3T39M3.json; 12th_army_group_report_of_operations_01KQ96PXTQTFRRHS5P9CD6ESEA.json,0,
Graphic History Operation Market Holland 17-30 Sept 1944,https://www.eisenhowerlibrary.gov/sites/default/files/research/subject-guides/pdf/operation-market-garden.pdf,,"SMITH, WALTER BEDELL: Collection of World War II Documents Box 1 Reel 1",Operation Market Garden (Subject Guide),119,operation_market_garden_17_26_sep_44_01KT82WF0VH3M5N8QC05QTQXMD.json; rpt_of_abn_phase_101st_abn_div_and_a_graphic_account_of_the_82d_airborne_divisio_01KTC74CC2R7R21SB7XTTAPC27.json; opn_instr_1_and_2_13_and_14_sep_44_allied_abn_opns_in_holland_01KT82C5M0G1FJSZXTTVRKWNNC.json; opn_instr_no_1_allied_abn_opns_in_holland_01KTC7HC36VATNNK5QYSZDAGAF.json; timberwolf_tracks_01KTC0CP7RK1M3JG6S3TNMA1T3.json,0,
G-2 Journal & Message File Operation Market 24-27 Oct 1944,https://www.eisenhowerlibrary.gov/sites/default/files/research/subject-guides/pdf/operation-market-garden.pdf,,"SMITH, WALTER BEDELL: Collection of World War II Documents Box 11 Reel 62",Operation Market Garden (Subject Guide),44,operation_market_garden_17_26_sep_44_01KT82WF0VH3M5N8QC05QTQXMD.json; saga_of_the_all_american_01KT82P6353N5S0J52C18HW0E8.json; airborne_assault_on_holland_an_interim_report_01KTA83CNE3JH9PCFSATBCVRFC.json; opn_market_garden_17_26_sep_44_01KTC74GXFAH452XVYPGN2EKHY.json; the_last_offensive_01KT9TBB2W2VKN39WBFAZ2D62B.json,0,
G-2 Journal & Message File Operation Market 28-31 Oct 1944,https://www.eisenhowerlibrary.gov/sites/default/files/research/subject-guides/pdf/operation-market-garden.pdf,,"SMITH, WALTER BEDELL: Collection of World War II Documents Box 11 Reel 62",Operation Market Garden (Subject Guide),44,operation_market_garden_17_26_sep_44_01KT82WF0VH3M5N8QC05QTQXMD.json; saga_of_the_all_american_01KT82P6353N5S0J52C18HW0E8.json; airborne_assault_on_holland_an_interim_report_01KTA83CNE3JH9PCFSATBCVRFC.json; opn_market_garden_17_26_sep_44_01KTC74GXFAH452XVYPGN2EKHY.json; the_last_offensive_01KT9TBB2W2VKN39WBFAZ2D62B.json,0,
G-2 Journal & Message File Operation Market 1-5 Nov 1944,https://www.eisenhowerlibrary.gov/sites/default/files/research/subject-guides/pdf/operation-market-garden.pdf,,"SMITH, WALTER BEDELL: Collection of World War II Documents Box 11 Reel 62",Operation Market Garden (Subject Guide),44,operation_market_garden_17_26_sep_44_01KT82WF0VH3M5N8QC05QTQXMD.json; saga_of_the_all_american_01KT82P6353N5S0J52C18HW0E8.json; airborne_assault_on_holland_an_interim_report_01KTA83CNE3JH9PCFSATBCVRFC.json; opn_market_garden_17_26_sep_44_01KTC74GXFAH452XVYPGN2EKHY.json; the_last_offensive_01KT9TBB2W2VKN39WBFAZ2D62B.json,0,
G-2 Journal & Message File Operation Market 6-13 Nov 1944,https://www.eisenhowerlibrary.gov/sites/default/files/research/subject-guides/pdf/operation-market-garden.pdf,,"SMITH, WALTER BEDELL: Collection of World War II Documents Box 11 Reel 62",Operation Market Garden (Subject Guide),44,operation_market_garden_17_26_sep_44_01KT82WF0VH3M5N8QC05QTQXMD.json; saga_of_the_all_american_01KT82P6353N5S0J52C18HW0E8.json; airborne_assault_on_holland_an_interim_report_01KTA83CNE3JH9PCFSATBCVRFC.json; opn_market_garden_17_26_sep_44_01KTC74GXFAH452XVYPGN2EKHY.json; the_last_offensive_01KT9TBB2W2VKN39WBFAZ2D62B.json,0,
G-3 Periodic Reports Operation Market 17 Sept-12 Nov 1944,https://www.eisenhowerlibrary.gov/sites/default/files/research/subject-guides/pdf/operation-market-garden.pdf,,"SMITH, WALTER BEDELL: Collection of World War II Documents Box 11 Reel 62",Operation Market Garden (Subject Guide),44,operation_market_garden_17_26_sep_44_01KT82WF0VH3M5N8QC05QTQXMD.json; saga_of_the_all_american_01KT82P6353N5S0J52C18HW0E8.json; airborne_assault_on_holland_an_interim_report_01KTA83CNE3JH9PCFSATBCVRFC.json; opn_market_garden_17_26_sep_44_01KTC74GXFAH452XVYPGN2EKHY.json; the_last_offensive_01KT9TBB2W2VKN39WBFAZ2D62B.json,0,
Lower HQ S-3 Periodic Reports Operation Market 17-22 Sept 1944,https://www.eisenhowerlibrary.gov/sites/default/files/research/subject-guides/pdf/operation-market-garden.pdf,,"SMITH, WALTER BEDELL: Collection of World War II Documents Box 11 Reel 62",Operation Market Garden (Subject Guide),44,operation_market_garden_17_26_sep_44_01KT82WF0VH3M5N8QC05QTQXMD.json; saga_of_the_all_american_01KT82P6353N5S0J52C18HW0E8.json; airborne_assault_on_holland_an_interim_report_01KTA83CNE3JH9PCFSATBCVRFC.json; opn_market_garden_17_26_sep_44_01KTC74GXFAH452XVYPGN2EKHY.json; the_last_offensive_01KT9TBB2W2VKN39WBFAZ2D62B.json,0,
Lower HQ S-3 Periodic Reports Operation Market 22-25 Sept 1944,https://www.eisenhowerlibrary.gov/sites/default/files/research/subject-guides/pdf/operation-market-garden.pdf,,"SMITH, WALTER BEDELL: Collection of World War II Documents Box 11 Reel 62",Operation Market Garden (Subject Guide),44,operation_market_garden_17_26_sep_44_01KT82WF0VH3M5N8QC05QTQXMD.json; saga_of_the_all_american_01KT82P6353N5S0J52C18HW0E8.json; airborne_assault_on_holland_an_interim_report_01KTA83CNE3JH9PCFSATBCVRFC.json; opn_market_garden_17_26_sep_44_01KTC74GXFAH452XVYPGN2EKHY.json; the_last_offensive_01KT9TBB2W2VKN39WBFAZ2D62B.json,0,
Lower HQ S-3 Periodic Reports Operation Market 25 Sept-1 Oct 1944,https://www.eisenhowerlibrary.gov/sites/default/files/research/subject-guides/pdf/operation-market-garden.pdf,,"SMITH, WALTER BEDELL: Collection of World War II Documents Box 11 Reel 62",Operation Market Garden (Subject Guide),44,operation_market_garden_17_26_sep_44_01KT82WF0VH3M5N8QC05QTQXMD.json; saga_of_the_all_american_01KT82P6353N5S0J52C18HW0E8.json; airborne_assault_on_holland_an_interim_report_01KTA83CNE3JH9PCFSATBCVRFC.json; opn_market_garden_17_26_sep_44_01KTC74GXFAH452XVYPGN2EKHY.json; the_last_offensive_01KT9TBB2W2VKN39WBFAZ2D62B.json,0,
Lower HQ S-3 Periodic Reports Operation Market 1-8 Oct 1944,https://www.eisenhowerlibrary.gov/sites/default/files/research/subject-guides/pdf/operation-market-garden.pdf,,"SMITH, WALTER BEDELL: Collection of World War II Documents Box 11 Reel 62",Operation Market Garden (Subject Guide),44,operation_market_garden_17_26_sep_44_01KT82WF0VH3M5N8QC05QTQXMD.json; saga_of_the_all_american_01KT82P6353N5S0J52C18HW0E8.json; airborne_assault_on_holland_an_interim_report_01KTA83CNE3JH9PCFSATBCVRFC.json; opn_market_garden_17_26_sep_44_01KTC74GXFAH452XVYPGN2EKHY.json; the_last_offensive_01KT9TBB2W2VKN39WBFAZ2D62B.json,0,
Lower HQ S- 3 Periodic Reports Operation Market 8-12 Oct 1944,https://www.eisenhowerlibrary.gov/sites/default/files/research/subject-guides/pdf/operation-market-garden.pdf,,"SMITH, WALTER BEDELL: Collection of World War II Documents Box 11 Reel 62",Operation Market Garden (Subject Guide),44,operation_market_garden_17_26_sep_44_01KT82WF0VH3M5N8QC05QTQXMD.json; saga_of_the_all_american_01KT82P6353N5S0J52C18HW0E8.json; airborne_assault_on_holland_an_interim_report_01KTA83CNE3JH9PCFSATBCVRFC.json; opn_market_garden_17_26_sep_44_01KTC74GXFAH452XVYPGN2EKHY.json; the_last_offensive_01KT9TBB2W2VKN39WBFAZ2D62B.json,0,
Lower HQ S- 3 Periodic Reports Operation Market 13-19 Oct 1944,https://www.eisenhowerlibrary.gov/sites/default/files/research/subject-guides/pdf/operation-market-garden.pdf,,"SMITH, WALTER BEDELL: Collection of World War II Documents Box 11 Reel 62",Operation Market Garden (Subject Guide),44,operation_market_garden_17_26_sep_44_01KT82WF0VH3M5N8QC05QTQXMD.json; saga_of_the_all_american_01KT82P6353N5S0J52C18HW0E8.json; airborne_assault_on_holland_an_interim_report_01KTA83CNE3JH9PCFSATBCVRFC.json; opn_market_garden_17_26_sep_44_01KTC74GXFAH452XVYPGN2EKHY.json; the_last_offensive_01KT9TBB2W2VKN39WBFAZ2D62B.json,0,
Lower HQ S- 3 Periodic Reports Operation Market 19-31 Oct 1944,https://www.eisenhowerlibrary.gov/sites/default/files/research/subject-guides/pdf/operation-market-garden.pdf,,"SMITH, WALTER BEDELL: Collection of World War II Documents Box 11 Reel 62",Operation Market Garden (Subject Guide),44,operation_market_garden_17_26_sep_44_01KT82WF0VH3M5N8QC05QTQXMD.json; saga_of_the_all_american_01KT82P6353N5S0J52C18HW0E8.json; airborne_assault_on_holland_an_interim_report_01KTA83CNE3JH9PCFSATBCVRFC.json; opn_market_garden_17_26_sep_44_01KTC74GXFAH452XVYPGN2EKHY.json; the_last_offensive_01KT9TBB2W2VKN39WBFAZ2D62B.json,0,
Lower HQ S- 3 Periodic Reports Operation Market 31 Oct-12 Nov 1944,https://www.eisenhowerlibrary.gov/sites/default/files/research/subject-guides/pdf/operation-market-garden.pdf,,"SMITH, WALTER BEDELL: Collection of World War II Documents Box 11 Reel 62",Operation Market Garden (Subject Guide),44,operation_market_garden_17_26_sep_44_01KT82WF0VH3M5N8QC05QTQXMD.json; saga_of_the_all_american_01KT82P6353N5S0J52C18HW0E8.json; airborne_assault_on_holland_an_interim_report_01KTA83CNE3JH9PCFSATBCVRFC.json; opn_market_garden_17_26_sep_44_01KTC74GXFAH452XVYPGN2EKHY.json; the_last_offensive_01KT9TBB2W2VKN39WBFAZ2D62B.json,0,
G-3 Journal Operation Market 17 Sept-17 Nov 1944,https://www.eisenhowerlibrary.gov/sites/default/files/research/subject-guides/pdf/operation-market-garden.pdf,,"SMITH, WALTER BEDELL: Collection of World War II Documents Box 11 Reel 62",Operation Market Garden (Subject Guide),44,operation_market_garden_17_26_sep_44_01KT82WF0VH3M5N8QC05QTQXMD.json; saga_of_the_all_american_01KT82P6353N5S0J52C18HW0E8.json; airborne_assault_on_holland_an_interim_report_01KTA83CNE3JH9PCFSATBCVRFC.json; opn_market_garden_17_26_sep_44_01KTC74GXFAH452XVYPGN2EKHY.json; the_last_offensive_01KT9TBB2W2VKN39WBFAZ2D62B.json,0,
G-3 Message File Operation Market 17-30 Sept 1944,https://www.eisenhowerlibrary.gov/sites/default/files/research/subject-guides/pdf/operation-market-garden.pdf,,"SMITH, WALTER BEDELL: Collection of World War II Documents Box 11 Reel 62",Operation Market Garden (Subject Guide),44,operation_market_garden_17_26_sep_44_01KT82WF0VH3M5N8QC05QTQXMD.json; saga_of_the_all_american_01KT82P6353N5S0J52C18HW0E8.json; airborne_assault_on_holland_an_interim_report_01KTA83CNE3JH9PCFSATBCVRFC.json; opn_market_garden_17_26_sep_44_01KTC74GXFAH452XVYPGN2EKHY.json; the_last_offensive_01KT9TBB2W2VKN39WBFAZ2D62B.json,0,
G-3 Message File Operation Market 30 Sept-17 Oct 1944,https://www.eisenhowerlibrary.gov/sites/default/files/research/subject-guides/pdf/operation-market-garden.pdf,,"SMITH, WALTER BEDELL: Collection of World War II Documents Box 11 Reel 62",Operation Market Garden (Subject Guide),44,operation_market_garden_17_26_sep_44_01KT82WF0VH3M5N8QC05QTQXMD.json; saga_of_the_all_american_01KT82P6353N5S0J52C18HW0E8.json; airborne_assault_on_holland_an_interim_report_01KTA83CNE3JH9PCFSATBCVRFC.json; opn_market_garden_17_26_sep_44_01KTC74GXFAH452XVYPGN2EKHY.json; the_last_offensive_01KT9TBB2W2VKN39WBFAZ2D62B.json,0,
G-3 Message File Operation Market 17 Oct-16 Nov 1944,https://www.eisenhowerlibrary.gov/sites/default/files/research/subject-guides/pdf/operation-market-garden.pdf,,"SMITH, WALTER BEDELL: Collection of World War II Documents Box 11 Reel 62",Operation Market Garden (Subject Guide),44,operation_market_garden_17_26_sep_44_01KT82WF0VH3M5N8QC05QTQXMD.json; saga_of_the_all_american_01KT82P6353N5S0J52C18HW0E8.json; airborne_assault_on_holland_an_interim_report_01KTA83CNE3JH9PCFSATBCVRFC.json; opn_market_garden_17_26_sep_44_01KTC74GXFAH452XVYPGN2EKHY.json; the_last_offensive_01KT9TBB2W2VKN39WBFAZ2D62B.json,0,
Field Order #11 Operation Market 13 Sept 1944,https://www.eisenhowerlibrary.gov/sites/default/files/research/subject-guides/pdf/operation-market-garden.pdf,,"SMITH, WALTER BEDELL: Collection of World War II Documents Box 11 Reel 62",Operation Market Garden (Subject Guide),44,operation_market_garden_17_26_sep_44_01KT82WF0VH3M5N8QC05QTQXMD.json; saga_of_the_all_american_01KT82P6353N5S0J52C18HW0E8.json; airborne_assault_on_holland_an_interim_report_01KTA83CNE3JH9PCFSATBCVRFC.json; opn_market_garden_17_26_sep_44_01KTC74GXFAH452XVYPGN2EKHY.json; the_last_offensive_01KT9TBB2W2VKN39WBFAZ2D62B.json,0,
G-4 Journal Operation Market 17 Sept-16 Oct 1944,https://www.eisenhowerlibrary.gov/sites/default/files/research/subject-guides/pdf/operation-market-garden.pdf,,"SMITH, WALTER BEDELL: Collection of World War II Documents Box 11 Reel 62",Operation Market Garden (Subject Guide),44,operation_market_garden_17_26_sep_44_01KT82WF0VH3M5N8QC05QTQXMD.json; saga_of_the_all_american_01KT82P6353N5S0J52C18HW0E8.json; airborne_assault_on_holland_an_interim_report_01KTA83CNE3JH9PCFSATBCVRFC.json; opn_market_garden_17_26_sep_44_01KTC74GXFAH452XVYPGN2EKHY.json; the_last_offensive_01KT9TBB2W2VKN39WBFAZ2D62B.json,0,
80th A/B AA Battalion History Operation Market 15 Sept-16 Nov 1944,https://www.eisenhowerlibrary.gov/sites/default/files/research/subject-guides/pdf/operation-market-garden.pdf,,"SMITH, WALTER BEDELL: Collection of World War II Documents Box 11 Reel 62",Operation Market Garden (Subject Guide),44,operation_market_garden_17_26_sep_44_01KT82WF0VH3M5N8QC05QTQXMD.json; saga_of_the_all_american_01KT82P6353N5S0J52C18HW0E8.json; airborne_assault_on_holland_an_interim_report_01KTA83CNE3JH9PCFSATBCVRFC.json; opn_market_garden_17_26_sep_44_01KTC74GXFAH452XVYPGN2EKHY.json; the_last_offensive_01KT9TBB2W2VKN39WBFAZ2D62B.json,0,
80th A/B AA Battalion Overlays & Messages Operation Market 17 Sept-16 Oct 1944,https://www.eisenhowerlibrary.gov/sites/default/files/research/subject-guides/pdf/operation-market-garden.pdf,,"SMITH, WALTER BEDELL: Collection of World War II Documents Box 11 Reel 62",Operation Market Garden (Subject Guide),44,operation_market_garden_17_26_sep_44_01KT82WF0VH3M5N8QC05QTQXMD.json; saga_of_the_all_american_01KT82P6353N5S0J52C18HW0E8.json; airborne_assault_on_holland_an_interim_report_01KTA83CNE3JH9PCFSATBCVRFC.json; opn_market_garden_17_26_sep_44_01KTC74GXFAH452XVYPGN2EKHY.json; the_last_offensive_01KT9TBB2W2VKN39WBFAZ2D62B.json,0,
Artillery History Operation Market 17 Sept-11 Nov 1944,https://www.eisenhowerlibrary.gov/sites/default/files/research/subject-guides/pdf/operation-market-garden.pdf,,"SMITH, WALTER BEDELL: Collection of World War II Documents Box 11 Reel 62",Operation Market Garden (Subject Guide),44,operation_market_garden_17_26_sep_44_01KT82WF0VH3M5N8QC05QTQXMD.json; saga_of_the_all_american_01KT82P6353N5S0J52C18HW0E8.json; airborne_assault_on_holland_an_interim_report_01KTA83CNE3JH9PCFSATBCVRFC.json; opn_market_garden_17_26_sep_44_01KTC74GXFAH452XVYPGN2EKHY.json; the_last_offensive_01KT9TBB2W2VKN39WBFAZ2D62B.json,0,
307th A/B Engr Bn Unit History Operation Market 17 Sept-12 Nov 1944,https://www.eisenhowerlibrary.gov/sites/default/files/research/subject-guides/pdf/operation-market-garden.pdf,,"SMITH, WALTER BEDELL: Collection of World War II Documents Box 11 Reel 62",Operation Market Garden (Subject Guide),44,operation_market_garden_17_26_sep_44_01KT82WF0VH3M5N8QC05QTQXMD.json; saga_of_the_all_american_01KT82P6353N5S0J52C18HW0E8.json; airborne_assault_on_holland_an_interim_report_01KTA83CNE3JH9PCFSATBCVRFC.json; opn_market_garden_17_26_sep_44_01KTC74GXFAH452XVYPGN2EKHY.json; the_last_offensive_01KT9TBB2W2VKN39WBFAZ2D62B.json,0,
319th Glider FA Bn Operation Market 13 Sept-14 Nov 1944,https://www.eisenhowerlibrary.gov/sites/default/files/research/subject-guides/pdf/operation-market-garden.pdf,,"SMITH, WALTER BEDELL: Collection of World War II Documents Box 11 Reel 62",Operation Market Garden (Subject Guide),44,operation_market_garden_17_26_sep_44_01KT82WF0VH3M5N8QC05QTQXMD.json; saga_of_the_all_american_01KT82P6353N5S0J52C18HW0E8.json; airborne_assault_on_holland_an_interim_report_01KTA83CNE3JH9PCFSATBCVRFC.json; opn_market_garden_17_26_sep_44_01KTC74GXFAH452XVYPGN2EKHY.json; the_last_offensive_01KT9TBB2W2VKN39WBFAZ2D62B.json,0,
320th Glider FA Bn Unit History Operation Market 17 Sept-11 Nov 1944,https://www.eisenhowerlibrary.gov/sites/default/files/research/subject-guides/pdf/operation-market-garden.pdf,,"SMITH, WALTER BEDELL: Collection of World War II Documents Box 11 Reel 62",Operation Market Garden (Subject Guide),44,operation_market_garden_17_26_sep_44_01KT82WF0VH3M5N8QC05QTQXMD.json; saga_of_the_all_american_01KT82P6353N5S0J52C18HW0E8.json; airborne_assault_on_holland_an_interim_report_01KTA83CNE3JH9PCFSATBCVRFC.json; opn_market_garden_17_26_sep_44_01KTC74GXFAH452XVYPGN2EKHY.json; the_last_offensive_01KT9TBB2W2VKN39WBFAZ2D62B.json,0,
376th Prcht FA Bn Operation Market 14 Sept-14 Nov 1944,https://www.eisenhowerlibrary.gov/sites/default/files/research/subject-guides/pdf/operation-market-garden.pdf,,"SMITH, WALTER BEDELL: Collection of World War II Documents Box 11 Reel 62",Operation Market Garden (Subject Guide),44,operation_market_garden_17_26_sep_44_01KT82WF0VH3M5N8QC05QTQXMD.json; saga_of_the_all_american_01KT82P6353N5S0J52C18HW0E8.json; airborne_assault_on_holland_an_interim_report_01KTA83CNE3JH9PCFSATBCVRFC.json; opn_market_garden_17_26_sep_44_01KTC74GXFAH452XVYPGN2EKHY.json; the_last_offensive_01KT9TBB2W2VKN39WBFAZ2D62B.json,0,
325th Glider Inf Regt Action Report Operation Holland 15 Sept-Nov 1944,https://www.eisenhowerlibrary.gov/sites/default/files/research/subject-guides/pdf/operation-market-garden.pdf,,"SMITH, WALTER BEDELL: Collection of World War II Documents Box 11 Reel 62",Operation Market Garden (Subject Guide),87,rpt_of_abn_phase_101st_abn_div_and_a_graphic_account_of_the_82d_airborne_divisio_01KTC74CC2R7R21SB7XTTAPC27.json; opn_instr_1_and_2_13_and_14_sep_44_allied_abn_opns_in_holland_01KT82C5M0G1FJSZXTTVRKWNNC.json; opn_instr_no_1_allied_abn_opns_in_holland_01KTC7HC36VATNNK5QYSZDAGAF.json; timberwolf_tracks_01KTC0CP7RK1M3JG6S3TNMA1T3.json; airborne_assault_on_holland_an_interim_report_01KTA83CNE3JH9PCFSATBCVRFC.json,0,
325th Glider Inf Regt Field Order #6 Operation Market 14 Sept 1944,https://www.eisenhowerlibrary.gov/sites/default/files/research/subject-guides/pdf/operation-market-garden.pdf,,"SMITH, WALTER BEDELL: Collection of World War II Documents Box 11 Reel 62",Operation Market Garden (Subject Guide),44,operation_market_garden_17_26_sep_44_01KT82WF0VH3M5N8QC05QTQXMD.json; saga_of_the_all_american_01KT82P6353N5S0J52C18HW0E8.json; airborne_assault_on_holland_an_interim_report_01KTA83CNE3JH9PCFSATBCVRFC.json; opn_market_garden_17_26_sep_44_01KTC74GXFAH452XVYPGN2EKHY.json; the_last_offensive_01KT9TBB2W2VKN39WBFAZ2D62B.json,0,
504th Prcht Inf Regt Action Report Operation Market 17 Sept-4 Nov 1944,https://www.eisenhowerlibrary.gov/sites/default/files/research/subject-guides/pdf/operation-market-garden.pdf,,"SMITH, WALTER BEDELL: Collection of World War II Documents Box 11 Reel 62",Operation Market Garden (Subject Guide),44,operation_market_garden_17_26_sep_44_01KT82WF0VH3M5N8QC05QTQXMD.json; saga_of_the_all_american_01KT82P6353N5S0J52C18HW0E8.json; airborne_assault_on_holland_an_interim_report_01KTA83CNE3JH9PCFSATBCVRFC.json; opn_market_garden_17_26_sep_44_01KTC74GXFAH452XVYPGN2EKHY.json; the_last_offensive_01KT9TBB2W2VKN39WBFAZ2D62B.json,0,
505th Prcht Inf Regt Activities Report Operation Market 17 Sept-18 Oct 1944,https://www.eisenhowerlibrary.gov/sites/default/files/research/subject-guides/pdf/operation-market-garden.pdf,,"SMITH, WALTER BEDELL: Collection of World War II Documents Box 11 Reel 62",Operation Market Garden (Subject Guide),44,operation_market_garden_17_26_sep_44_01KT82WF0VH3M5N8QC05QTQXMD.json; saga_of_the_all_american_01KT82P6353N5S0J52C18HW0E8.json; airborne_assault_on_holland_an_interim_report_01KTA83CNE3JH9PCFSATBCVRFC.json; opn_market_garden_17_26_sep_44_01KTC74GXFAH452XVYPGN2EKHY.json; the_last_offensive_01KT9TBB2W2VKN39WBFAZ2D62B.json,0,
307th A/B Medical Co Report of Unit Operations Holland 17 Sept-16 Oct 1944,https://www.eisenhowerlibrary.gov/sites/default/files/research/subject-guides/pdf/operation-market-garden.pdf,,"SMITH, WALTER BEDELL: Collection of World War II Documents Box 11 Reel 62",Operation Market Garden (Subject Guide),87,rpt_of_abn_phase_101st_abn_div_and_a_graphic_account_of_the_82d_airborne_divisio_01KTC74CC2R7R21SB7XTTAPC27.json; opn_instr_1_and_2_13_and_14_sep_44_allied_abn_opns_in_holland_01KT82C5M0G1FJSZXTTVRKWNNC.json; opn_instr_no_1_allied_abn_opns_in_holland_01KTC7HC36VATNNK5QYSZDAGAF.json; timberwolf_tracks_01KTC0CP7RK1M3JG6S3TNMA1T3.json; airborne_assault_on_holland_an_interim_report_01KTA83CNE3JH9PCFSATBCVRFC.json,0,
"82nd Abn Div in Holland, Operation Market Garden 1944",https://www.eisenhowerlibrary.gov/sites/default/files/research/subject-guides/pdf/operation-market-garden.pdf,,"SMITH, WALTER BEDELL: Collection of World War II Documents Box 6",Operation Market Garden (Subject Guide),119,operation_market_garden_17_26_sep_44_01KT82WF0VH3M5N8QC05QTQXMD.json; rpt_of_abn_phase_101st_abn_div_and_a_graphic_account_of_the_82d_airborne_divisio_01KTC74CC2R7R21SB7XTTAPC27.json; opn_instr_1_and_2_13_and_14_sep_44_allied_abn_opns_in_holland_01KT82C5M0G1FJSZXTTVRKWNNC.json; opn_instr_no_1_allied_abn_opns_in_holland_01KTC7HC36VATNNK5QYSZDAGAF.json; timberwolf_tracks_01KTC0CP7RK1M3JG6S3TNMA1T3.json,0,
"101st Abn Div Report of Operation Market Oct. 8, 1944",https://www.eisenhowerlibrary.gov/sites/default/files/research/subject-guides/pdf/operation-market-garden.pdf,,"SMITH, WALTER BEDELL: Collection of World War II Documents Box 7",Operation Market Garden (Subject Guide),44,operation_market_garden_17_26_sep_44_01KT82WF0VH3M5N8QC05QTQXMD.json; saga_of_the_all_american_01KT82P6353N5S0J52C18HW0E8.json; airborne_assault_on_holland_an_interim_report_01KTA83CNE3JH9PCFSATBCVRFC.json; opn_market_garden_17_26_sep_44_01KTC74GXFAH452XVYPGN2EKHY.json; the_last_offensive_01KT9TBB2W2VKN39WBFAZ2D62B.json,0,
"101st Abn Div History of Operation Market Sept. 28-Nov. 27, 1944",https://www.eisenhowerlibrary.gov/sites/default/files/research/subject-guides/pdf/operation-market-garden.pdf,,"SMITH, WALTER BEDELL: Collection of World War II Documents Box 7",Operation Market Garden (Subject Guide),44,operation_market_garden_17_26_sep_44_01KT82WF0VH3M5N8QC05QTQXMD.json; saga_of_the_all_american_01KT82P6353N5S0J52C18HW0E8.json; airborne_assault_on_holland_an_interim_report_01KTA83CNE3JH9PCFSATBCVRFC.json; opn_market_garden_17_26_sep_44_01KTC74GXFAH452XVYPGN2EKHY.json; the_last_offensive_01KT9TBB2W2VKN39WBFAZ2D62B.json,0,
"History of Operation Market Sept. 17-Nov. 29, 1944",https://www.eisenhowerlibrary.gov/sites/default/files/research/subject-guides/pdf/operation-market-garden.pdf,,"SMITH, WALTER BEDELL: Collection of World War II Documents Box 7",Operation Market Garden (Subject Guide),44,operation_market_garden_17_26_sep_44_01KT82WF0VH3M5N8QC05QTQXMD.json; saga_of_the_all_american_01KT82P6353N5S0J52C18HW0E8.json; airborne_assault_on_holland_an_interim_report_01KTA83CNE3JH9PCFSATBCVRFC.json; opn_market_garden_17_26_sep_44_01KTC74GXFAH452XVYPGN2EKHY.json; the_last_offensive_01KT9TBB2W2VKN39WBFAZ2D62B.json,0,
Miscellaneous Notes and Material re Operation Market (Rendevous with Destiny),https://www.eisenhowerlibrary.gov/sites/default/files/research/subject-guides/pdf/operation-market-garden.pdf,,"SMITH, WALTER BEDELL: Collection of World War II Documents Box 8",Operation Market Garden (Subject Guide),44,operation_market_garden_17_26_sep_44_01KT82WF0VH3M5N8QC05QTQXMD.json; saga_of_the_all_american_01KT82P6353N5S0J52C18HW0E8.json; airborne_assault_on_holland_an_interim_report_01KTA83CNE3JH9PCFSATBCVRFC.json; opn_market_garden_17_26_sep_44_01KTC74GXFAH452XVYPGN2EKHY.json; the_last_offensive_01KT9TBB2W2VKN39WBFAZ2D62B.json,0,
Correspondence and Miscellaneous Material re Holland (Operation Market),https://www.eisenhowerlibrary.gov/sites/default/files/research/subject-guides/pdf/operation-market-garden.pdf,,"SMITH, WALTER BEDELL: Collection of World War II Documents Box 8",Operation Market Garden (Subject Guide),119,operation_market_garden_17_26_sep_44_01KT82WF0VH3M5N8QC05QTQXMD.json; rpt_of_abn_phase_101st_abn_div_and_a_graphic_account_of_the_82d_airborne_divisio_01KTC74CC2R7R21SB7XTTAPC27.json; opn_instr_1_and_2_13_and_14_sep_44_allied_abn_opns_in_holland_01KT82C5M0G1FJSZXTTVRKWNNC.json; opn_instr_no_1_allied_abn_opns_in_holland_01KTC7HC36VATNNK5QYSZDAGAF.json; timberwolf_tracks_01KTC0CP7RK1M3JG6S3TNMA1T3.json,0,
"101st Abn Div CIC Detachment, CI Activities During Operation Market",https://www.eisenhowerlibrary.gov/sites/default/files/research/subject-guides/pdf/operation-market-garden.pdf,,"SMITH, WALTER BEDELL: Collection of World War II Documents Box 13",Operation Market Garden (Subject Guide),44,operation_market_garden_17_26_sep_44_01KT82WF0VH3M5N8QC05QTQXMD.json; saga_of_the_all_american_01KT82P6353N5S0J52C18HW0E8.json; airborne_assault_on_holland_an_interim_report_01KTA83CNE3JH9PCFSATBCVRFC.json; opn_market_garden_17_26_sep_44_01KTC74GXFAH452XVYPGN2EKHY.json; the_last_offensive_01KT9TBB2W2VKN39WBFAZ2D62B.json,0,
101st Airborne Division. [various folders—see relevant dates],https://www.eisenhowerlibrary.gov/sites/default/files/research/subject-guides/pdf/operation-market-garden.pdf,,"SMITH, WALTER BEDELL: Collection of World War II Documents Box 13",Operation Market Garden (Subject Guide),112,rpt_of_abn_phase_101st_abn_div_and_a_graphic_account_of_the_82d_airborne_divisio_01KTC74CC2R7R21SB7XTTAPC27.json; ltr_airborne_opns_to_further_overlord_6_jul_01KQ7YKC2VS82T5JY5CKHV1VD7.json; analysis_of_battle_casualty_reports_received_from_82d_airborne_division_01KQ6A6XAVJ1Y1S7RF5Z22Y7D8.json; aeaf_memo_operation_neptune_employment_of_british_and_american_airborne_forces_01KPTC8QZK2WRT1GAKDP3T39M3.json; 12th_army_group_report_of_operations_01KQ96PXTQTFRRHS5P9CD6ESEA.json,0,
"907th Glider FA Bn, Medical Det., Holland and Bastogne Campaign Reports",https://www.eisenhowerlibrary.gov/sites/default/files/research/subject-guides/pdf/operation-market-garden.pdf,,"SMITH, WALTER BEDELL: Collection of World War II Documents Box 14",Operation Market Garden (Subject Guide),87,rpt_of_abn_phase_101st_abn_div_and_a_graphic_account_of_the_82d_airborne_divisio_01KTC74CC2R7R21SB7XTTAPC27.json; opn_instr_1_and_2_13_and_14_sep_44_allied_abn_opns_in_holland_01KT82C5M0G1FJSZXTTVRKWNNC.json; opn_instr_no_1_allied_abn_opns_in_holland_01KTC7HC36VATNNK5QYSZDAGAF.json; timberwolf_tracks_01KTC0CP7RK1M3JG6S3TNMA1T3.json; airborne_assault_on_holland_an_interim_report_01KTA83CNE3JH9PCFSATBCVRFC.json,0,
"327th Glider Inf Regt, History Operation Market",https://www.eisenhowerlibrary.gov/sites/default/files/research/subject-guides/pdf/operation-market-garden.pdf,,"SMITH, WALTER BEDELL: Collection of World War II Documents Box 14",Operation Market Garden (Subject Guide),44,operation_market_garden_17_26_sep_44_01KT82WF0VH3M5N8QC05QTQXMD.json; saga_of_the_all_american_01KT82P6353N5S0J52C18HW0E8.json; airborne_assault_on_holland_an_interim_report_01KTA83CNE3JH9PCFSATBCVRFC.json; opn_market_garden_17_26_sep_44_01KTC74GXFAH452XVYPGN2EKHY.json; the_last_offensive_01KT9TBB2W2VKN39WBFAZ2D62B.json,0,
506th Prcht Inf Regt After Action Report Operation Market,https://www.eisenhowerlibrary.gov/sites/default/files/research/subject-guides/pdf/operation-market-garden.pdf,,"SMITH, WALTER BEDELL: Collection of World War II Documents Box 1535 506th Prcht Inf Regt History of Operation Market",Operation Market Garden (Subject Guide),44,operation_market_garden_17_26_sep_44_01KT82WF0VH3M5N8QC05QTQXMD.json; saga_of_the_all_american_01KT82P6353N5S0J52C18HW0E8.json; airborne_assault_on_holland_an_interim_report_01KTA83CNE3JH9PCFSATBCVRFC.json; opn_market_garden_17_26_sep_44_01KTC74GXFAH452XVYPGN2EKHY.json; the_last_offensive_01KT9TBB2W2VKN39WBFAZ2D62B.json,0,
"Gavin, James (OH-184) [Interview with WWII military associate of General Eisenhower includes",https://www.eisenhowerlibrary.gov/sites/default/files/research/subject-guides/pdf/operation-market-garden.pdf,,ORAL HISTORY: Box 1535 506th Prcht Inf Regt History of Operation Market,Operation Market Garden (Subject Guide),53,gavin_ltr_to_ocmh_01KTA83K41NNNX79N3Q8MAMC4A.json; ltr_gavin_to_maj_gen_paul_l_williams_01KT9TDCJFKZC6KYD6JRJBNY98.json; after_action_reports_and_combat_interviews_01KT82Y5S57Q1F5F51QPGEWTBB.json; ltr_gavin_to_maj_gen_paul_l_williams_01KT82H9A01DR9BB2XE7AFRXHJ.json; ltr_to_ocmh_statement_by_co_3d_bn_508th_prcht_inf_01KT82SWSG354TRWE4N3F3FTZV.json,0,
comments on Operation Market Garden],https://www.eisenhowerlibrary.gov/sites/default/files/research/subject-guides/pdf/operation-market-garden.pdf,,ORAL HISTORY: Box 1535 506th Prcht Inf Regt History of Operation Market,Operation Market Garden (Subject Guide),44,operation_market_garden_17_26_sep_44_01KT82WF0VH3M5N8QC05QTQXMD.json; saga_of_the_all_american_01KT82P6353N5S0J52C18HW0E8.json; airborne_assault_on_holland_an_interim_report_01KTA83CNE3JH9PCFSATBCVRFC.json; opn_market_garden_17_26_sep_44_01KTC74GXFAH452XVYPGN2EKHY.json; the_last_offensive_01KT9TBB2W2VKN39WBFAZ2D62B.json,0,
Cornelius Bauer. The Battle of Arnhem.,https://www.eisenhowerlibrary.gov/sites/default/files/research/subject-guides/pdf/operation-market-garden.pdf,,BOOKS: Box 1535 506th Prcht Inf Regt History of Operation Market,Operation Market Garden (Subject Guide),11,la_pretendue_trahison_darnhem_01KTA830P8YN4PTYJQK4AHMTPC.json; the_truth_about_the_supposed_spy_at_arnhem_01KT82HHYE0KY4A7P0CNSQES09.json; la_pretendue_trahison_darnhem_01KT82D5852KCCE8QZTJS54SHS.json; la_pretendue_trahison_darnhem_01KTC76MX7J2CAFAQFVCV070CZ.json; the_truth_about_the_supposed_spy_at_arnhem_01KTC76KQRHQBA7K6T7MMKCNYY.json,0,
Clay Blair. Ridgway’s Paratroopers; The American Airborne in World War II.,https://www.eisenhowerlibrary.gov/sites/default/files/research/subject-guides/pdf/operation-market-garden.pdf,,BOOKS: Box 1535 506th Prcht Inf Regt History of Operation Market,Operation Market Garden (Subject Guide),112,rpt_of_abn_phase_101st_abn_div_and_a_graphic_account_of_the_82d_airborne_divisio_01KTC74CC2R7R21SB7XTTAPC27.json; ltr_airborne_opns_to_further_overlord_6_jul_01KQ7YKC2VS82T5JY5CKHV1VD7.json; analysis_of_battle_casualty_reports_received_from_82d_airborne_division_01KQ6A6XAVJ1Y1S7RF5Z22Y7D8.json; aeaf_memo_operation_neptune_employment_of_british_and_american_airborne_forces_01KPTC8QZK2WRT1GAKDP3T39M3.json; 12th_army_group_report_of_operations_01KQ96PXTQTFRRHS5P9CD6ESEA.json,0,
"James M. Gavin. On to Berlin: Battles of an Airborne Commander, 1943-1946.",https://www.eisenhowerlibrary.gov/sites/default/files/research/subject-guides/pdf/operation-market-garden.pdf,,BOOKS: Box 1535 506th Prcht Inf Regt History of Operation Market,Operation Market Garden (Subject Guide),154,rpt_of_abn_phase_101st_abn_div_and_a_graphic_account_of_the_82d_airborne_divisio_01KTC74CC2R7R21SB7XTTAPC27.json; ltr_airborne_opns_to_further_overlord_6_jul_01KQ7YKC2VS82T5JY5CKHV1VD7.json; analysis_of_battle_casualty_reports_received_from_82d_airborne_division_01KQ6A6XAVJ1Y1S7RF5Z22Y7D8.json; gavin_ltr_to_ocmh_01KTA83K41NNNX79N3Q8MAMC4A.json; aeaf_memo_operation_neptune_employment_of_british_and_american_airborne_forces_01KPTC8QZK2WRT1GAKDP3T39M3.json,0,
Christopher Hibbert. The Battle of Arnhem.,https://www.eisenhowerlibrary.gov/sites/default/files/research/subject-guides/pdf/operation-market-garden.pdf,,BOOKS: Box 1535 506th Prcht Inf Regt History of Operation Market,Operation Market Garden (Subject Guide),11,la_pretendue_trahison_darnhem_01KTA830P8YN4PTYJQK4AHMTPC.json; the_truth_about_the_supposed_spy_at_arnhem_01KT82HHYE0KY4A7P0CNSQES09.json; la_pretendue_trahison_darnhem_01KT82D5852KCCE8QZTJS54SHS.json; la_pretendue_trahison_darnhem_01KTC76MX7J2CAFAQFVCV070CZ.json; the_truth_about_the_supposed_spy_at_arnhem_01KTC76KQRHQBA7K6T7MMKCNYY.json,0,
James A. Huston. Out of the Blue: U.S. Army Airborne Operations in World War II.,https://www.eisenhowerlibrary.gov/sites/default/files/research/subject-guides/pdf/operation-market-garden.pdf,,BOOKS: Box 1535 506th Prcht Inf Regt History of Operation Market,Operation Market Garden (Subject Guide),112,rpt_of_abn_phase_101st_abn_div_and_a_graphic_account_of_the_82d_airborne_divisio_01KTC74CC2R7R21SB7XTTAPC27.json; ltr_airborne_opns_to_further_overlord_6_jul_01KQ7YKC2VS82T5JY5CKHV1VD7.json; analysis_of_battle_casualty_reports_received_from_82d_airborne_division_01KQ6A6XAVJ1Y1S7RF5Z22Y7D8.json; aeaf_memo_operation_neptune_employment_of_british_and_american_airborne_forces_01KPTC8QZK2WRT1GAKDP3T39M3.json; 12th_army_group_report_of_operations_01KQ96PXTQTFRRHS5P9CD6ESEA.json,0,
George E. Koskimaki. Hell’s Highway: Chronicle of the 101st Airborne Division in the Holland Campaig,https://www.eisenhowerlibrary.gov/sites/default/files/research/subject-guides/pdf/operation-market-garden.pdf,,BOOKS: Box 1535 506th Prcht Inf Regt History of Operation Market,Operation Market Garden (Subject Guide),182,rpt_of_abn_phase_101st_abn_div_and_a_graphic_account_of_the_82d_airborne_divisio_01KTC74CC2R7R21SB7XTTAPC27.json; opn_instr_1_and_2_13_and_14_sep_44_allied_abn_opns_in_holland_01KT82C5M0G1FJSZXTTVRKWNNC.json; ltr_airborne_opns_to_further_overlord_6_jul_01KQ7YKC2VS82T5JY5CKHV1VD7.json; analysis_of_battle_casualty_reports_received_from_82d_airborne_division_01KQ6A6XAVJ1Y1S7RF5Z22Y7D8.json; opn_instr_no_1_allied_abn_opns_in_holland_01KTC7HC36VATNNK5QYSZDAGAF.json,0,
"Campaign. Vol. 3, Pt. 6 (Army Green Series--section on Market Garden)",https://www.eisenhowerlibrary.gov/sites/default/files/research/subject-guides/pdf/operation-market-garden.pdf,,BOOKS: Box 1535 506th Prcht Inf Regt History of Operation Market,Operation Market Garden (Subject Guide),44,operation_market_garden_17_26_sep_44_01KT82WF0VH3M5N8QC05QTQXMD.json; saga_of_the_all_american_01KT82P6353N5S0J52C18HW0E8.json; airborne_assault_on_holland_an_interim_report_01KTA83CNE3JH9PCFSATBCVRFC.json; opn_market_garden_17_26_sep_44_01KTC74GXFAH452XVYPGN2EKHY.json; the_last_offensive_01KT9TBB2W2VKN39WBFAZ2D62B.json,0,
R.E. Urquhart. Arnhem.,https://www.eisenhowerlibrary.gov/sites/default/files/research/subject-guides/pdf/operation-market-garden.pdf,,BOOKS: Box 1535 506th Prcht Inf Regt History of Operation Market,Operation Market Garden (Subject Guide),11,la_pretendue_trahison_darnhem_01KTA830P8YN4PTYJQK4AHMTPC.json; the_truth_about_the_supposed_spy_at_arnhem_01KT82HHYE0KY4A7P0CNSQES09.json; la_pretendue_trahison_darnhem_01KT82D5852KCCE8QZTJS54SHS.json; la_pretendue_trahison_darnhem_01KTC76MX7J2CAFAQFVCV070CZ.json; the_truth_about_the_supposed_spy_at_arnhem_01KTC76KQRHQBA7K6T7MMKCNYY.json,0,
"planners on the cross-channel invasion. His papers include minutes of meetings, reports and other",https://www.eisenhowerlibrary.gov/sites/default/files/research/subject-guides/pdf/operation-overlord.pdf,,Overview of Collections,Operation Overlord (Subject Guide),135,research_and_analysis_to_fix_earliest_practicable_date_for_invasion_of_western_e_01KQ68N782VCFZMKQ83X27N773.json; zustandberichte_ss_divisiones_jun_43_jul_44_01KPT230H7E4C5FV2C4H99W23H.json; fusa_psychological_warfare_division_letter_bombing_of_st_lô_4_july_1944_01KPT3M5NYB7DQ4YSJFBH6X5A8.json; hitler_versus_his_generals_in_the_west_01KPSYYDQ8RT3Q70Z85KR2N33A.json; rommel_to_rundstedt_01KPVPQH04ZA15DY7SN9TFYH8P.json,0,
commanded patrol boats in the English Channel during the Normandy Invasion. In addition to the,https://www.eisenhowerlibrary.gov/sites/default/files/research/subject-guides/pdf/operation-overlord.pdf,,Overview of Collections,Operation Overlord (Subject Guide),223,research_and_analysis_to_fix_earliest_practicable_date_for_invasion_of_western_e_01KQ68N782VCFZMKQ83X27N773.json; zustandberichte_ss_divisiones_jun_43_jul_44_01KPT230H7E4C5FV2C4H99W23H.json; intentions_second_british_army_and_first_canadian_army_19_20_21_and_23_aug_01KPSY97B5VKNJH2NEGVKBPSG4.json; remarks_on_90th_division_performance_01KPVBW7KQV6MJXCSZTQY9T04M.json; 12th_army_group_report_of_operations_01KQ96PXTQTFRRHS5P9CD6ESEA.json,0,
"Force, there is also information on the role of PT boats in the invasion written for the fortieth",https://www.eisenhowerlibrary.gov/sites/default/files/research/subject-guides/pdf/operation-overlord.pdf,,Overview of Collections,Operation Overlord (Subject Guide),77,research_and_analysis_to_fix_earliest_practicable_date_for_invasion_of_western_e_01KQ68N782VCFZMKQ83X27N773.json; fusa_psychological_warfare_division_letter_bombing_of_st_lô_4_july_1944_01KPT3M5NYB7DQ4YSJFBH6X5A8.json; report_to_bormann_01KPVC8N7XTH5Z99ABEPKZGJKB.json; ltr_gavin_to_maj_gen_paul_l_williams_01KT9TDCJFKZC6KYD6JRJBNY98.json; study_by_the_kdtr_dbef_eifel_und_saarpfalz_01KSEE8V21F0JGGX2V8E9P4EH4.json,0,
of Staff (G-3) at Dwight D. Eisenhower s headquarters (SHAEF)in Europe from October 1943 until,https://www.eisenhowerlibrary.gov/sites/default/files/research/subject-guides/pdf/operation-overlord.pdf,,Overview of Collections,Operation Overlord (Subject Guide),1199,messages_to_agwar_for_jps_01KQ96QXWVTBJVTE0KTH9KEM4C.json; fwd_13765_4_sep_44_and_fwd_14764_14_sep_44_eisenhower_to_comdrs_01KTA7ZXY1QNG8X018BQR0CJJX.json; ltr_airborne_opns_to_further_overlord_6_jul_01KQ7YKC2VS82T5JY5CKHV1VD7.json; cosintrep_36_01KPT5AG09T49JVHSC22X500FY.json; eisenhower_to_12th_and_6th_a_gps_fwd_15934_26_sep_44_01KS8KB8C9SBZXEGPTWB77183B.json,0,
"SHEAF was dissolved in July 1945. As head of the Operations (G-3) section of SHAEF, Bull had a",https://www.eisenhowerlibrary.gov/sites/default/files/research/subject-guides/pdf/operation-overlord.pdf,,Overview of Collections,Operation Overlord (Subject Guide),995,messages_to_agwar_for_jps_01KQ96QXWVTBJVTE0KTH9KEM4C.json; ltr_airborne_opns_to_further_overlord_6_jul_01KQ7YKC2VS82T5JY5CKHV1VD7.json; cosintrep_36_01KPT5AG09T49JVHSC22X500FY.json; eisenhower_to_12th_and_6th_a_gps_fwd_15934_26_sep_44_01KS8KB8C9SBZXEGPTWB77183B.json; memo_sub_decisions_reached_at_supreme_commanders_conf_18_oct_44_dtd_22_oct_44_01KT7YPJS0YVYNHDJN1ZH7YWFX.json,0,
"situation reports to the Combined Chiefs of Staff, SHAEF Operational Directives, and weather reports",https://www.eisenhowerlibrary.gov/sites/default/files/research/subject-guides/pdf/operation-overlord.pdf,,Overview of Collections,Operation Overlord (Subject Guide),995,messages_to_agwar_for_jps_01KQ96QXWVTBJVTE0KTH9KEM4C.json; ltr_airborne_opns_to_further_overlord_6_jul_01KQ7YKC2VS82T5JY5CKHV1VD7.json; cosintrep_36_01KPT5AG09T49JVHSC22X500FY.json; eisenhower_to_12th_and_6th_a_gps_fwd_15934_26_sep_44_01KS8KB8C9SBZXEGPTWB77183B.json; memo_sub_decisions_reached_at_supreme_commanders_conf_18_oct_44_dtd_22_oct_44_01KT7YPJS0YVYNHDJN1ZH7YWFX.json,0,
Normandy Invasion and meteorological data.,https://www.eisenhowerlibrary.gov/sites/default/files/research/subject-guides/pdf/operation-overlord.pdf,,Overview of Collections,Operation Overlord (Subject Guide),175,research_and_analysis_to_fix_earliest_practicable_date_for_invasion_of_western_e_01KQ68N782VCFZMKQ83X27N773.json; intentions_second_british_army_and_first_canadian_army_19_20_21_and_23_aug_01KPSY97B5VKNJH2NEGVKBPSG4.json; remarks_on_90th_division_performance_01KPVBW7KQV6MJXCSZTQY9T04M.json; 12th_army_group_report_of_operations_01KQ96PXTQTFRRHS5P9CD6ESEA.json; fusa_psychological_warfare_division_letter_bombing_of_st_lô_4_july_1944_01KPT3M5NYB7DQ4YSJFBH6X5A8.json,0,
Commander Harry C. Butcher served as Naval Aide to Dwight D. Eisenhower from 1942-1948.,https://www.eisenhowerlibrary.gov/sites/default/files/research/subject-guides/pdf/operation-overlord.pdf,,Overview of Collections,Operation Overlord (Subject Guide),575,fwd_13765_4_sep_44_and_fwd_14764_14_sep_44_eisenhower_to_comdrs_01KTA7ZXY1QNG8X018BQR0CJJX.json; eisenhower_to_12th_and_6th_a_gps_fwd_15934_26_sep_44_01KS8KB8C9SBZXEGPTWB77183B.json; memo_sub_decisions_reached_at_supreme_commanders_conf_18_oct_44_dtd_22_oct_44_01KT7YPJS0YVYNHDJN1ZH7YWFX.json; cable_to_marshall_cpa_90255_01KQV0KE1ZVD8QZCNXVBXE8M7Q.json; cable_marshall_to_eisenhower_01KQ67WVV4MJDV63RH8TD5HFAD.json,0,
"Overlord-related documents include copies of Eisenhower’s D-Day proclamation in 4 languages,",https://www.eisenhowerlibrary.gov/sites/default/files/research/subject-guides/pdf/operation-overlord.pdf,,Overview of Collections,Operation Overlord (Subject Guide),819,fwd_13765_4_sep_44_and_fwd_14764_14_sep_44_eisenhower_to_comdrs_01KTA7ZXY1QNG8X018BQR0CJJX.json; ltr_airborne_opns_to_further_overlord_6_jul_01KQ7YKC2VS82T5JY5CKHV1VD7.json; eisenhower_to_12th_and_6th_a_gps_fwd_15934_26_sep_44_01KS8KB8C9SBZXEGPTWB77183B.json; memo_sub_decisions_reached_at_supreme_commanders_conf_18_oct_44_dtd_22_oct_44_01KT7YPJS0YVYNHDJN1ZH7YWFX.json; cable_to_marshall_cpa_90255_01KQV0KE1ZVD8QZCNXVBXE8M7Q.json,0,
Edwin Clark served as served as Eisenhower’s Deputy G-4 at SHAEF. His papers include a bound,https://www.eisenhowerlibrary.gov/sites/default/files/research/subject-guides/pdf/operation-overlord.pdf,,Overview of Collections,Operation Overlord (Subject Guide),1199,messages_to_agwar_for_jps_01KQ96QXWVTBJVTE0KTH9KEM4C.json; fwd_13765_4_sep_44_and_fwd_14764_14_sep_44_eisenhower_to_comdrs_01KTA7ZXY1QNG8X018BQR0CJJX.json; ltr_airborne_opns_to_further_overlord_6_jul_01KQ7YKC2VS82T5JY5CKHV1VD7.json; cosintrep_36_01KPT5AG09T49JVHSC22X500FY.json; eisenhower_to_12th_and_6th_a_gps_fwd_15934_26_sep_44_01KS8KB8C9SBZXEGPTWB77183B.json,0,
"Overlord. He was placed in command of VII Corps, whose mission was to seize Utah Beach and drive",https://www.eisenhowerlibrary.gov/sites/default/files/research/subject-guides/pdf/operation-overlord.pdf,,Overview of Collections,Operation Overlord (Subject Guide),461,ltr_airborne_opns_to_further_overlord_6_jul_01KQ7YKC2VS82T5JY5CKHV1VD7.json; eisenhower_to_12th_and_6th_a_gps_fwd_15934_26_sep_44_01KS8KB8C9SBZXEGPTWB77183B.json; cable_marshall_to_eisenhower_01KQ67WVV4MJDV63RH8TD5HFAD.json; eisenhower_to_ccs_01KSDGRV10GZTKJ5BTM867SEBR.json; directive_to_commanders_01KS3GDGP010HG4AN4MTHASHE7.json,0,
Brigadier General Cota was assistant Division commander of the US 29th Infantry Division at Omaha,https://www.eisenhowerlibrary.gov/sites/default/files/research/subject-guides/pdf/operation-overlord.pdf,,"COMBINED CHIEFS OF STAFF: Conference proceedings, 1941-1945",Operation Overlord (Subject Guide),8,amendment_i_to_fusa_plan_01KPTAME05WBVCCETJD1BBQTAQ.json; neptune_training_mounting_the_artificial_ports_the_administrative_and_logistical_01KQ62TX9SVWB0BGXQ171N6XEP.json; ancxf_report_01KPT4J3FVKFAEZQRW309QSTSC.json; talley_notes_01KPTCA4ZSDM2ES8NG4M4Q2VC3.json; neptune_training_mounting_the_artificial_ports_the_administrative_and_logistical_01KQ62TN8NC9F6A24WBX2GQWFB.json,0,
regarding General Norman Cota and the 29th Infantry Division during the Normandy Campaign.,https://www.eisenhowerlibrary.gov/sites/default/files/research/subject-guides/pdf/operation-overlord.pdf,,"COMBINED CHIEFS OF STAFF: Conference proceedings, 1941-1945",Operation Overlord (Subject Guide),106,intentions_second_british_army_and_first_canadian_army_19_20_21_and_23_aug_01KPSY97B5VKNJH2NEGVKBPSG4.json; remarks_on_90th_division_performance_01KPVBW7KQV6MJXCSZTQY9T04M.json; 12th_army_group_report_of_operations_01KQ96PXTQTFRRHS5P9CD6ESEA.json; fusa_psychological_warfare_division_letter_bombing_of_st_lô_4_july_1944_01KPT3M5NYB7DQ4YSJFBH6X5A8.json; 8th_div_g_3_jnl_entry_0815_30_jul_01KPT49DTXK4E1DS904FFQ8BVE.json,0,
"after the Normandy Invasion, he led the unit ashore on Omaha Beach with $450,000 in French",https://www.eisenhowerlibrary.gov/sites/default/files/research/subject-guides/pdf/operation-overlord.pdf,,"COMBINED CHIEFS OF STAFF: Conference proceedings, 1941-1945",Operation Overlord (Subject Guide),183,research_and_analysis_to_fix_earliest_practicable_date_for_invasion_of_western_e_01KQ68N782VCFZMKQ83X27N773.json; intentions_second_british_army_and_first_canadian_army_19_20_21_and_23_aug_01KPSY97B5VKNJH2NEGVKBPSG4.json; remarks_on_90th_division_performance_01KPVBW7KQV6MJXCSZTQY9T04M.json; 12th_army_group_report_of_operations_01KQ96PXTQTFRRHS5P9CD6ESEA.json; fusa_psychological_warfare_division_letter_bombing_of_st_lô_4_july_1944_01KPT3M5NYB7DQ4YSJFBH6X5A8.json,0,
This group of records consists of documents transferred to the Eisenhower Library from the Modern,https://www.eisenhowerlibrary.gov/sites/default/files/research/subject-guides/pdf/operation-overlord.pdf,,"DWIGHT D. EISENHOWER LIBRARY: Collection of 20th Century Military Records, 1918-1950",Operation Overlord (Subject Guide),575,fwd_13765_4_sep_44_and_fwd_14764_14_sep_44_eisenhower_to_comdrs_01KTA7ZXY1QNG8X018BQR0CJJX.json; eisenhower_to_12th_and_6th_a_gps_fwd_15934_26_sep_44_01KS8KB8C9SBZXEGPTWB77183B.json; memo_sub_decisions_reached_at_supreme_commanders_conf_18_oct_44_dtd_22_oct_44_01KT7YPJS0YVYNHDJN1ZH7YWFX.json; cable_to_marshall_cpa_90255_01KQV0KE1ZVD8QZCNXVBXE8M7Q.json; cable_marshall_to_eisenhower_01KQ67WVV4MJDV63RH8TD5HFAD.json,0,
"DWIGHT D. EISENHOWER LIBRARY: Material re: 25th Anniversary of D-Day, 1969",https://www.eisenhowerlibrary.gov/sites/default/files/research/subject-guides/pdf/operation-overlord.pdf,,"DWIGHT D. EISENHOWER LIBRARY: Collection of 20th Century Military Records, 1918-1950",Operation Overlord (Subject Guide),575,fwd_13765_4_sep_44_and_fwd_14764_14_sep_44_eisenhower_to_comdrs_01KTA7ZXY1QNG8X018BQR0CJJX.json; eisenhower_to_12th_and_6th_a_gps_fwd_15934_26_sep_44_01KS8KB8C9SBZXEGPTWB77183B.json; memo_sub_decisions_reached_at_supreme_commanders_conf_18_oct_44_dtd_22_oct_44_01KT7YPJS0YVYNHDJN1ZH7YWFX.json; cable_to_marshall_cpa_90255_01KQV0KE1ZVD8QZCNXVBXE8M7Q.json; cable_marshall_to_eisenhower_01KQ67WVV4MJDV63RH8TD5HFAD.json,0,
This group of materials was compiled for the 25th Anniversary of D-Day observances at the Eisenhower,https://www.eisenhowerlibrary.gov/sites/default/files/research/subject-guides/pdf/operation-overlord.pdf,,"DWIGHT D. EISENHOWER LIBRARY: Collection of 20th Century Military Records, 1918-1950",Operation Overlord (Subject Guide),575,fwd_13765_4_sep_44_and_fwd_14764_14_sep_44_eisenhower_to_comdrs_01KTA7ZXY1QNG8X018BQR0CJJX.json; eisenhower_to_12th_and_6th_a_gps_fwd_15934_26_sep_44_01KS8KB8C9SBZXEGPTWB77183B.json; memo_sub_decisions_reached_at_supreme_commanders_conf_18_oct_44_dtd_22_oct_44_01KT7YPJS0YVYNHDJN1ZH7YWFX.json; cable_to_marshall_cpa_90255_01KQV0KE1ZVD8QZCNXVBXE8M7Q.json; cable_marshall_to_eisenhower_01KQ67WVV4MJDV63RH8TD5HFAD.json,0,
"consists of postcards of D-Day related locations in France, an article on the invasion and an histor",https://www.eisenhowerlibrary.gov/sites/default/files/research/subject-guides/pdf/operation-overlord.pdf,,DWIGHT D. EISENHOWER LIBRARY: Small Manuscript Collections,Operation Overlord (Subject Guide),77,research_and_analysis_to_fix_earliest_practicable_date_for_invasion_of_western_e_01KQ68N782VCFZMKQ83X27N773.json; fusa_psychological_warfare_division_letter_bombing_of_st_lô_4_july_1944_01KPT3M5NYB7DQ4YSJFBH6X5A8.json; report_to_bormann_01KPVC8N7XTH5Z99ABEPKZGJKB.json; ltr_gavin_to_maj_gen_paul_l_williams_01KT9TDCJFKZC6KYD6JRJBNY98.json; study_by_the_kdtr_dbef_eifel_und_saarpfalz_01KSEE8V21F0JGGX2V8E9P4EH4.json,0,
"EISENHOWER, DWIGHT D.: Papers as President, 1953-1961",https://www.eisenhowerlibrary.gov/sites/default/files/research/subject-guides/pdf/operation-overlord.pdf,,DWIGHT D. EISENHOWER LIBRARY: Small Manuscript Collections,Operation Overlord (Subject Guide),575,fwd_13765_4_sep_44_and_fwd_14764_14_sep_44_eisenhower_to_comdrs_01KTA7ZXY1QNG8X018BQR0CJJX.json; eisenhower_to_12th_and_6th_a_gps_fwd_15934_26_sep_44_01KS8KB8C9SBZXEGPTWB77183B.json; memo_sub_decisions_reached_at_supreme_commanders_conf_18_oct_44_dtd_22_oct_44_01KT7YPJS0YVYNHDJN1ZH7YWFX.json; cable_to_marshall_cpa_90255_01KQV0KE1ZVD8QZCNXVBXE8M7Q.json; cable_marshall_to_eisenhower_01KQ67WVV4MJDV63RH8TD5HFAD.json,0,
The Speech Series contains copies of two messages delivered by President Eisenhower on the,https://www.eisenhowerlibrary.gov/sites/default/files/research/subject-guides/pdf/operation-overlord.pdf,,DWIGHT D. EISENHOWER LIBRARY: Small Manuscript Collections,Operation Overlord (Subject Guide),575,fwd_13765_4_sep_44_and_fwd_14764_14_sep_44_eisenhower_to_comdrs_01KTA7ZXY1QNG8X018BQR0CJJX.json; eisenhower_to_12th_and_6th_a_gps_fwd_15934_26_sep_44_01KS8KB8C9SBZXEGPTWB77183B.json; memo_sub_decisions_reached_at_supreme_commanders_conf_18_oct_44_dtd_22_oct_44_01KT7YPJS0YVYNHDJN1ZH7YWFX.json; cable_to_marshall_cpa_90255_01KQV0KE1ZVD8QZCNXVBXE8M7Q.json; cable_marshall_to_eisenhower_01KQ67WVV4MJDV63RH8TD5HFAD.json,0,
"EISENHOWER, DWIGHT D.: Post-Presidential Papers, 1961-1969",https://www.eisenhowerlibrary.gov/sites/default/files/research/subject-guides/pdf/operation-overlord.pdf,,DWIGHT D. EISENHOWER LIBRARY: Small Manuscript Collections,Operation Overlord (Subject Guide),575,fwd_13765_4_sep_44_and_fwd_14764_14_sep_44_eisenhower_to_comdrs_01KTA7ZXY1QNG8X018BQR0CJJX.json; eisenhower_to_12th_and_6th_a_gps_fwd_15934_26_sep_44_01KS8KB8C9SBZXEGPTWB77183B.json; memo_sub_decisions_reached_at_supreme_commanders_conf_18_oct_44_dtd_22_oct_44_01KT7YPJS0YVYNHDJN1ZH7YWFX.json; cable_to_marshall_cpa_90255_01KQV0KE1ZVD8QZCNXVBXE8M7Q.json; cable_marshall_to_eisenhower_01KQ67WVV4MJDV63RH8TD5HFAD.json,0,
"After he left the White House, Eisenhower gave interviews about the Normandy Invasion, participated",https://www.eisenhowerlibrary.gov/sites/default/files/research/subject-guides/pdf/operation-overlord.pdf,,DWIGHT D. EISENHOWER LIBRARY: Small Manuscript Collections,Operation Overlord (Subject Guide),730,fwd_13765_4_sep_44_and_fwd_14764_14_sep_44_eisenhower_to_comdrs_01KTA7ZXY1QNG8X018BQR0CJJX.json; eisenhower_to_12th_and_6th_a_gps_fwd_15934_26_sep_44_01KS8KB8C9SBZXEGPTWB77183B.json; memo_sub_decisions_reached_at_supreme_commanders_conf_18_oct_44_dtd_22_oct_44_01KT7YPJS0YVYNHDJN1ZH7YWFX.json; cable_to_marshall_cpa_90255_01KQV0KE1ZVD8QZCNXVBXE8M7Q.json; cable_marshall_to_eisenhower_01KQ67WVV4MJDV63RH8TD5HFAD.json,0,
"EISENHOWER, DWIGHT D.: Pre-Presidential Papers, 1916-1952",https://www.eisenhowerlibrary.gov/sites/default/files/research/subject-guides/pdf/operation-overlord.pdf,,DWIGHT D. EISENHOWER LIBRARY: Small Manuscript Collections,Operation Overlord (Subject Guide),575,fwd_13765_4_sep_44_and_fwd_14764_14_sep_44_eisenhower_to_comdrs_01KTA7ZXY1QNG8X018BQR0CJJX.json; eisenhower_to_12th_and_6th_a_gps_fwd_15934_26_sep_44_01KS8KB8C9SBZXEGPTWB77183B.json; memo_sub_decisions_reached_at_supreme_commanders_conf_18_oct_44_dtd_22_oct_44_01KT7YPJS0YVYNHDJN1ZH7YWFX.json; cable_to_marshall_cpa_90255_01KQV0KE1ZVD8QZCNXVBXE8M7Q.json; cable_marshall_to_eisenhower_01KQ67WVV4MJDV63RH8TD5HFAD.json,0,
"This significant collection contains reports, the daily diary maintained by Eisenhower’s naval aide,",https://www.eisenhowerlibrary.gov/sites/default/files/research/subject-guides/pdf/operation-overlord.pdf,,DWIGHT D. EISENHOWER LIBRARY: Small Manuscript Collections,Operation Overlord (Subject Guide),575,fwd_13765_4_sep_44_and_fwd_14764_14_sep_44_eisenhower_to_comdrs_01KTA7ZXY1QNG8X018BQR0CJJX.json; eisenhower_to_12th_and_6th_a_gps_fwd_15934_26_sep_44_01KS8KB8C9SBZXEGPTWB77183B.json; memo_sub_decisions_reached_at_supreme_commanders_conf_18_oct_44_dtd_22_oct_44_01KT7YPJS0YVYNHDJN1ZH7YWFX.json; cable_to_marshall_cpa_90255_01KQV0KE1ZVD8QZCNXVBXE8M7Q.json; cable_marshall_to_eisenhower_01KQ67WVV4MJDV63RH8TD5HFAD.json,0,
"cables between Eisenhower and General George C. Marshall, and correspondence between",https://www.eisenhowerlibrary.gov/sites/default/files/research/subject-guides/pdf/operation-overlord.pdf,,DWIGHT D. EISENHOWER LIBRARY: Small Manuscript Collections,Operation Overlord (Subject Guide),575,fwd_13765_4_sep_44_and_fwd_14764_14_sep_44_eisenhower_to_comdrs_01KTA7ZXY1QNG8X018BQR0CJJX.json; eisenhower_to_12th_and_6th_a_gps_fwd_15934_26_sep_44_01KS8KB8C9SBZXEGPTWB77183B.json; memo_sub_decisions_reached_at_supreme_commanders_conf_18_oct_44_dtd_22_oct_44_01KT7YPJS0YVYNHDJN1ZH7YWFX.json; cable_to_marshall_cpa_90255_01KQV0KE1ZVD8QZCNXVBXE8M7Q.json; cable_marshall_to_eisenhower_01KQ67WVV4MJDV63RH8TD5HFAD.json,0,
Eisenhower and almost all of the major figures involved in planning and executing Operation Overlord,https://www.eisenhowerlibrary.gov/sites/default/files/research/subject-guides/pdf/operation-overlord.pdf,,DWIGHT D. EISENHOWER LIBRARY: Small Manuscript Collections,Operation Overlord (Subject Guide),819,fwd_13765_4_sep_44_and_fwd_14764_14_sep_44_eisenhower_to_comdrs_01KTA7ZXY1QNG8X018BQR0CJJX.json; ltr_airborne_opns_to_further_overlord_6_jul_01KQ7YKC2VS82T5JY5CKHV1VD7.json; eisenhower_to_12th_and_6th_a_gps_fwd_15934_26_sep_44_01KS8KB8C9SBZXEGPTWB77183B.json; memo_sub_decisions_reached_at_supreme_commanders_conf_18_oct_44_dtd_22_oct_44_01KT7YPJS0YVYNHDJN1ZH7YWFX.json; cable_to_marshall_cpa_90255_01KQV0KE1ZVD8QZCNXVBXE8M7Q.json,0,
"EISENHOWER, DWIGHT D.: Records as President, 1953-1961",https://www.eisenhowerlibrary.gov/sites/default/files/research/subject-guides/pdf/operation-overlord.pdf,,DWIGHT D. EISENHOWER LIBRARY: Small Manuscript Collections,Operation Overlord (Subject Guide),575,fwd_13765_4_sep_44_and_fwd_14764_14_sep_44_eisenhower_to_comdrs_01KTA7ZXY1QNG8X018BQR0CJJX.json; eisenhower_to_12th_and_6th_a_gps_fwd_15934_26_sep_44_01KS8KB8C9SBZXEGPTWB77183B.json; memo_sub_decisions_reached_at_supreme_commanders_conf_18_oct_44_dtd_22_oct_44_01KT7YPJS0YVYNHDJN1ZH7YWFX.json; cable_to_marshall_cpa_90255_01KQV0KE1ZVD8QZCNXVBXE8M7Q.json; cable_marshall_to_eisenhower_01KQ67WVV4MJDV63RH8TD5HFAD.json,0,
Normandy invasion. The President’s Personal File of the White House Central Files contains,https://www.eisenhowerlibrary.gov/sites/default/files/research/subject-guides/pdf/operation-overlord.pdf,,DWIGHT D. EISENHOWER LIBRARY: Small Manuscript Collections,Operation Overlord (Subject Guide),175,research_and_analysis_to_fix_earliest_practicable_date_for_invasion_of_western_e_01KQ68N782VCFZMKQ83X27N773.json; intentions_second_british_army_and_first_canadian_army_19_20_21_and_23_aug_01KPSY97B5VKNJH2NEGVKBPSG4.json; remarks_on_90th_division_performance_01KPVBW7KQV6MJXCSZTQY9T04M.json; 12th_army_group_report_of_operations_01KQ96PXTQTFRRHS5P9CD6ESEA.json; fusa_psychological_warfare_division_letter_bombing_of_st_lô_4_july_1944_01KPT3M5NYB7DQ4YSJFBH6X5A8.json,0,
"of Artificial Harbors for the Normandy Invasion of 1944 (Mulberry “B”), 1943-1944",https://www.eisenhowerlibrary.gov/sites/default/files/research/subject-guides/pdf/operation-overlord.pdf,,DWIGHT D. EISENHOWER LIBRARY: Small Manuscript Collections,Operation Overlord (Subject Guide),175,research_and_analysis_to_fix_earliest_practicable_date_for_invasion_of_western_e_01KQ68N782VCFZMKQ83X27N773.json; intentions_second_british_army_and_first_canadian_army_19_20_21_and_23_aug_01KPSY97B5VKNJH2NEGVKBPSG4.json; remarks_on_90th_division_performance_01KPVBW7KQV6MJXCSZTQY9T04M.json; 12th_army_group_report_of_operations_01KQ96PXTQTFRRHS5P9CD6ESEA.json; fusa_psychological_warfare_division_letter_bombing_of_st_lô_4_july_1944_01KPT3M5NYB7DQ4YSJFBH6X5A8.json,0,
This collection consists of a report on the build-up of military strength prior to the Normandy Inva,https://www.eisenhowerlibrary.gov/sites/default/files/research/subject-guides/pdf/operation-overlord.pdf,,"GILMER, DAN: Secretary of the General Staff, SHAEF Reports, 1943-1944",Operation Overlord (Subject Guide),175,research_and_analysis_to_fix_earliest_practicable_date_for_invasion_of_western_e_01KQ68N782VCFZMKQ83X27N773.json; intentions_second_british_army_and_first_canadian_army_19_20_21_and_23_aug_01KPSY97B5VKNJH2NEGVKBPSG4.json; remarks_on_90th_division_performance_01KPVBW7KQV6MJXCSZTQY9T04M.json; 12th_army_group_report_of_operations_01KQ96PXTQTFRRHS5P9CD6ESEA.json; fusa_psychological_warfare_division_letter_bombing_of_st_lô_4_july_1944_01KPT3M5NYB7DQ4YSJFBH6X5A8.json,0,
and a report on SHAEF operations data.,https://www.eisenhowerlibrary.gov/sites/default/files/research/subject-guides/pdf/operation-overlord.pdf,,"GILMER, DAN: Secretary of the General Staff, SHAEF Reports, 1943-1944",Operation Overlord (Subject Guide),995,messages_to_agwar_for_jps_01KQ96QXWVTBJVTE0KTH9KEM4C.json; ltr_airborne_opns_to_further_overlord_6_jul_01KQ7YKC2VS82T5JY5CKHV1VD7.json; cosintrep_36_01KPT5AG09T49JVHSC22X500FY.json; eisenhower_to_12th_and_6th_a_gps_fwd_15934_26_sep_44_01KS8KB8C9SBZXEGPTWB77183B.json; memo_sub_decisions_reached_at_supreme_commanders_conf_18_oct_44_dtd_22_oct_44_01KT7YPJS0YVYNHDJN1ZH7YWFX.json,0,
later assigned to the personal staff of Dwight D. Eisenhower and served as one of his secretaries in,https://www.eisenhowerlibrary.gov/sites/default/files/research/subject-guides/pdf/operation-overlord.pdf,,"HALL, GEORGE: Papers, 1976-1999",Operation Overlord (Subject Guide),575,fwd_13765_4_sep_44_and_fwd_14764_14_sep_44_eisenhower_to_comdrs_01KTA7ZXY1QNG8X018BQR0CJJX.json; eisenhower_to_12th_and_6th_a_gps_fwd_15934_26_sep_44_01KS8KB8C9SBZXEGPTWB77183B.json; memo_sub_decisions_reached_at_supreme_commanders_conf_18_oct_44_dtd_22_oct_44_01KT7YPJS0YVYNHDJN1ZH7YWFX.json; cable_to_marshall_cpa_90255_01KQV0KE1ZVD8QZCNXVBXE8M7Q.json; cable_marshall_to_eisenhower_01KQ67WVV4MJDV63RH8TD5HFAD.json,0,
"events surrounding the invasion. In preparation for his biography, Hall obtained a copy of her D-Day",https://www.eisenhowerlibrary.gov/sites/default/files/research/subject-guides/pdf/operation-overlord.pdf,,"HALL, GEORGE: Papers, 1976-1999",Operation Overlord (Subject Guide),77,research_and_analysis_to_fix_earliest_practicable_date_for_invasion_of_western_e_01KQ68N782VCFZMKQ83X27N773.json; fusa_psychological_warfare_division_letter_bombing_of_st_lô_4_july_1944_01KPT3M5NYB7DQ4YSJFBH6X5A8.json; report_to_bormann_01KPVC8N7XTH5Z99ABEPKZGJKB.json; ltr_gavin_to_maj_gen_paul_l_williams_01KT9TDCJFKZC6KYD6JRJBNY98.json; study_by_the_kdtr_dbef_eifel_und_saarpfalz_01KSEE8V21F0JGGX2V8E9P4EH4.json,0,
"within his papers is a draft of a speech to be given by Eisenhower on May 31, 1961.",https://www.eisenhowerlibrary.gov/sites/default/files/research/subject-guides/pdf/operation-overlord.pdf,,"HALL, GEORGE: Papers, 1976-1999",Operation Overlord (Subject Guide),575,fwd_13765_4_sep_44_and_fwd_14764_14_sep_44_eisenhower_to_comdrs_01KTA7ZXY1QNG8X018BQR0CJJX.json; eisenhower_to_12th_and_6th_a_gps_fwd_15934_26_sep_44_01KS8KB8C9SBZXEGPTWB77183B.json; memo_sub_decisions_reached_at_supreme_commanders_conf_18_oct_44_dtd_22_oct_44_01KT7YPJS0YVYNHDJN1ZH7YWFX.json; cable_to_marshall_cpa_90255_01KQV0KE1ZVD8QZCNXVBXE8M7Q.json; cable_marshall_to_eisenhower_01KQ67WVV4MJDV63RH8TD5HFAD.json,0,
"Normandy Invasion. Included in his papers are the war diary, history and combat operations data. For",https://www.eisenhowerlibrary.gov/sites/default/files/research/subject-guides/pdf/operation-overlord.pdf,,"HODGES, COURTNEY HICKS: Papers, 1904-1965",Operation Overlord (Subject Guide),175,research_and_analysis_to_fix_earliest_practicable_date_for_invasion_of_western_e_01KQ68N782VCFZMKQ83X27N773.json; intentions_second_british_army_and_first_canadian_army_19_20_21_and_23_aug_01KPSY97B5VKNJH2NEGVKBPSG4.json; remarks_on_90th_division_performance_01KPVBW7KQV6MJXCSZTQY9T04M.json; 12th_army_group_report_of_operations_01KQ96PXTQTFRRHS5P9CD6ESEA.json; fusa_psychological_warfare_division_letter_bombing_of_st_lô_4_july_1944_01KPT3M5NYB7DQ4YSJFBH6X5A8.json,0,
"Jackson served as Deputy Chief, Psychological Warfare Division (PWD), SHAEF, 1944-45. His",https://www.eisenhowerlibrary.gov/sites/default/files/research/subject-guides/pdf/operation-overlord.pdf,,"HODGES, COURTNEY HICKS: Papers, 1904-1965",Operation Overlord (Subject Guide),995,messages_to_agwar_for_jps_01KQ96QXWVTBJVTE0KTH9KEM4C.json; ltr_airborne_opns_to_further_overlord_6_jul_01KQ7YKC2VS82T5JY5CKHV1VD7.json; cosintrep_36_01KPT5AG09T49JVHSC22X500FY.json; eisenhower_to_12th_and_6th_a_gps_fwd_15934_26_sep_44_01KS8KB8C9SBZXEGPTWB77183B.json; memo_sub_decisions_reached_at_supreme_commanders_conf_18_oct_44_dtd_22_oct_44_01KT7YPJS0YVYNHDJN1ZH7YWFX.json,0,
Army. His memoirs of the war include information about the planning and coordination of Overlord,https://www.eisenhowerlibrary.gov/sites/default/files/research/subject-guides/pdf/operation-overlord.pdf,,"LAWRENCE, JUSTICE BALDWIN: Papers, 1934-2003",Operation Overlord (Subject Guide),444,ltr_airborne_opns_to_further_overlord_6_jul_01KQ7YKC2VS82T5JY5CKHV1VD7.json; eisenhower_to_12th_and_6th_a_gps_fwd_15934_26_sep_44_01KS8KB8C9SBZXEGPTWB77183B.json; cable_marshall_to_eisenhower_01KQ67WVV4MJDV63RH8TD5HFAD.json; eisenhower_to_ccs_01KSDGRV10GZTKJ5BTM867SEBR.json; directive_to_commanders_01KS3GDGP010HG4AN4MTHASHE7.json,0,
Public Relations between SHAEF and ETO.,https://www.eisenhowerlibrary.gov/sites/default/files/research/subject-guides/pdf/operation-overlord.pdf,,"LAWRENCE, JUSTICE BALDWIN: Papers, 1934-2003",Operation Overlord (Subject Guide),995,messages_to_agwar_for_jps_01KQ96QXWVTBJVTE0KTH9KEM4C.json; ltr_airborne_opns_to_further_overlord_6_jul_01KQ7YKC2VS82T5JY5CKHV1VD7.json; cosintrep_36_01KPT5AG09T49JVHSC22X500FY.json; eisenhower_to_12th_and_6th_a_gps_fwd_15934_26_sep_44_01KS8KB8C9SBZXEGPTWB77183B.json; memo_sub_decisions_reached_at_supreme_commanders_conf_18_oct_44_dtd_22_oct_44_01KT7YPJS0YVYNHDJN1ZH7YWFX.json,0,
Ernest R. “Tex” Lee Lee served as Eisenhower’s military aide throughout the whole of World War II an,https://www.eisenhowerlibrary.gov/sites/default/files/research/subject-guides/pdf/operation-overlord.pdf,,"LAWRENCE, JUSTICE BALDWIN: Papers, 1934-2003",Operation Overlord (Subject Guide),575,fwd_13765_4_sep_44_and_fwd_14764_14_sep_44_eisenhower_to_comdrs_01KTA7ZXY1QNG8X018BQR0CJJX.json; eisenhower_to_12th_and_6th_a_gps_fwd_15934_26_sep_44_01KS8KB8C9SBZXEGPTWB77183B.json; memo_sub_decisions_reached_at_supreme_commanders_conf_18_oct_44_dtd_22_oct_44_01KT7YPJS0YVYNHDJN1ZH7YWFX.json; cable_to_marshall_cpa_90255_01KQV0KE1ZVD8QZCNXVBXE8M7Q.json; cable_marshall_to_eisenhower_01KQ67WVV4MJDV63RH8TD5HFAD.json,0,
"along with naval aide Harry Butcher, Lee was responsible for managing Eisenhower’s personal affairs.",https://www.eisenhowerlibrary.gov/sites/default/files/research/subject-guides/pdf/operation-overlord.pdf,,"LAWRENCE, JUSTICE BALDWIN: Papers, 1934-2003",Operation Overlord (Subject Guide),575,fwd_13765_4_sep_44_and_fwd_14764_14_sep_44_eisenhower_to_comdrs_01KTA7ZXY1QNG8X018BQR0CJJX.json; eisenhower_to_12th_and_6th_a_gps_fwd_15934_26_sep_44_01KS8KB8C9SBZXEGPTWB77183B.json; memo_sub_decisions_reached_at_supreme_commanders_conf_18_oct_44_dtd_22_oct_44_01KT7YPJS0YVYNHDJN1ZH7YWFX.json; cable_to_marshall_cpa_90255_01KQV0KE1ZVD8QZCNXVBXE8M7Q.json; cable_marshall_to_eisenhower_01KQ67WVV4MJDV63RH8TD5HFAD.json,0,
His papers include his diary for the months leading up to and including the Normandy Invasion.,https://www.eisenhowerlibrary.gov/sites/default/files/research/subject-guides/pdf/operation-overlord.pdf,,"LAWRENCE, JUSTICE BALDWIN: Papers, 1934-2003",Operation Overlord (Subject Guide),175,research_and_analysis_to_fix_earliest_practicable_date_for_invasion_of_western_e_01KQ68N782VCFZMKQ83X27N773.json; intentions_second_british_army_and_first_canadian_army_19_20_21_and_23_aug_01KPSY97B5VKNJH2NEGVKBPSG4.json; remarks_on_90th_division_performance_01KPVBW7KQV6MJXCSZTQY9T04M.json; 12th_army_group_report_of_operations_01KQ96PXTQTFRRHS5P9CD6ESEA.json; fusa_psychological_warfare_division_letter_bombing_of_st_lô_4_july_1944_01KPT3M5NYB7DQ4YSJFBH6X5A8.json,0,
Nevins was a career army officer and a close friend of Dwight D. Eisenhower. Soon after Eisenhower’s,https://www.eisenhowerlibrary.gov/sites/default/files/research/subject-guides/pdf/operation-overlord.pdf,,"LAWRENCE, JUSTICE BALDWIN: Papers, 1934-2003",Operation Overlord (Subject Guide),575,fwd_13765_4_sep_44_and_fwd_14764_14_sep_44_eisenhower_to_comdrs_01KTA7ZXY1QNG8X018BQR0CJJX.json; eisenhower_to_12th_and_6th_a_gps_fwd_15934_26_sep_44_01KS8KB8C9SBZXEGPTWB77183B.json; memo_sub_decisions_reached_at_supreme_commanders_conf_18_oct_44_dtd_22_oct_44_01KT7YPJS0YVYNHDJN1ZH7YWFX.json; cable_to_marshall_cpa_90255_01KQV0KE1ZVD8QZCNXVBXE8M7Q.json; cable_marshall_to_eisenhower_01KQ67WVV4MJDV63RH8TD5HFAD.json,0,
"death, General Nevins began to write a book about his friendship with Eisenhower. The 1972 draft",https://www.eisenhowerlibrary.gov/sites/default/files/research/subject-guides/pdf/operation-overlord.pdf,,"LAWRENCE, JUSTICE BALDWIN: Papers, 1934-2003",Operation Overlord (Subject Guide),575,fwd_13765_4_sep_44_and_fwd_14764_14_sep_44_eisenhower_to_comdrs_01KTA7ZXY1QNG8X018BQR0CJJX.json; eisenhower_to_12th_and_6th_a_gps_fwd_15934_26_sep_44_01KS8KB8C9SBZXEGPTWB77183B.json; memo_sub_decisions_reached_at_supreme_commanders_conf_18_oct_44_dtd_22_oct_44_01KT7YPJS0YVYNHDJN1ZH7YWFX.json; cable_to_marshall_cpa_90255_01KQV0KE1ZVD8QZCNXVBXE8M7Q.json; cable_marshall_to_eisenhower_01KQ67WVV4MJDV63RH8TD5HFAD.json,0,
"manuscript, Looking Back: Over More Than Fifty Years of Friendship With General Eisenhower, was",https://www.eisenhowerlibrary.gov/sites/default/files/research/subject-guides/pdf/operation-overlord.pdf,,"LAWRENCE, JUSTICE BALDWIN: Papers, 1934-2003",Operation Overlord (Subject Guide),575,fwd_13765_4_sep_44_and_fwd_14764_14_sep_44_eisenhower_to_comdrs_01KTA7ZXY1QNG8X018BQR0CJJX.json; eisenhower_to_12th_and_6th_a_gps_fwd_15934_26_sep_44_01KS8KB8C9SBZXEGPTWB77183B.json; memo_sub_decisions_reached_at_supreme_commanders_conf_18_oct_44_dtd_22_oct_44_01KT7YPJS0YVYNHDJN1ZH7YWFX.json; cable_to_marshall_cpa_90255_01KQV0KE1ZVD8QZCNXVBXE8M7Q.json; cable_marshall_to_eisenhower_01KQ67WVV4MJDV63RH8TD5HFAD.json,0,
protect Allied forces landing in Normandy by using its guns to attack German defenses near the beach,https://www.eisenhowerlibrary.gov/sites/default/files/research/subject-guides/pdf/operation-overlord.pdf,,"LAWRENCE, JUSTICE BALDWIN: Papers, 1934-2003",Operation Overlord (Subject Guide),106,intentions_second_british_army_and_first_canadian_army_19_20_21_and_23_aug_01KPSY97B5VKNJH2NEGVKBPSG4.json; remarks_on_90th_division_performance_01KPVBW7KQV6MJXCSZTQY9T04M.json; 12th_army_group_report_of_operations_01KQ96PXTQTFRRHS5P9CD6ESEA.json; fusa_psychological_warfare_division_letter_bombing_of_st_lô_4_july_1944_01KPT3M5NYB7DQ4YSJFBH6X5A8.json; 8th_div_g_3_jnl_entry_0815_30_jul_01KPT49DTXK4E1DS904FFQ8BVE.json,0,
and personal correspondence to his wife mentioning the invasion.,https://www.eisenhowerlibrary.gov/sites/default/files/research/subject-guides/pdf/operation-overlord.pdf,,"LAWRENCE, JUSTICE BALDWIN: Papers, 1934-2003",Operation Overlord (Subject Guide),77,research_and_analysis_to_fix_earliest_practicable_date_for_invasion_of_western_e_01KQ68N782VCFZMKQ83X27N773.json; fusa_psychological_warfare_division_letter_bombing_of_st_lô_4_july_1944_01KPT3M5NYB7DQ4YSJFBH6X5A8.json; report_to_bormann_01KPVC8N7XTH5Z99ABEPKZGJKB.json; ltr_gavin_to_maj_gen_paul_l_williams_01KT9TDCJFKZC6KYD6JRJBNY98.json; study_by_the_kdtr_dbef_eifel_und_saarpfalz_01KSEE8V21F0JGGX2V8E9P4EH4.json,0,
"forces in Europe. He was assigned to the Psychological Warfare Division of SHAEF, where he",https://www.eisenhowerlibrary.gov/sites/default/files/research/subject-guides/pdf/operation-overlord.pdf,,"LAWRENCE, JUSTICE BALDWIN: Papers, 1934-2003",Operation Overlord (Subject Guide),995,messages_to_agwar_for_jps_01KQ96QXWVTBJVTE0KTH9KEM4C.json; ltr_airborne_opns_to_further_overlord_6_jul_01KQ7YKC2VS82T5JY5CKHV1VD7.json; cosintrep_36_01KPT5AG09T49JVHSC22X500FY.json; eisenhower_to_12th_and_6th_a_gps_fwd_15934_26_sep_44_01KS8KB8C9SBZXEGPTWB77183B.json; memo_sub_decisions_reached_at_supreme_commanders_conf_18_oct_44_dtd_22_oct_44_01KT7YPJS0YVYNHDJN1ZH7YWFX.json,0,
specialized in radio broadcasting. At the time of the Normandy Invasion in June 1944 Paley arranged,https://www.eisenhowerlibrary.gov/sites/default/files/research/subject-guides/pdf/operation-overlord.pdf,,"LAWRENCE, JUSTICE BALDWIN: Papers, 1934-2003",Operation Overlord (Subject Guide),175,research_and_analysis_to_fix_earliest_practicable_date_for_invasion_of_western_e_01KQ68N782VCFZMKQ83X27N773.json; intentions_second_british_army_and_first_canadian_army_19_20_21_and_23_aug_01KPSY97B5VKNJH2NEGVKBPSG4.json; remarks_on_90th_division_performance_01KPVBW7KQV6MJXCSZTQY9T04M.json; 12th_army_group_report_of_operations_01KQ96PXTQTFRRHS5P9CD6ESEA.json; fusa_psychological_warfare_division_letter_bombing_of_st_lô_4_july_1944_01KPT3M5NYB7DQ4YSJFBH6X5A8.json,0,
At the time of the Normandy Invasion Sanders was a Captain in command of the U.S. Destroyer,https://www.eisenhowerlibrary.gov/sites/default/files/research/subject-guides/pdf/operation-overlord.pdf,,"LAWRENCE, JUSTICE BALDWIN: Papers, 1934-2003",Operation Overlord (Subject Guide),175,research_and_analysis_to_fix_earliest_practicable_date_for_invasion_of_western_e_01KQ68N782VCFZMKQ83X27N773.json; intentions_second_british_army_and_first_canadian_army_19_20_21_and_23_aug_01KPSY97B5VKNJH2NEGVKBPSG4.json; remarks_on_90th_division_performance_01KPVBW7KQV6MJXCSZTQY9T04M.json; 12th_army_group_report_of_operations_01KQ96PXTQTFRRHS5P9CD6ESEA.json; fusa_psychological_warfare_division_letter_bombing_of_st_lô_4_july_1944_01KPT3M5NYB7DQ4YSJFBH6X5A8.json,0,
relating to the invasion and newspaper clippings from the 10th anniversary observances in Normandy i,https://www.eisenhowerlibrary.gov/sites/default/files/research/subject-guides/pdf/operation-overlord.pdf,,"LAWRENCE, JUSTICE BALDWIN: Papers, 1934-2003",Operation Overlord (Subject Guide),175,research_and_analysis_to_fix_earliest_practicable_date_for_invasion_of_western_e_01KQ68N782VCFZMKQ83X27N773.json; intentions_second_british_army_and_first_canadian_army_19_20_21_and_23_aug_01KPSY97B5VKNJH2NEGVKBPSG4.json; remarks_on_90th_division_performance_01KPVBW7KQV6MJXCSZTQY9T04M.json; 12th_army_group_report_of_operations_01KQ96PXTQTFRRHS5P9CD6ESEA.json; fusa_psychological_warfare_division_letter_bombing_of_st_lô_4_july_1944_01KPT3M5NYB7DQ4YSJFBH6X5A8.json,0,
"SMITH, THOR M.: Papers, 1942-1986",https://www.eisenhowerlibrary.gov/sites/default/files/research/subject-guides/pdf/operation-overlord.pdf,,"LAWRENCE, JUSTICE BALDWIN: Papers, 1934-2003",Operation Overlord (Subject Guide),98,smith_to_bradley_01KS3J4ECWTG9RJN51KP4KJRY8.json; letter_to_montgomery_15_september_1944_01KS0ZV0NQ2FHEQD91RPXP83VS.json; de_guingand_to_smith_26_sep_44_01KT7WZTY1550Z2M8PXKRT5VDN.json; cbl_smith_to_eisenhower_5_jan_44_eisenhower_personal_files_see_bibliographical_n_01KQ6GA50AS799AW9QN2XEJA88.json; cbl_eisenhower_to_smith_6_jan_44_eisenhower_personal_files_01KQ67WBVNV4BFF7NV7N3466N9.json,0,
Thor M. Smith served as a public relations officer for General Eisenhower at SHAEF Advance,https://www.eisenhowerlibrary.gov/sites/default/files/research/subject-guides/pdf/operation-overlord.pdf,,"LAWRENCE, JUSTICE BALDWIN: Papers, 1934-2003",Operation Overlord (Subject Guide),1214,messages_to_agwar_for_jps_01KQ96QXWVTBJVTE0KTH9KEM4C.json; fwd_13765_4_sep_44_and_fwd_14764_14_sep_44_eisenhower_to_comdrs_01KTA7ZXY1QNG8X018BQR0CJJX.json; ltr_airborne_opns_to_further_overlord_6_jul_01KQ7YKC2VS82T5JY5CKHV1VD7.json; cosintrep_36_01KPT5AG09T49JVHSC22X500FY.json; eisenhower_to_12th_and_6th_a_gps_fwd_15934_26_sep_44_01KS8KB8C9SBZXEGPTWB77183B.json,0,
"Smith, also a journalist, who worked as the AP Bureau Chief for Reno, Nevada. Also included are",https://www.eisenhowerlibrary.gov/sites/default/files/research/subject-guides/pdf/operation-overlord.pdf,,"LAWRENCE, JUSTICE BALDWIN: Papers, 1934-2003",Operation Overlord (Subject Guide),98,smith_to_bradley_01KS3J4ECWTG9RJN51KP4KJRY8.json; letter_to_montgomery_15_september_1944_01KS0ZV0NQ2FHEQD91RPXP83VS.json; de_guingand_to_smith_26_sep_44_01KT7WZTY1550Z2M8PXKRT5VDN.json; cbl_smith_to_eisenhower_5_jan_44_eisenhower_personal_files_see_bibliographical_n_01KQ6GA50AS799AW9QN2XEJA88.json; cbl_eisenhower_to_smith_6_jan_44_eisenhower_personal_files_01KQ67WBVNV4BFF7NV7N3466N9.json,0,
"Smith’s Diary for June-September 1944 in which he detailed preparations and meetings prior to D-Day,",https://www.eisenhowerlibrary.gov/sites/default/files/research/subject-guides/pdf/operation-overlord.pdf,,"LAWRENCE, JUSTICE BALDWIN: Papers, 1934-2003",Operation Overlord (Subject Guide),98,smith_to_bradley_01KS3J4ECWTG9RJN51KP4KJRY8.json; letter_to_montgomery_15_september_1944_01KS0ZV0NQ2FHEQD91RPXP83VS.json; de_guingand_to_smith_26_sep_44_01KT7WZTY1550Z2M8PXKRT5VDN.json; cbl_smith_to_eisenhower_5_jan_44_eisenhower_personal_files_see_bibliographical_n_01KQ6GA50AS799AW9QN2XEJA88.json; cbl_eisenhower_to_smith_6_jan_44_eisenhower_personal_files_01KQ67WBVNV4BFF7NV7N3466N9.json,0,
"the first and last communiques for Operation Overlord, teletypes regarding D-Day, plans for",https://www.eisenhowerlibrary.gov/sites/default/files/research/subject-guides/pdf/operation-overlord.pdf,,"LAWRENCE, JUSTICE BALDWIN: Papers, 1934-2003",Operation Overlord (Subject Guide),444,ltr_airborne_opns_to_further_overlord_6_jul_01KQ7YKC2VS82T5JY5CKHV1VD7.json; eisenhower_to_12th_and_6th_a_gps_fwd_15934_26_sep_44_01KS8KB8C9SBZXEGPTWB77183B.json; cable_marshall_to_eisenhower_01KQ67WVV4MJDV63RH8TD5HFAD.json; eisenhower_to_ccs_01KSDGRV10GZTKJ5BTM867SEBR.json; directive_to_commanders_01KS3GDGP010HG4AN4MTHASHE7.json,0,
Eisenhower’s trip to Normandy and speeches and talks given following the end of the war.,https://www.eisenhowerlibrary.gov/sites/default/files/research/subject-guides/pdf/operation-overlord.pdf,,"LAWRENCE, JUSTICE BALDWIN: Papers, 1934-2003",Operation Overlord (Subject Guide),664,fwd_13765_4_sep_44_and_fwd_14764_14_sep_44_eisenhower_to_comdrs_01KTA7ZXY1QNG8X018BQR0CJJX.json; eisenhower_to_12th_and_6th_a_gps_fwd_15934_26_sep_44_01KS8KB8C9SBZXEGPTWB77183B.json; memo_sub_decisions_reached_at_supreme_commanders_conf_18_oct_44_dtd_22_oct_44_01KT7YPJS0YVYNHDJN1ZH7YWFX.json; cable_to_marshall_cpa_90255_01KQV0KE1ZVD8QZCNXVBXE8M7Q.json; cable_marshall_to_eisenhower_01KQ67WVV4MJDV63RH8TD5HFAD.json,0,
Walter Beddell Smith served as General Eisenhower’s Chief of Staff from August 1942 through 1945.,https://www.eisenhowerlibrary.gov/sites/default/files/research/subject-guides/pdf/operation-overlord.pdf,,"SMITH, WALTER BEDDELL: Collection of World War II Documents, 1941-1945",Operation Overlord (Subject Guide),631,fwd_13765_4_sep_44_and_fwd_14764_14_sep_44_eisenhower_to_comdrs_01KTA7ZXY1QNG8X018BQR0CJJX.json; eisenhower_to_12th_and_6th_a_gps_fwd_15934_26_sep_44_01KS8KB8C9SBZXEGPTWB77183B.json; memo_sub_decisions_reached_at_supreme_commanders_conf_18_oct_44_dtd_22_oct_44_01KT7YPJS0YVYNHDJN1ZH7YWFX.json; cable_to_marshall_cpa_90255_01KQV0KE1ZVD8QZCNXVBXE8M7Q.json; cable_marshall_to_eisenhower_01KQ67WVV4MJDV63RH8TD5HFAD.json,0,
"While Chief of Staff, General Smith maintained a file of documents that were primarily compiled by t",https://www.eisenhowerlibrary.gov/sites/default/files/research/subject-guides/pdf/operation-overlord.pdf,,"SMITH, WALTER BEDDELL: Collection of World War II Documents, 1941-1945",Operation Overlord (Subject Guide),98,smith_to_bradley_01KS3J4ECWTG9RJN51KP4KJRY8.json; letter_to_montgomery_15_september_1944_01KS0ZV0NQ2FHEQD91RPXP83VS.json; de_guingand_to_smith_26_sep_44_01KT7WZTY1550Z2M8PXKRT5VDN.json; cbl_smith_to_eisenhower_5_jan_44_eisenhower_personal_files_see_bibliographical_n_01KQ6GA50AS799AW9QN2XEJA88.json; cbl_eisenhower_to_smith_6_jan_44_eisenhower_personal_files_01KQ67WBVNV4BFF7NV7N3466N9.json,0,
General Staff Secretariat of Allied Force Headquarters (AFHQ) and SHAEF. Included in this collection,https://www.eisenhowerlibrary.gov/sites/default/files/research/subject-guides/pdf/operation-overlord.pdf,,"SMITH, WALTER BEDDELL: Collection of World War II Documents, 1941-1945",Operation Overlord (Subject Guide),995,messages_to_agwar_for_jps_01KQ96QXWVTBJVTE0KTH9KEM4C.json; ltr_airborne_opns_to_further_overlord_6_jul_01KQ7YKC2VS82T5JY5CKHV1VD7.json; cosintrep_36_01KPT5AG09T49JVHSC22X500FY.json; eisenhower_to_12th_and_6th_a_gps_fwd_15934_26_sep_44_01KS8KB8C9SBZXEGPTWB77183B.json; memo_sub_decisions_reached_at_supreme_commanders_conf_18_oct_44_dtd_22_oct_44_01KT7YPJS0YVYNHDJN1ZH7YWFX.json,0,
are a number of high-level documents relating to the planning and execution of Operation Overlord,https://www.eisenhowerlibrary.gov/sites/default/files/research/subject-guides/pdf/operation-overlord.pdf,,"SMITH, WALTER BEDDELL: Collection of World War II Documents, 1941-1945",Operation Overlord (Subject Guide),444,ltr_airborne_opns_to_further_overlord_6_jul_01KQ7YKC2VS82T5JY5CKHV1VD7.json; eisenhower_to_12th_and_6th_a_gps_fwd_15934_26_sep_44_01KS8KB8C9SBZXEGPTWB77183B.json; cable_marshall_to_eisenhower_01KQ67WVV4MJDV63RH8TD5HFAD.json; eisenhower_to_ccs_01KSDGRV10GZTKJ5BTM867SEBR.json; directive_to_commanders_01KS3GDGP010HG4AN4MTHASHE7.json,0,
"for the artificial harbor off Omaha Beach. Included in this collection are charts, maps, and diagram",https://www.eisenhowerlibrary.gov/sites/default/files/research/subject-guides/pdf/operation-overlord.pdf,,"SMITH, WALTER BEDDELL: Collection of World War II Documents, 1941-1945",Operation Overlord (Subject Guide),8,amendment_i_to_fusa_plan_01KPTAME05WBVCCETJD1BBQTAQ.json; neptune_training_mounting_the_artificial_ports_the_administrative_and_logistical_01KQ62TX9SVWB0BGXQ171N6XEP.json; ancxf_report_01KPT4J3FVKFAEZQRW309QSTSC.json; talley_notes_01KPTCA4ZSDM2ES8NG4M4Q2VC3.json; neptune_training_mounting_the_artificial_ports_the_administrative_and_logistical_01KQ62TN8NC9F6A24WBX2GQWFB.json,0,
This collection consists of a microfilm copy of communiqués issued by the SHAEF Public Relations,https://www.eisenhowerlibrary.gov/sites/default/files/research/subject-guides/pdf/operation-overlord.pdf,,"SUPREME HEADQUARTERS, ALLIED EXPEDITIONARY FORCES: Communiqués, 1944-1945",Operation Overlord (Subject Guide),995,messages_to_agwar_for_jps_01KQ96QXWVTBJVTE0KTH9KEM4C.json; ltr_airborne_opns_to_further_overlord_6_jul_01KQ7YKC2VS82T5JY5CKHV1VD7.json; cosintrep_36_01KPT5AG09T49JVHSC22X500FY.json; eisenhower_to_12th_and_6th_a_gps_fwd_15934_26_sep_44_01KS8KB8C9SBZXEGPTWB77183B.json; memo_sub_decisions_reached_at_supreme_commanders_conf_18_oct_44_dtd_22_oct_44_01KT7YPJS0YVYNHDJN1ZH7YWFX.json,0,
western Europe. The first communiqué was issued on the day of the Normandy Invasion to announce,https://www.eisenhowerlibrary.gov/sites/default/files/research/subject-guides/pdf/operation-overlord.pdf,,"SUPREME HEADQUARTERS, ALLIED EXPEDITIONARY FORCES: Communiqués, 1944-1945",Operation Overlord (Subject Guide),175,research_and_analysis_to_fix_earliest_practicable_date_for_invasion_of_western_e_01KQ68N782VCFZMKQ83X27N773.json; intentions_second_british_army_and_first_canadian_army_19_20_21_and_23_aug_01KPSY97B5VKNJH2NEGVKBPSG4.json; remarks_on_90th_division_performance_01KPVBW7KQV6MJXCSZTQY9T04M.json; 12th_army_group_report_of_operations_01KQ96PXTQTFRRHS5P9CD6ESEA.json; fusa_psychological_warfare_division_letter_bombing_of_st_lô_4_july_1944_01KPT3M5NYB7DQ4YSJFBH6X5A8.json,0,
These records were created within the various components of SHAEF. They include G-2 Digests,https://www.eisenhowerlibrary.gov/sites/default/files/research/subject-guides/pdf/operation-overlord.pdf,,"SUPREME HEADQUARTERS, ALLIED EXPEDITIONARY FORCES: Selected Records, 1943-45",Operation Overlord (Subject Guide),995,messages_to_agwar_for_jps_01KQ96QXWVTBJVTE0KTH9KEM4C.json; ltr_airborne_opns_to_further_overlord_6_jul_01KQ7YKC2VS82T5JY5CKHV1VD7.json; cosintrep_36_01KPT5AG09T49JVHSC22X500FY.json; eisenhower_to_12th_and_6th_a_gps_fwd_15934_26_sep_44_01KS8KB8C9SBZXEGPTWB77183B.json; memo_sub_decisions_reached_at_supreme_commanders_conf_18_oct_44_dtd_22_oct_44_01KT7YPJS0YVYNHDJN1ZH7YWFX.json,0,
the planning and execution of Operation Overlord.,https://www.eisenhowerlibrary.gov/sites/default/files/research/subject-guides/pdf/operation-overlord.pdf,,"SUPREME HEADQUARTERS, ALLIED EXPEDITIONARY FORCES: Selected Records, 1943-45",Operation Overlord (Subject Guide),444,ltr_airborne_opns_to_further_overlord_6_jul_01KQ7YKC2VS82T5JY5CKHV1VD7.json; eisenhower_to_12th_and_6th_a_gps_fwd_15934_26_sep_44_01KS8KB8C9SBZXEGPTWB77183B.json; cable_marshall_to_eisenhower_01KQ67WVV4MJDV63RH8TD5HFAD.json; eisenhower_to_ccs_01KSDGRV10GZTKJ5BTM867SEBR.json; directive_to_commanders_01KS3GDGP010HG4AN4MTHASHE7.json,0,
"As Assistant Chief of Staff for Operations (G-3) for SHAEF, General Bull and his staff compiled",https://www.eisenhowerlibrary.gov/sites/default/files/research/subject-guides/pdf/operation-overlord.pdf,,"SUPREME HEADQUARTERS, ALLIED EXPEDITIONARY FORCES: Selected Records, 1943-45",Operation Overlord (Subject Guide),995,messages_to_agwar_for_jps_01KQ96QXWVTBJVTE0KTH9KEM4C.json; ltr_airborne_opns_to_further_overlord_6_jul_01KQ7YKC2VS82T5JY5CKHV1VD7.json; cosintrep_36_01KPT5AG09T49JVHSC22X500FY.json; eisenhower_to_12th_and_6th_a_gps_fwd_15934_26_sep_44_01KS8KB8C9SBZXEGPTWB77183B.json; memo_sub_decisions_reached_at_supreme_commanders_conf_18_oct_44_dtd_22_oct_44_01KT7YPJS0YVYNHDJN1ZH7YWFX.json,0,
extensive files on planning for the Normandy Invasion. After the war the files were then microfilmed,https://www.eisenhowerlibrary.gov/sites/default/files/research/subject-guides/pdf/operation-overlord.pdf,,"SUPREME HEADQUARTERS, ALLIED EXPEDITIONARY FORCES: Selected Records, 1943-45",Operation Overlord (Subject Guide),175,research_and_analysis_to_fix_earliest_practicable_date_for_invasion_of_western_e_01KQ68N782VCFZMKQ83X27N773.json; intentions_second_british_army_and_first_canadian_army_19_20_21_and_23_aug_01KPSY97B5VKNJH2NEGVKBPSG4.json; remarks_on_90th_division_performance_01KPVBW7KQV6MJXCSZTQY9T04M.json; 12th_army_group_report_of_operations_01KQ96PXTQTFRRHS5P9CD6ESEA.json; fusa_psychological_warfare_division_letter_bombing_of_st_lô_4_july_1944_01KPT3M5NYB7DQ4YSJFBH6X5A8.json,0,
the microfilm of the records that were maintained in Bull's office at SHAEF. Most of the material,https://www.eisenhowerlibrary.gov/sites/default/files/research/subject-guides/pdf/operation-overlord.pdf,,"SUPREME HEADQUARTERS, ALLIED EXPEDITIONARY FORCES: Selected Records, 1943-45",Operation Overlord (Subject Guide),995,messages_to_agwar_for_jps_01KQ96QXWVTBJVTE0KTH9KEM4C.json; ltr_airborne_opns_to_further_overlord_6_jul_01KQ7YKC2VS82T5JY5CKHV1VD7.json; cosintrep_36_01KPT5AG09T49JVHSC22X500FY.json; eisenhower_to_12th_and_6th_a_gps_fwd_15934_26_sep_44_01KS8KB8C9SBZXEGPTWB77183B.json; memo_sub_decisions_reached_at_supreme_commanders_conf_18_oct_44_dtd_22_oct_44_01KT7YPJS0YVYNHDJN1ZH7YWFX.json,0,
The most significant files at SHAEF were kept in the Office of the Secretary of the General Staff (S,https://www.eisenhowerlibrary.gov/sites/default/files/research/subject-guides/pdf/operation-overlord.pdf,,"GENERAL STAFF: Records, 1943-45 (microfilm)",Operation Overlord (Subject Guide),995,messages_to_agwar_for_jps_01KQ96QXWVTBJVTE0KTH9KEM4C.json; ltr_airborne_opns_to_further_overlord_6_jul_01KQ7YKC2VS82T5JY5CKHV1VD7.json; cosintrep_36_01KPT5AG09T49JVHSC22X500FY.json; eisenhower_to_12th_and_6th_a_gps_fwd_15934_26_sep_44_01KS8KB8C9SBZXEGPTWB77183B.json; memo_sub_decisions_reached_at_supreme_commanders_conf_18_oct_44_dtd_22_oct_44_01KT7YPJS0YVYNHDJN1ZH7YWFX.json,0,
"which served as a type of central file for SHAEF. This collection contains a wealth of cables,",https://www.eisenhowerlibrary.gov/sites/default/files/research/subject-guides/pdf/operation-overlord.pdf,,"GENERAL STAFF: Records, 1943-45 (microfilm)",Operation Overlord (Subject Guide),995,messages_to_agwar_for_jps_01KQ96QXWVTBJVTE0KTH9KEM4C.json; ltr_airborne_opns_to_further_overlord_6_jul_01KQ7YKC2VS82T5JY5CKHV1VD7.json; cosintrep_36_01KPT5AG09T49JVHSC22X500FY.json; eisenhower_to_12th_and_6th_a_gps_fwd_15934_26_sep_44_01KS8KB8C9SBZXEGPTWB77183B.json; memo_sub_decisions_reached_at_supreme_commanders_conf_18_oct_44_dtd_22_oct_44_01KT7YPJS0YVYNHDJN1ZH7YWFX.json,0,
"correspondence, reports and other documents relating to Operation Overlord.",https://www.eisenhowerlibrary.gov/sites/default/files/research/subject-guides/pdf/operation-overlord.pdf,,"GENERAL STAFF: Records, 1943-45 (microfilm)",Operation Overlord (Subject Guide),444,ltr_airborne_opns_to_further_overlord_6_jul_01KQ7YKC2VS82T5JY5CKHV1VD7.json; eisenhower_to_12th_and_6th_a_gps_fwd_15934_26_sep_44_01KS8KB8C9SBZXEGPTWB77183B.json; cable_marshall_to_eisenhower_01KQ67WVV4MJDV63RH8TD5HFAD.json; eisenhower_to_ccs_01KSDGRV10GZTKJ5BTM867SEBR.json; directive_to_commanders_01KS3GDGP010HG4AN4MTHASHE7.json,0,
Normandy campaign.,https://www.eisenhowerlibrary.gov/sites/default/files/research/subject-guides/pdf/operation-overlord.pdf,,"GENERAL STAFF: Records, 1943-45 (microfilm)",Operation Overlord (Subject Guide),106,intentions_second_british_army_and_first_canadian_army_19_20_21_and_23_aug_01KPSY97B5VKNJH2NEGVKBPSG4.json; remarks_on_90th_division_performance_01KPVBW7KQV6MJXCSZTQY9T04M.json; 12th_army_group_report_of_operations_01KQ96PXTQTFRRHS5P9CD6ESEA.json; fusa_psychological_warfare_division_letter_bombing_of_st_lô_4_july_1944_01KPT3M5NYB7DQ4YSJFBH6X5A8.json; 8th_div_g_3_jnl_entry_0815_30_jul_01KPT49DTXK4E1DS904FFQ8BVE.json,0,
"journals and reports, after action reports, and other documents relating to D-Day and the Normandy",https://www.eisenhowerlibrary.gov/sites/default/files/research/subject-guides/pdf/operation-overlord.pdf,,"GENERAL STAFF: Records, 1943-45 (microfilm)",Operation Overlord (Subject Guide),106,intentions_second_british_army_and_first_canadian_army_19_20_21_and_23_aug_01KPSY97B5VKNJH2NEGVKBPSG4.json; remarks_on_90th_division_performance_01KPVBW7KQV6MJXCSZTQY9T04M.json; 12th_army_group_report_of_operations_01KQ96PXTQTFRRHS5P9CD6ESEA.json; fusa_psychological_warfare_division_letter_bombing_of_st_lô_4_july_1944_01KPT3M5NYB7DQ4YSJFBH6X5A8.json; 8th_div_g_3_jnl_entry_0815_30_jul_01KPT49DTXK4E1DS904FFQ8BVE.json,0,
to D-Day and the Normandy campaign.,https://www.eisenhowerlibrary.gov/sites/default/files/research/subject-guides/pdf/operation-overlord.pdf,,"GENERAL STAFF: Records, 1943-45 (microfilm)",Operation Overlord (Subject Guide),106,intentions_second_british_army_and_first_canadian_army_19_20_21_and_23_aug_01KPSY97B5VKNJH2NEGVKBPSG4.json; remarks_on_90th_division_performance_01KPVBW7KQV6MJXCSZTQY9T04M.json; 12th_army_group_report_of_operations_01KQ96PXTQTFRRHS5P9CD6ESEA.json; fusa_psychological_warfare_division_letter_bombing_of_st_lô_4_july_1944_01KPT3M5NYB7DQ4YSJFBH6X5A8.json; 8th_div_g_3_jnl_entry_0815_30_jul_01KPT49DTXK4E1DS904FFQ8BVE.json,0,
"for the invasion of France. On D-Day the First Army, under General Omar Bradley, commanded all",https://www.eisenhowerlibrary.gov/sites/default/files/research/subject-guides/pdf/operation-overlord.pdf,,"GENERAL STAFF: Records, 1943-45 (microfilm)",Operation Overlord (Subject Guide),386,to_patton_01KRJ34DV7HGNM0J7AXP1W1XGZ.json; smith_to_bradley_01KS3J4ECWTG9RJN51KP4KJRY8.json; research_and_analysis_to_fix_earliest_practicable_date_for_invasion_of_western_e_01KQ68N782VCFZMKQ83X27N773.json; ltr_bradley_to_eisenhower_10_sep_pogue_files_01KPSWCX9XBT5SGAWJND6K4FK0.json; bradley_to_patton_23_sep_44_01KS0ZXMHAGDN4EFSN9E6C37TM.json,0,
U.S. ground forces committed to the Normandy Invasion. This collection consists of historical report,https://www.eisenhowerlibrary.gov/sites/default/files/research/subject-guides/pdf/operation-overlord.pdf,,"GENERAL STAFF: Records, 1943-45 (microfilm)",Operation Overlord (Subject Guide),175,research_and_analysis_to_fix_earliest_practicable_date_for_invasion_of_western_e_01KQ68N782VCFZMKQ83X27N773.json; intentions_second_british_army_and_first_canadian_army_19_20_21_and_23_aug_01KPSY97B5VKNJH2NEGVKBPSG4.json; remarks_on_90th_division_performance_01KPVBW7KQV6MJXCSZTQY9T04M.json; 12th_army_group_report_of_operations_01KQ96PXTQTFRRHS5P9CD6ESEA.json; fusa_psychological_warfare_division_letter_bombing_of_st_lô_4_july_1944_01KPT3M5NYB7DQ4YSJFBH6X5A8.json,0,
by the General Board regarding the planning and execution of Overlord.,https://www.eisenhowerlibrary.gov/sites/default/files/research/subject-guides/pdf/operation-overlord.pdf,,"GENERAL STAFF: Records, 1943-45 (microfilm)",Operation Overlord (Subject Guide),444,ltr_airborne_opns_to_further_overlord_6_jul_01KQ7YKC2VS82T5JY5CKHV1VD7.json; eisenhower_to_12th_and_6th_a_gps_fwd_15934_26_sep_44_01KS8KB8C9SBZXEGPTWB77183B.json; cable_marshall_to_eisenhower_01KQ67WVV4MJDV63RH8TD5HFAD.json; eisenhower_to_ccs_01KSDGRV10GZTKJ5BTM867SEBR.json; directive_to_commanders_01KS3GDGP010HG4AN4MTHASHE7.json,0,
"Army units. Although the invasion began on June 6, 1944 additional forces were added to Operation",https://www.eisenhowerlibrary.gov/sites/default/files/research/subject-guides/pdf/operation-overlord.pdf,,"GENERAL STAFF: Records, 1943-45 (microfilm)",Operation Overlord (Subject Guide),77,research_and_analysis_to_fix_earliest_practicable_date_for_invasion_of_western_e_01KQ68N782VCFZMKQ83X27N773.json; fusa_psychological_warfare_division_letter_bombing_of_st_lô_4_july_1944_01KPT3M5NYB7DQ4YSJFBH6X5A8.json; report_to_bormann_01KPVC8N7XTH5Z99ABEPKZGJKB.json; ltr_gavin_to_maj_gen_paul_l_williams_01KT9TDCJFKZC6KYD6JRJBNY98.json; study_by_the_kdtr_dbef_eifel_und_saarpfalz_01KSEE8V21F0JGGX2V8E9P4EH4.json,0,
Overlord throughout June and into July as Allied forces strove for breakout. Some of the units liste,https://www.eisenhowerlibrary.gov/sites/default/files/research/subject-guides/pdf/operation-overlord.pdf,,"GENERAL STAFF: Records, 1943-45 (microfilm)",Operation Overlord (Subject Guide),444,ltr_airborne_opns_to_further_overlord_6_jul_01KQ7YKC2VS82T5JY5CKHV1VD7.json; eisenhower_to_12th_and_6th_a_gps_fwd_15934_26_sep_44_01KS8KB8C9SBZXEGPTWB77183B.json; cable_marshall_to_eisenhower_01KQ67WVV4MJDV63RH8TD5HFAD.json; eisenhower_to_ccs_01KSDGRV10GZTKJ5BTM867SEBR.json; directive_to_commanders_01KS3GDGP010HG4AN4MTHASHE7.json,0,
"below, while not engaged in the initial D-Day invasion, nevertheless contributed to the success of t",https://www.eisenhowerlibrary.gov/sites/default/files/research/subject-guides/pdf/operation-overlord.pdf,,"GENERAL STAFF: Records, 1943-45 (microfilm)",Operation Overlord (Subject Guide),77,research_and_analysis_to_fix_earliest_practicable_date_for_invasion_of_western_e_01KQ68N782VCFZMKQ83X27N773.json; fusa_psychological_warfare_division_letter_bombing_of_st_lô_4_july_1944_01KPT3M5NYB7DQ4YSJFBH6X5A8.json; report_to_bormann_01KPVC8N7XTH5Z99ABEPKZGJKB.json; ltr_gavin_to_maj_gen_paul_l_williams_01KT9TDCJFKZC6KYD6JRJBNY98.json; study_by_the_kdtr_dbef_eifel_und_saarpfalz_01KSEE8V21F0JGGX2V8E9P4EH4.json,0,
"Overlord. The National Archives in College Park, Maryland holds a more complete collection of relate",https://www.eisenhowerlibrary.gov/sites/default/files/research/subject-guides/pdf/operation-overlord.pdf,,"GENERAL STAFF: Records, 1943-45 (microfilm)",Operation Overlord (Subject Guide),444,ltr_airborne_opns_to_further_overlord_6_jul_01KQ7YKC2VS82T5JY5CKHV1VD7.json; eisenhower_to_12th_and_6th_a_gps_fwd_15934_26_sep_44_01KS8KB8C9SBZXEGPTWB77183B.json; cable_marshall_to_eisenhower_01KQ67WVV4MJDV63RH8TD5HFAD.json; eisenhower_to_ccs_01KSDGRV10GZTKJ5BTM867SEBR.json; directive_to_commanders_01KS3GDGP010HG4AN4MTHASHE7.json,0,
"Commanding General, VII Corps, whose mission was to seize Utah Beach and drive toward",https://www.eisenhowerlibrary.gov/sites/default/files/research/subject-guides/pdf/operation-overlord.pdf,,"GENERAL STAFF: Records, 1943-45 (microfilm)",Operation Overlord (Subject Guide),17,aeaf_memo_operation_neptune_employment_of_british_and_american_airborne_forces_01KPTC8QZK2WRT1GAKDP3T39M3.json; amendment_i_to_fusa_plan_01KPTAME05WBVCCETJD1BBQTAQ.json; combat_intervs_01KQ638WTAZN0NQR1HFM9PCCGA.json; combat_interviews_82d_abn_and_4th_inf_divs_01KQ6399W4K7QNM8G8S38S0G72.json; utah_beach_to_cherbourg_01KPT1SQKS4R97TH0JPBKZZKHT.json,0,
"French donated to the Eisenhower Library by the Caen Memorial Archives in Caen, France.",https://www.eisenhowerlibrary.gov/sites/default/files/research/subject-guides/pdf/operation-overlord.pdf,,WORLD WAR II PARTICIPANTS AND CONTEMPORARIES: Papers,Operation Overlord (Subject Guide),575,fwd_13765_4_sep_44_and_fwd_14764_14_sep_44_eisenhower_to_comdrs_01KTA7ZXY1QNG8X018BQR0CJJX.json; eisenhower_to_12th_and_6th_a_gps_fwd_15934_26_sep_44_01KS8KB8C9SBZXEGPTWB77183B.json; memo_sub_decisions_reached_at_supreme_commanders_conf_18_oct_44_dtd_22_oct_44_01KT7YPJS0YVYNHDJN1ZH7YWFX.json; cable_to_marshall_cpa_90255_01KQV0KE1ZVD8QZCNXVBXE8M7Q.json; cable_marshall_to_eisenhower_01KQ67WVV4MJDV63RH8TD5HFAD.json,0,
"Eisenhower. Barbara Wyden is a writer who worked with Kay Summersby, Eisenhower’s secretary, on",https://www.eisenhowerlibrary.gov/sites/default/files/research/subject-guides/pdf/operation-overlord.pdf,,"WYDEN, BARBARA: Papers, 1944-1945",Operation Overlord (Subject Guide),575,fwd_13765_4_sep_44_and_fwd_14764_14_sep_44_eisenhower_to_comdrs_01KTA7ZXY1QNG8X018BQR0CJJX.json; eisenhower_to_12th_and_6th_a_gps_fwd_15934_26_sep_44_01KS8KB8C9SBZXEGPTWB77183B.json; memo_sub_decisions_reached_at_supreme_commanders_conf_18_oct_44_dtd_22_oct_44_01KT7YPJS0YVYNHDJN1ZH7YWFX.json; cable_to_marshall_cpa_90255_01KQV0KE1ZVD8QZCNXVBXE8M7Q.json; cable_marshall_to_eisenhower_01KQ67WVV4MJDV63RH8TD5HFAD.json,0,
"project. The desk diaries were maintained principally by the General’s secretary, although Eisenhowe",https://www.eisenhowerlibrary.gov/sites/default/files/research/subject-guides/pdf/operation-overlord.pdf,,"WYDEN, BARBARA: Papers, 1944-1945",Operation Overlord (Subject Guide),575,fwd_13765_4_sep_44_and_fwd_14764_14_sep_44_eisenhower_to_comdrs_01KTA7ZXY1QNG8X018BQR0CJJX.json; eisenhower_to_12th_and_6th_a_gps_fwd_15934_26_sep_44_01KS8KB8C9SBZXEGPTWB77183B.json; memo_sub_decisions_reached_at_supreme_commanders_conf_18_oct_44_dtd_22_oct_44_01KT7YPJS0YVYNHDJN1ZH7YWFX.json; cable_to_marshall_cpa_90255_01KQV0KE1ZVD8QZCNXVBXE8M7Q.json; cable_marshall_to_eisenhower_01KQ67WVV4MJDV63RH8TD5HFAD.json,0,
"meetings, and other official activities. They also contain Eisenhower’s and Summersby’s candid",https://www.eisenhowerlibrary.gov/sites/default/files/research/subject-guides/pdf/operation-overlord.pdf,,"WYDEN, BARBARA: Papers, 1944-1945",Operation Overlord (Subject Guide),575,fwd_13765_4_sep_44_and_fwd_14764_14_sep_44_eisenhower_to_comdrs_01KTA7ZXY1QNG8X018BQR0CJJX.json; eisenhower_to_12th_and_6th_a_gps_fwd_15934_26_sep_44_01KS8KB8C9SBZXEGPTWB77183B.json; memo_sub_decisions_reached_at_supreme_commanders_conf_18_oct_44_dtd_22_oct_44_01KT7YPJS0YVYNHDJN1ZH7YWFX.json; cable_to_marshall_cpa_90255_01KQV0KE1ZVD8QZCNXVBXE8M7Q.json; cable_marshall_to_eisenhower_01KQ67WVV4MJDV63RH8TD5HFAD.json,0,
"YOUNG & RUBICAM, INC.: Records of “Citizens for Eisenhower,” 1952-61",https://www.eisenhowerlibrary.gov/sites/default/files/research/subject-guides/pdf/operation-overlord.pdf,,"WYDEN, BARBARA: Papers, 1944-1945",Operation Overlord (Subject Guide),575,fwd_13765_4_sep_44_and_fwd_14764_14_sep_44_eisenhower_to_comdrs_01KTA7ZXY1QNG8X018BQR0CJJX.json; eisenhower_to_12th_and_6th_a_gps_fwd_15934_26_sep_44_01KS8KB8C9SBZXEGPTWB77183B.json; memo_sub_decisions_reached_at_supreme_commanders_conf_18_oct_44_dtd_22_oct_44_01KT7YPJS0YVYNHDJN1ZH7YWFX.json; cable_to_marshall_cpa_90255_01KQV0KE1ZVD8QZCNXVBXE8M7Q.json; cable_marshall_to_eisenhower_01KQ67WVV4MJDV63RH8TD5HFAD.json,0,
"The agency of Young and Rubicam, Inc. was involved in the Eisenhower and Republican Party",https://www.eisenhowerlibrary.gov/sites/default/files/research/subject-guides/pdf/operation-overlord.pdf,,"WYDEN, BARBARA: Papers, 1944-1945",Operation Overlord (Subject Guide),575,fwd_13765_4_sep_44_and_fwd_14764_14_sep_44_eisenhower_to_comdrs_01KTA7ZXY1QNG8X018BQR0CJJX.json; eisenhower_to_12th_and_6th_a_gps_fwd_15934_26_sep_44_01KS8KB8C9SBZXEGPTWB77183B.json; memo_sub_decisions_reached_at_supreme_commanders_conf_18_oct_44_dtd_22_oct_44_01KT7YPJS0YVYNHDJN1ZH7YWFX.json; cable_to_marshall_cpa_90255_01KQV0KE1ZVD8QZCNXVBXE8M7Q.json; cable_marshall_to_eisenhower_01KQ67WVV4MJDV63RH8TD5HFAD.json,0,
campaigns. Included within the records is a speech given by General Eisenhower in 1952 relating to,https://www.eisenhowerlibrary.gov/sites/default/files/research/subject-guides/pdf/operation-overlord.pdf,,"WYDEN, BARBARA: Papers, 1944-1945",Operation Overlord (Subject Guide),575,fwd_13765_4_sep_44_and_fwd_14764_14_sep_44_eisenhower_to_comdrs_01KTA7ZXY1QNG8X018BQR0CJJX.json; eisenhower_to_12th_and_6th_a_gps_fwd_15934_26_sep_44_01KS8KB8C9SBZXEGPTWB77183B.json; memo_sub_decisions_reached_at_supreme_commanders_conf_18_oct_44_dtd_22_oct_44_01KT7YPJS0YVYNHDJN1ZH7YWFX.json; cable_to_marshall_cpa_90255_01KQV0KE1ZVD8QZCNXVBXE8M7Q.json; cable_marshall_to_eisenhower_01KQ67WVV4MJDV63RH8TD5HFAD.json,0,
"Operation Overlord Administration Appreciation Part I & II Final Draft,",https://www.eisenhowerlibrary.gov/sites/default/files/research/subject-guides/pdf/operation-overlord.pdf,,"WYDEN, BARBARA: Papers, 1944-1945 Box 1",Operation Overlord (Subject Guide),444,ltr_airborne_opns_to_further_overlord_6_jul_01KQ7YKC2VS82T5JY5CKHV1VD7.json; eisenhower_to_12th_and_6th_a_gps_fwd_15934_26_sep_44_01KS8KB8C9SBZXEGPTWB77183B.json; cable_marshall_to_eisenhower_01KQ67WVV4MJDV63RH8TD5HFAD.json; eisenhower_to_ccs_01KSDGRV10GZTKJ5BTM867SEBR.json; directive_to_commanders_01KS3GDGP010HG4AN4MTHASHE7.json,0,
Operation Overlord Appendices,https://www.eisenhowerlibrary.gov/sites/default/files/research/subject-guides/pdf/operation-overlord.pdf,,"WYDEN, BARBARA: Papers, 1944-1945 Box 1",Operation Overlord (Subject Guide),444,ltr_airborne_opns_to_further_overlord_6_jul_01KQ7YKC2VS82T5JY5CKHV1VD7.json; eisenhower_to_12th_and_6th_a_gps_fwd_15934_26_sep_44_01KS8KB8C9SBZXEGPTWB77183B.json; cable_marshall_to_eisenhower_01KQ67WVV4MJDV63RH8TD5HFAD.json; eisenhower_to_ccs_01KSDGRV10GZTKJ5BTM867SEBR.json; directive_to_commanders_01KS3GDGP010HG4AN4MTHASHE7.json,0,
1984 Fortieth Anniversary of D-Day [role of PT boats in the invasion],https://www.eisenhowerlibrary.gov/sites/default/files/research/subject-guides/pdf/operation-overlord.pdf,,"WYDEN, BARBARA: Papers, 1944-1945 Box 2",Operation Overlord (Subject Guide),77,research_and_analysis_to_fix_earliest_practicable_date_for_invasion_of_western_e_01KQ68N782VCFZMKQ83X27N773.json; fusa_psychological_warfare_division_letter_bombing_of_st_lô_4_july_1944_01KPT3M5NYB7DQ4YSJFBH6X5A8.json; report_to_bormann_01KPVC8N7XTH5Z99ABEPKZGJKB.json; ltr_gavin_to_maj_gen_paul_l_williams_01KT9TDCJFKZC6KYD6JRJBNY98.json; study_by_the_kdtr_dbef_eifel_und_saarpfalz_01KSEE8V21F0JGGX2V8E9P4EH4.json,0,
The Normandy Invasion (1)-(2),https://www.eisenhowerlibrary.gov/sites/default/files/research/subject-guides/pdf/operation-overlord.pdf,,"WYDEN, BARBARA: Papers, 1944-1945 Box 1",Operation Overlord (Subject Guide),175,research_and_analysis_to_fix_earliest_practicable_date_for_invasion_of_western_e_01KQ68N782VCFZMKQ83X27N773.json; intentions_second_british_army_and_first_canadian_army_19_20_21_and_23_aug_01KPSY97B5VKNJH2NEGVKBPSG4.json; remarks_on_90th_division_performance_01KPVBW7KQV6MJXCSZTQY9T04M.json; 12th_army_group_report_of_operations_01KQ96PXTQTFRRHS5P9CD6ESEA.json; fusa_psychological_warfare_division_letter_bombing_of_st_lô_4_july_1944_01KPT3M5NYB7DQ4YSJFBH6X5A8.json,0,
"of rail and port facilities, landing craft data & other logistical data]",https://www.eisenhowerlibrary.gov/sites/default/files/research/subject-guides/pdf/operation-overlord.pdf,,"WYDEN, BARBARA: Papers, 1944-1945 Box 2",Operation Overlord (Subject Guide),48,letter_enclosing_staff_comments_on_shaef_proposal_to_reduce_the_allocation_of_la_01KPW28SRDGCM2PCC6PG2T8JX8.json; the_landing_craft_situation_is_critical_01KPW12MT5ESETFMJJJSQ4Q38X.json; 27th_meeting_19_jun_42_01KQ7454HDVA2YZMC79ZWVAS4T.json; this_and_subsequent_information_on_british_landing_craft_production_was_supplied_01KQ65QAG05Q05NPETCCN4CEH4.json; cable_to_charles_e_wilson_27_september_1943_01KPT9D4Y99KJ91Y013GHERG5P.json,0,
"written after the invasion & memorandums issued June 4-5, 1944",https://www.eisenhowerlibrary.gov/sites/default/files/research/subject-guides/pdf/operation-overlord.pdf,,"WYDEN, BARBARA: Papers, 1944-1945 Box 3",Operation Overlord (Subject Guide),77,research_and_analysis_to_fix_earliest_practicable_date_for_invasion_of_western_e_01KQ68N782VCFZMKQ83X27N773.json; fusa_psychological_warfare_division_letter_bombing_of_st_lô_4_july_1944_01KPT3M5NYB7DQ4YSJFBH6X5A8.json; report_to_bormann_01KPVC8N7XTH5Z99ABEPKZGJKB.json; ltr_gavin_to_maj_gen_paul_l_williams_01KT9TDCJFKZC6KYD6JRJBNY98.json; study_by_the_kdtr_dbef_eifel_und_saarpfalz_01KSEE8V21F0JGGX2V8E9P4EH4.json,0,
"maps, photographs, diagrams of Operations Neptune & Overlord]",https://www.eisenhowerlibrary.gov/sites/default/files/research/subject-guides/pdf/operation-overlord.pdf,,"WYDEN, BARBARA: Papers, 1944-1945 Boxes 2-3",Operation Overlord (Subject Guide),481,ltr_airborne_opns_to_further_overlord_6_jul_01KQ7YKC2VS82T5JY5CKHV1VD7.json; eisenhower_to_12th_and_6th_a_gps_fwd_15934_26_sep_44_01KS8KB8C9SBZXEGPTWB77183B.json; cable_marshall_to_eisenhower_01KQ67WVV4MJDV63RH8TD5HFAD.json; eisenhower_to_ccs_01KSDGRV10GZTKJ5BTM867SEBR.json; directive_to_commanders_01KS3GDGP010HG4AN4MTHASHE7.json,0,
"Monuments--Normandy, France (1)(2)",https://www.eisenhowerlibrary.gov/sites/default/files/research/subject-guides/pdf/operation-overlord.pdf,,"WYDEN, BARBARA: Papers, 1944-1945 Box 36",Operation Overlord (Subject Guide),106,intentions_second_british_army_and_first_canadian_army_19_20_21_and_23_aug_01KPSY97B5VKNJH2NEGVKBPSG4.json; remarks_on_90th_division_performance_01KPVBW7KQV6MJXCSZTQY9T04M.json; 12th_army_group_report_of_operations_01KQ96PXTQTFRRHS5P9CD6ESEA.json; fusa_psychological_warfare_division_letter_bombing_of_st_lô_4_july_1944_01KPT3M5NYB7DQ4YSJFBH6X5A8.json; 8th_div_g_3_jnl_entry_0815_30_jul_01KPT49DTXK4E1DS904FFQ8BVE.json,0,
"Speech, at Utah Beach, France, June 6, 1964",https://www.eisenhowerlibrary.gov/sites/default/files/research/subject-guides/pdf/operation-overlord.pdf,,"WYDEN, BARBARA: Papers, 1944-1945 Box 46",Operation Overlord (Subject Guide),17,aeaf_memo_operation_neptune_employment_of_british_and_american_airborne_forces_01KPTC8QZK2WRT1GAKDP3T39M3.json; amendment_i_to_fusa_plan_01KPTAME05WBVCCETJD1BBQTAQ.json; combat_intervs_01KQ638WTAZN0NQR1HFM9PCCGA.json; combat_interviews_82d_abn_and_4th_inf_divs_01KQ6399W4K7QNM8G8S38S0G72.json; utah_beach_to_cherbourg_01KPT1SQKS4R97TH0JPBKZZKHT.json,0,
Lt. Jack Shea’s notes on the Normandy Campaign (1)-(2),https://www.eisenhowerlibrary.gov/sites/default/files/research/subject-guides/pdf/operation-overlord.pdf,,"COMBINED CHIEFS OF STAFF: Conference proceedings, 1941-1945 Box 2",Operation Overlord (Subject Guide),106,intentions_second_british_army_and_first_canadian_army_19_20_21_and_23_aug_01KPSY97B5VKNJH2NEGVKBPSG4.json; remarks_on_90th_division_performance_01KPVBW7KQV6MJXCSZTQY9T04M.json; 12th_army_group_report_of_operations_01KQ96PXTQTFRRHS5P9CD6ESEA.json; fusa_psychological_warfare_division_letter_bombing_of_st_lô_4_july_1944_01KPT3M5NYB7DQ4YSJFBH6X5A8.json; 8th_div_g_3_jnl_entry_0815_30_jul_01KPT49DTXK4E1DS904FFQ8BVE.json,0,
Walter Farrar (2) [D-Day Invasion of Hitler's Europe],https://www.eisenhowerlibrary.gov/sites/default/files/research/subject-guides/pdf/operation-overlord.pdf,,DWIGHT D. EISENHOWER LIBRARY: Small Manuscript Collections Box 18,Operation Overlord (Subject Guide),77,research_and_analysis_to_fix_earliest_practicable_date_for_invasion_of_western_e_01KQ68N782VCFZMKQ83X27N773.json; fusa_psychological_warfare_division_letter_bombing_of_st_lô_4_july_1944_01KPT3M5NYB7DQ4YSJFBH6X5A8.json; report_to_bormann_01KPVC8N7XTH5Z99ABEPKZGJKB.json; ltr_gavin_to_maj_gen_paul_l_williams_01KT9TDCJFKZC6KYD6JRJBNY98.json; study_by_the_kdtr_dbef_eifel_und_saarpfalz_01KSEE8V21F0JGGX2V8E9P4EH4.json,0,
"Albert H. Smith, Jr. [lecture transcripts and accompanying materials for",https://www.eisenhowerlibrary.gov/sites/default/files/research/subject-guides/pdf/operation-overlord.pdf,,DWIGHT D. EISENHOWER LIBRARY: Small Manuscript Collections Box 45,Operation Overlord (Subject Guide),98,smith_to_bradley_01KS3J4ECWTG9RJN51KP4KJRY8.json; letter_to_montgomery_15_september_1944_01KS0ZV0NQ2FHEQD91RPXP83VS.json; de_guingand_to_smith_26_sep_44_01KT7WZTY1550Z2M8PXKRT5VDN.json; cbl_smith_to_eisenhower_5_jan_44_eisenhower_personal_files_see_bibliographical_n_01KQ6GA50AS799AW9QN2XEJA88.json; cbl_eisenhower_to_smith_6_jan_44_eisenhower_personal_files_01KQ67WBVNV4BFF7NV7N3466N9.json,0,
"""Operation Overlord and D-Day, 6 June 1944"" presented to Infantry",https://www.eisenhowerlibrary.gov/sites/default/files/research/subject-guides/pdf/operation-overlord.pdf,,DWIGHT D. EISENHOWER LIBRARY: Small Manuscript Collections Box 45,Operation Overlord (Subject Guide),444,ltr_airborne_opns_to_further_overlord_6_jul_01KQ7YKC2VS82T5JY5CKHV1VD7.json; eisenhower_to_12th_and_6th_a_gps_fwd_15934_26_sep_44_01KS8KB8C9SBZXEGPTWB77183B.json; cable_marshall_to_eisenhower_01KQ67WVV4MJDV63RH8TD5HFAD.json; eisenhower_to_ccs_01KSDGRV10GZTKJ5BTM867SEBR.json; directive_to_commanders_01KS3GDGP010HG4AN4MTHASHE7.json,0,
"Great Britain. Maps of the D-Day Landing Beaches: Sword, Juno, Gold, Omaha, Utah ; Showing in",https://www.eisenhowerlibrary.gov/sites/default/files/research/subject-guides/pdf/operation-overlord.pdf,,DWIGHT D. EISENHOWER LIBRARY: Small Manuscript Collections Box 45,Operation Overlord (Subject Guide),34,aeaf_memo_operation_neptune_employment_of_british_and_american_airborne_forces_01KPTC8QZK2WRT1GAKDP3T39M3.json; 12th_army_group_report_of_operations_01KQ96PXTQTFRRHS5P9CD6ESEA.json; combat_interv_with_lts_lewis_stutsman_and_goldman_47th_armd_inf_bn_01KTC37K7P06QX85190P46PZNW.json; amendment_i_to_fusa_plan_01KPTAME05WBVCCETJD1BBQTAQ.json; combat_interview_with_lewis_stutsman_and_goldman_01KT9RWRQGTPRX3MR0TWSQ0EV5.json,0,
SHAEF Summary of Naval Reports on Operation Neptune,https://www.eisenhowerlibrary.gov/sites/default/files/research/subject-guides/pdf/operation-overlord.pdf,,"DWIGHT D. EISENHOWER LIBRARY: Collection of 20th Century Military Records, 1918-1950 Box 1",Operation Overlord (Subject Guide),1018,messages_to_agwar_for_jps_01KQ96QXWVTBJVTE0KTH9KEM4C.json; ltr_airborne_opns_to_further_overlord_6_jul_01KQ7YKC2VS82T5JY5CKHV1VD7.json; cosintrep_36_01KPT5AG09T49JVHSC22X500FY.json; eisenhower_to_12th_and_6th_a_gps_fwd_15934_26_sep_44_01KS8KB8C9SBZXEGPTWB77183B.json; memo_sub_decisions_reached_at_supreme_commanders_conf_18_oct_44_dtd_22_oct_44_01KT7YPJS0YVYNHDJN1ZH7YWFX.json,0,
“Naval Aspects of Normandy in Retrospect” by George M. Elsey,https://www.eisenhowerlibrary.gov/sites/default/files/research/subject-guides/pdf/operation-overlord.pdf,,"DWIGHT D. EISENHOWER LIBRARY: Collection of 20th Century Military Records, 1918-1950 Box 1",Operation Overlord (Subject Guide),106,intentions_second_british_army_and_first_canadian_army_19_20_21_and_23_aug_01KPSY97B5VKNJH2NEGVKBPSG4.json; remarks_on_90th_division_performance_01KPVBW7KQV6MJXCSZTQY9T04M.json; 12th_army_group_report_of_operations_01KQ96PXTQTFRRHS5P9CD6ESEA.json; fusa_psychological_warfare_division_letter_bombing_of_st_lô_4_july_1944_01KPT3M5NYB7DQ4YSJFBH6X5A8.json; 8th_div_g_3_jnl_entry_0815_30_jul_01KPT49DTXK4E1DS904FFQ8BVE.json,0,
“Air Campaign OVERLORD: To D-Day” by Alfred Goldberg,https://www.eisenhowerlibrary.gov/sites/default/files/research/subject-guides/pdf/operation-overlord.pdf,,"DWIGHT D. EISENHOWER LIBRARY: Collection of 20th Century Military Records, 1918-1950 Box 1",Operation Overlord (Subject Guide),454,ltr_airborne_opns_to_further_overlord_6_jul_01KQ7YKC2VS82T5JY5CKHV1VD7.json; eisenhower_to_12th_and_6th_a_gps_fwd_15934_26_sep_44_01KS8KB8C9SBZXEGPTWB77183B.json; cable_marshall_to_eisenhower_01KQ67WVV4MJDV63RH8TD5HFAD.json; eisenhower_to_ccs_01KSDGRV10GZTKJ5BTM867SEBR.json; directive_to_commanders_01KS3GDGP010HG4AN4MTHASHE7.json,0,
“Logistic Planning for OVERLORD in Retrospect: by Roland C.,https://www.eisenhowerlibrary.gov/sites/default/files/research/subject-guides/pdf/operation-overlord.pdf,,"DWIGHT D. EISENHOWER LIBRARY: Collection of 20th Century Military Records, 1918-1950 Box 1",Operation Overlord (Subject Guide),444,ltr_airborne_opns_to_further_overlord_6_jul_01KQ7YKC2VS82T5JY5CKHV1VD7.json; eisenhower_to_12th_and_6th_a_gps_fwd_15934_26_sep_44_01KS8KB8C9SBZXEGPTWB77183B.json; cable_marshall_to_eisenhower_01KQ67WVV4MJDV63RH8TD5HFAD.json; eisenhower_to_ccs_01KSDGRV10GZTKJ5BTM867SEBR.json; directive_to_commanders_01KS3GDGP010HG4AN4MTHASHE7.json,0,
Press Release: Mrs. Dwight D. Eisenhower addresses returning D-Day,https://www.eisenhowerlibrary.gov/sites/default/files/research/subject-guides/pdf/operation-overlord.pdf,,"DWIGHT D. EISENHOWER LIBRARY: Collection of 20th Century Military Records, 1918-1950 Box 1",Operation Overlord (Subject Guide),575,fwd_13765_4_sep_44_and_fwd_14764_14_sep_44_eisenhower_to_comdrs_01KTA7ZXY1QNG8X018BQR0CJJX.json; eisenhower_to_12th_and_6th_a_gps_fwd_15934_26_sep_44_01KS8KB8C9SBZXEGPTWB77183B.json; memo_sub_decisions_reached_at_supreme_commanders_conf_18_oct_44_dtd_22_oct_44_01KT7YPJS0YVYNHDJN1ZH7YWFX.json; cable_to_marshall_cpa_90255_01KQV0KE1ZVD8QZCNXVBXE8M7Q.json; cable_marshall_to_eisenhower_01KQ67WVV4MJDV63RH8TD5HFAD.json,0,
"Messages, addresses and statements by General Eisenhower",https://www.eisenhowerlibrary.gov/sites/default/files/research/subject-guides/pdf/operation-overlord.pdf,,"DWIGHT D. EISENHOWER LIBRARY: Collection of 20th Century Military Records, 1918-1950 Box 1",Operation Overlord (Subject Guide),575,fwd_13765_4_sep_44_and_fwd_14764_14_sep_44_eisenhower_to_comdrs_01KTA7ZXY1QNG8X018BQR0CJJX.json; eisenhower_to_12th_and_6th_a_gps_fwd_15934_26_sep_44_01KS8KB8C9SBZXEGPTWB77183B.json; memo_sub_decisions_reached_at_supreme_commanders_conf_18_oct_44_dtd_22_oct_44_01KT7YPJS0YVYNHDJN1ZH7YWFX.json; cable_to_marshall_cpa_90255_01KQV0KE1ZVD8QZCNXVBXE8M7Q.json; cable_marshall_to_eisenhower_01KQ67WVV4MJDV63RH8TD5HFAD.json,0,
"Final Presentation, OVERLORD Plans (Seating Chart, Visitor",https://www.eisenhowerlibrary.gov/sites/default/files/research/subject-guides/pdf/operation-overlord.pdf,,"DWIGHT D. EISENHOWER LIBRARY: Collection of 20th Century Military Records, 1918-1950 Box 1",Operation Overlord (Subject Guide),444,ltr_airborne_opns_to_further_overlord_6_jul_01KQ7YKC2VS82T5JY5CKHV1VD7.json; eisenhower_to_12th_and_6th_a_gps_fwd_15934_26_sep_44_01KS8KB8C9SBZXEGPTWB77183B.json; cable_marshall_to_eisenhower_01KQ67WVV4MJDV63RH8TD5HFAD.json; eisenhower_to_ccs_01KSDGRV10GZTKJ5BTM867SEBR.json; directive_to_commanders_01KS3GDGP010HG4AN4MTHASHE7.json,0,
Propaganda Leaflets – PWD/SHAEF,https://www.eisenhowerlibrary.gov/sites/default/files/research/subject-guides/pdf/operation-overlord.pdf,,"DWIGHT D. EISENHOWER LIBRARY: Collection of 20th Century Military Records, 1918-1950 Box 1",Operation Overlord (Subject Guide),995,messages_to_agwar_for_jps_01KQ96QXWVTBJVTE0KTH9KEM4C.json; ltr_airborne_opns_to_further_overlord_6_jul_01KQ7YKC2VS82T5JY5CKHV1VD7.json; cosintrep_36_01KPT5AG09T49JVHSC22X500FY.json; eisenhower_to_12th_and_6th_a_gps_fwd_15934_26_sep_44_01KS8KB8C9SBZXEGPTWB77183B.json; memo_sub_decisions_reached_at_supreme_commanders_conf_18_oct_44_dtd_22_oct_44_01KT7YPJS0YVYNHDJN1ZH7YWFX.json,0,
Normandy War Correspondents--6/2/54,https://www.eisenhowerlibrary.gov/sites/default/files/research/subject-guides/pdf/operation-overlord.pdf,,"DWIGHT D. EISENHOWER LIBRARY: Collection of 20th Century Military Records, 1918-1950 Box 8",Operation Overlord (Subject Guide),106,intentions_second_british_army_and_first_canadian_army_19_20_21_and_23_aug_01KPSY97B5VKNJH2NEGVKBPSG4.json; remarks_on_90th_division_performance_01KPVBW7KQV6MJXCSZTQY9T04M.json; 12th_army_group_report_of_operations_01KQ96PXTQTFRRHS5P9CD6ESEA.json; fusa_psychological_warfare_division_letter_bombing_of_st_lô_4_july_1944_01KPT3M5NYB7DQ4YSJFBH6X5A8.json; 8th_div_g_3_jnl_entry_0815_30_jul_01KPT49DTXK4E1DS904FFQ8BVE.json,0,
Ja (1) [article on Normandy invasion],https://www.eisenhowerlibrary.gov/sites/default/files/research/subject-guides/pdf/operation-overlord.pdf,,"DWIGHT D. EISENHOWER LIBRARY: Collection of 20th Century Military Records, 1918-1950 Box 50",Operation Overlord (Subject Guide),175,research_and_analysis_to_fix_earliest_practicable_date_for_invasion_of_western_e_01KQ68N782VCFZMKQ83X27N773.json; intentions_second_british_army_and_first_canadian_army_19_20_21_and_23_aug_01KPSY97B5VKNJH2NEGVKBPSG4.json; remarks_on_90th_division_performance_01KPVBW7KQV6MJXCSZTQY9T04M.json; 12th_army_group_report_of_operations_01KQ96PXTQTFRRHS5P9CD6ESEA.json; fusa_psychological_warfare_division_letter_bombing_of_st_lô_4_july_1944_01KPT3M5NYB7DQ4YSJFBH6X5A8.json,0,
N & O [DDE visit to Normandy cemetery],https://www.eisenhowerlibrary.gov/sites/default/files/research/subject-guides/pdf/operation-overlord.pdf,,"DWIGHT D. EISENHOWER LIBRARY: Collection of 20th Century Military Records, 1918-1950 Box 50",Operation Overlord (Subject Guide),106,intentions_second_british_army_and_first_canadian_army_19_20_21_and_23_aug_01KPSY97B5VKNJH2NEGVKBPSG4.json; remarks_on_90th_division_performance_01KPVBW7KQV6MJXCSZTQY9T04M.json; 12th_army_group_report_of_operations_01KQ96PXTQTFRRHS5P9CD6ESEA.json; fusa_psychological_warfare_division_letter_bombing_of_st_lô_4_july_1944_01KPT3M5NYB7DQ4YSJFBH6X5A8.json; 8th_div_g_3_jnl_entry_0815_30_jul_01KPT49DTXK4E1DS904FFQ8BVE.json,0,
M (2) [DDE re use of amphibious tanks at Normandy],https://www.eisenhowerlibrary.gov/sites/default/files/research/subject-guides/pdf/operation-overlord.pdf,,"DWIGHT D. EISENHOWER LIBRARY: Collection of 20th Century Military Records, 1918-1950 Box 50",Operation Overlord (Subject Guide),106,intentions_second_british_army_and_first_canadian_army_19_20_21_and_23_aug_01KPSY97B5VKNJH2NEGVKBPSG4.json; remarks_on_90th_division_performance_01KPVBW7KQV6MJXCSZTQY9T04M.json; 12th_army_group_report_of_operations_01KQ96PXTQTFRRHS5P9CD6ESEA.json; fusa_psychological_warfare_division_letter_bombing_of_st_lô_4_july_1944_01KPT3M5NYB7DQ4YSJFBH6X5A8.json; 8th_div_g_3_jnl_entry_0815_30_jul_01KPT49DTXK4E1DS904FFQ8BVE.json,0,
invasion of Normandy],https://www.eisenhowerlibrary.gov/sites/default/files/research/subject-guides/pdf/operation-overlord.pdf,,"DWIGHT D. EISENHOWER LIBRARY: Collection of 20th Century Military Records, 1918-1950 Box 50",Operation Overlord (Subject Guide),175,research_and_analysis_to_fix_earliest_practicable_date_for_invasion_of_western_e_01KQ68N782VCFZMKQ83X27N773.json; intentions_second_british_army_and_first_canadian_army_19_20_21_and_23_aug_01KPSY97B5VKNJH2NEGVKBPSG4.json; remarks_on_90th_division_performance_01KPVBW7KQV6MJXCSZTQY9T04M.json; 12th_army_group_report_of_operations_01KQ96PXTQTFRRHS5P9CD6ESEA.json; fusa_psychological_warfare_division_letter_bombing_of_st_lô_4_july_1944_01KPT3M5NYB7DQ4YSJFBH6X5A8.json,0,
re U.S.-British relations during WW II & directive for OVERLORD],https://www.eisenhowerlibrary.gov/sites/default/files/research/subject-guides/pdf/operation-overlord.pdf,,"DWIGHT D. EISENHOWER LIBRARY: Collection of 20th Century Military Records, 1918-1950 Box 50",Operation Overlord (Subject Guide),444,ltr_airborne_opns_to_further_overlord_6_jul_01KQ7YKC2VS82T5JY5CKHV1VD7.json; eisenhower_to_12th_and_6th_a_gps_fwd_15934_26_sep_44_01KS8KB8C9SBZXEGPTWB77183B.json; cable_marshall_to_eisenhower_01KQ67WVV4MJDV63RH8TD5HFAD.json; eisenhower_to_ccs_01KSDGRV10GZTKJ5BTM867SEBR.json; directive_to_commanders_01KS3GDGP010HG4AN4MTHASHE7.json,0,
D (3) [Rear Admiral George Dowling on medical services in Invasion],https://www.eisenhowerlibrary.gov/sites/default/files/research/subject-guides/pdf/operation-overlord.pdf,,"DWIGHT D. EISENHOWER LIBRARY: Collection of 20th Century Military Records, 1918-1950 Box 50",Operation Overlord (Subject Guide),77,research_and_analysis_to_fix_earliest_practicable_date_for_invasion_of_western_e_01KQ68N782VCFZMKQ83X27N773.json; fusa_psychological_warfare_division_letter_bombing_of_st_lô_4_july_1944_01KPT3M5NYB7DQ4YSJFBH6X5A8.json; report_to_bormann_01KPVC8N7XTH5Z99ABEPKZGJKB.json; ltr_gavin_to_maj_gen_paul_l_williams_01KT9TDCJFKZC6KYD6JRJBNY98.json; study_by_the_kdtr_dbef_eifel_und_saarpfalz_01KSEE8V21F0JGGX2V8E9P4EH4.json,0,
"GR (1) [DDE to Peter Gray re planning OVERLORD, his feelings before",https://www.eisenhowerlibrary.gov/sites/default/files/research/subject-guides/pdf/operation-overlord.pdf,,"DWIGHT D. EISENHOWER LIBRARY: Collection of 20th Century Military Records, 1918-1950 Box 50",Operation Overlord (Subject Guide),444,ltr_airborne_opns_to_further_overlord_6_jul_01KQ7YKC2VS82T5JY5CKHV1VD7.json; eisenhower_to_12th_and_6th_a_gps_fwd_15934_26_sep_44_01KS8KB8C9SBZXEGPTWB77183B.json; cable_marshall_to_eisenhower_01KQ67WVV4MJDV63RH8TD5HFAD.json; eisenhower_to_ccs_01KSDGRV10GZTKJ5BTM867SEBR.json; directive_to_commanders_01KS3GDGP010HG4AN4MTHASHE7.json,0,
"and after D-Day, breakout achieved by Bradley’s First Army]",https://www.eisenhowerlibrary.gov/sites/default/files/research/subject-guides/pdf/operation-overlord.pdf,,"DWIGHT D. EISENHOWER LIBRARY: Collection of 20th Century Military Records, 1918-1950 Box 50",Operation Overlord (Subject Guide),316,to_patton_01KRJ34DV7HGNM0J7AXP1W1XGZ.json; smith_to_bradley_01KS3J4ECWTG9RJN51KP4KJRY8.json; ltr_bradley_to_eisenhower_10_sep_pogue_files_01KPSWCX9XBT5SGAWJND6K4FK0.json; bradley_to_patton_23_sep_44_01KS0ZXMHAGDN4EFSN9E6C37TM.json; 21_agp_dirs_m_510_and_m_515_01KPSR7SV6P8CJAJMST5MACTWR.json,0,
"Bradley, Omar (5) (6)",https://www.eisenhowerlibrary.gov/sites/default/files/research/subject-guides/pdf/operation-overlord.pdf,,"DWIGHT D. EISENHOWER LIBRARY: Collection of 20th Century Military Records, 1918-1950 Box 13",Operation Overlord (Subject Guide),316,to_patton_01KRJ34DV7HGNM0J7AXP1W1XGZ.json; smith_to_bradley_01KS3J4ECWTG9RJN51KP4KJRY8.json; ltr_bradley_to_eisenhower_10_sep_pogue_files_01KPSWCX9XBT5SGAWJND6K4FK0.json; bradley_to_patton_23_sep_44_01KS0ZXMHAGDN4EFSN9E6C37TM.json; 21_agp_dirs_m_510_and_m_515_01KPSR7SV6P8CJAJMST5MACTWR.json,0,
IS – IZ (Misc.) [corres. to Jeter A. Isely re. the D-Day invasion],https://www.eisenhowerlibrary.gov/sites/default/files/research/subject-guides/pdf/operation-overlord.pdf,,"DWIGHT D. EISENHOWER LIBRARY: Collection of 20th Century Military Records, 1918-1950 Box 59",Operation Overlord (Subject Guide),77,research_and_analysis_to_fix_earliest_practicable_date_for_invasion_of_western_e_01KQ68N782VCFZMKQ83X27N773.json; fusa_psychological_warfare_division_letter_bombing_of_st_lô_4_july_1944_01KPT3M5NYB7DQ4YSJFBH6X5A8.json; report_to_bormann_01KPVC8N7XTH5Z99ABEPKZGJKB.json; ltr_gavin_to_maj_gen_paul_l_williams_01KT9TDCJFKZC6KYD6JRJBNY98.json; study_by_the_kdtr_dbef_eifel_und_saarpfalz_01KSEE8V21F0JGGX2V8E9P4EH4.json,0,
during the Normandy Invasion],https://www.eisenhowerlibrary.gov/sites/default/files/research/subject-guides/pdf/operation-overlord.pdf,,"DWIGHT D. EISENHOWER LIBRARY: Collection of 20th Century Military Records, 1918-1950 Box 65",Operation Overlord (Subject Guide),175,research_and_analysis_to_fix_earliest_practicable_date_for_invasion_of_western_e_01KQ68N782VCFZMKQ83X27N773.json; intentions_second_british_army_and_first_canadian_army_19_20_21_and_23_aug_01KPSY97B5VKNJH2NEGVKBPSG4.json; remarks_on_90th_division_performance_01KPVBW7KQV6MJXCSZTQY9T04M.json; 12th_army_group_report_of_operations_01KQ96PXTQTFRRHS5P9CD6ESEA.json; fusa_psychological_warfare_division_letter_bombing_of_st_lô_4_july_1944_01KPT3M5NYB7DQ4YSJFBH6X5A8.json,0,
Normandy following a 5th anniversary D-Day visit],https://www.eisenhowerlibrary.gov/sites/default/files/research/subject-guides/pdf/operation-overlord.pdf,,"DWIGHT D. EISENHOWER LIBRARY: Collection of 20th Century Military Records, 1918-1950 Box 68",Operation Overlord (Subject Guide),106,intentions_second_british_army_and_first_canadian_army_19_20_21_and_23_aug_01KPSY97B5VKNJH2NEGVKBPSG4.json; remarks_on_90th_division_performance_01KPVBW7KQV6MJXCSZTQY9T04M.json; 12th_army_group_report_of_operations_01KQ96PXTQTFRRHS5P9CD6ESEA.json; fusa_psychological_warfare_division_letter_bombing_of_st_lô_4_july_1944_01KPT3M5NYB7DQ4YSJFBH6X5A8.json; 8th_div_g_3_jnl_entry_0815_30_jul_01KPT49DTXK4E1DS904FFQ8BVE.json,0,
"Leigh-Mallory, Trafford",https://www.eisenhowerlibrary.gov/sites/default/files/research/subject-guides/pdf/operation-overlord.pdf,,"DWIGHT D. EISENHOWER LIBRARY: Collection of 20th Century Military Records, 1918-1950 Box 71",Operation Overlord (Subject Guide),54,ltr_to_bradley_19_jul_01KQ5KWGCTVKZFA5WZEJ77DSM8.json; development_of_night_air_opns_1941_1952_usaf_hist_study_92_01KQ5K6QC5ARXBEA5SE5KREC6H.json; aeaf_opn_cobra_01KPSNKZNG67242YNRC6KB1R9R.json; letter_to_trafford_leigh_mallory_01KPSNKKVPS27TMJ6REQPBBJ5W.json; aaf_iii_01KPSNM5G0J1GVN2SH3JPKDXZ7.json,0,
"Montgomery, Bernard (5) (7)",https://www.eisenhowerlibrary.gov/sites/default/files/research/subject-guides/pdf/operation-overlord.pdf,,"DWIGHT D. EISENHOWER LIBRARY: Collection of 20th Century Military Records, 1918-1950 Box 82",Operation Overlord (Subject Guide),276,letter_to_montgomery_15_september_1944_01KS0ZV0NQ2FHEQD91RPXP83VS.json; intentions_second_british_army_and_first_canadian_army_19_20_21_and_23_aug_01KPSY97B5VKNJH2NEGVKBPSG4.json; unnumbered_telg_01KQ6T1G6023K5JH2RE9ME2DF0.json; 21_agp_dirs_m_510_and_m_515_01KPSR7SV6P8CJAJMST5MACTWR.json; pogue_intervs_memo_eisenhower_for_pogue_10_mar_47_21_agp_cinc_notes_15_jun_44_21_01KQ6RN98T3QKF79WY3F0NWNW0.json,0,
"Montgomery, Bernard (13) (14)",https://www.eisenhowerlibrary.gov/sites/default/files/research/subject-guides/pdf/operation-overlord.pdf,,"DWIGHT D. EISENHOWER LIBRARY: Collection of 20th Century Military Records, 1918-1950 Box 83",Operation Overlord (Subject Guide),276,letter_to_montgomery_15_september_1944_01KS0ZV0NQ2FHEQD91RPXP83VS.json; intentions_second_british_army_and_first_canadian_army_19_20_21_and_23_aug_01KPSY97B5VKNJH2NEGVKBPSG4.json; unnumbered_telg_01KQ6T1G6023K5JH2RE9ME2DF0.json; 21_agp_dirs_m_510_and_m_515_01KPSR7SV6P8CJAJMST5MACTWR.json; pogue_intervs_memo_eisenhower_for_pogue_10_mar_47_21_agp_cinc_notes_15_jun_44_21_01KQ6RN98T3QKF79WY3F0NWNW0.json,0,
"Morgan, Frederick",https://www.eisenhowerlibrary.gov/sites/default/files/research/subject-guides/pdf/operation-overlord.pdf,,"DWIGHT D. EISENHOWER LIBRARY: Collection of 20th Century Military Records, 1918-1950 Box 83",Operation Overlord (Subject Guide),65,letter_to_morgan_unsigned_01KQ9RZTPHVENRXGH1H5D44NXX.json; in_july_general_barker_had_written_it_can_be_accepted_as_an_absolute_certainty_t_01KQ66H3JGVEK56HG2GGJYF42H.json; letter_to_morgan_01KPT9NQY936BKTQ1BMRAC9CCC.json; letter_to_maj_gen_w_d_morgan_cofs_21_army_group_01KQ66BRG3WR1942WH384WB3Z2.json; letter_morgan_to_hollis_secretary_of_war_cabinet_2_september_1943_01KPT9FXZMDZYW0RYA132266DN.json,0,
PAB - PALL (Misc.) [a quote comparing the breakout from the Normandy,https://www.eisenhowerlibrary.gov/sites/default/files/research/subject-guides/pdf/operation-overlord.pdf,,"DWIGHT D. EISENHOWER LIBRARY: Collection of 20th Century Military Records, 1918-1950 Box 88",Operation Overlord (Subject Guide),106,intentions_second_british_army_and_first_canadian_army_19_20_21_and_23_aug_01KPSY97B5VKNJH2NEGVKBPSG4.json; remarks_on_90th_division_performance_01KPVBW7KQV6MJXCSZTQY9T04M.json; 12th_army_group_report_of_operations_01KQ96PXTQTFRRHS5P9CD6ESEA.json; fusa_psychological_warfare_division_letter_bombing_of_st_lô_4_july_1944_01KPT3M5NYB7DQ4YSJFBH6X5A8.json; 8th_div_g_3_jnl_entry_0815_30_jul_01KPT49DTXK4E1DS904FFQ8BVE.json,0,
SAB - SAINTE (Misc.) [letter of reproach from the mayor of Sainte-MereEglise re. Eisenhower’s decisi,https://www.eisenhowerlibrary.gov/sites/default/files/research/subject-guides/pdf/operation-overlord.pdf,,"DWIGHT D. EISENHOWER LIBRARY: Collection of 20th Century Military Records, 1918-1950 Box 101",Operation Overlord (Subject Guide),575,fwd_13765_4_sep_44_and_fwd_14764_14_sep_44_eisenhower_to_comdrs_01KTA7ZXY1QNG8X018BQR0CJJX.json; eisenhower_to_12th_and_6th_a_gps_fwd_15934_26_sep_44_01KS8KB8C9SBZXEGPTWB77183B.json; memo_sub_decisions_reached_at_supreme_commanders_conf_18_oct_44_dtd_22_oct_44_01KT7YPJS0YVYNHDJN1ZH7YWFX.json; cable_to_marshall_cpa_90255_01KQV0KE1ZVD8QZCNXVBXE8M7Q.json; cable_marshall_to_eisenhower_01KQ67WVV4MJDV63RH8TD5HFAD.json,0,
notation regarding the weather and the Normandy invasion],https://www.eisenhowerlibrary.gov/sites/default/files/research/subject-guides/pdf/operation-overlord.pdf,,"DWIGHT D. EISENHOWER LIBRARY: Collection of 20th Century Military Records, 1918-1950 Box 103",Operation Overlord (Subject Guide),175,research_and_analysis_to_fix_earliest_practicable_date_for_invasion_of_western_e_01KQ68N782VCFZMKQ83X27N773.json; intentions_second_british_army_and_first_canadian_army_19_20_21_and_23_aug_01KPSY97B5VKNJH2NEGVKBPSG4.json; remarks_on_90th_division_performance_01KPVBW7KQV6MJXCSZTQY9T04M.json; 12th_army_group_report_of_operations_01KQ96PXTQTFRRHS5P9CD6ESEA.json; fusa_psychological_warfare_division_letter_bombing_of_st_lô_4_july_1944_01KPT3M5NYB7DQ4YSJFBH6X5A8.json,0,
Normandy invasion],https://www.eisenhowerlibrary.gov/sites/default/files/research/subject-guides/pdf/operation-overlord.pdf,,"DWIGHT D. EISENHOWER LIBRARY: Collection of 20th Century Military Records, 1918-1950 Box 106",Operation Overlord (Subject Guide),175,research_and_analysis_to_fix_earliest_practicable_date_for_invasion_of_western_e_01KQ68N782VCFZMKQ83X27N773.json; intentions_second_british_army_and_first_canadian_army_19_20_21_and_23_aug_01KPSY97B5VKNJH2NEGVKBPSG4.json; remarks_on_90th_division_performance_01KPVBW7KQV6MJXCSZTQY9T04M.json; 12th_army_group_report_of_operations_01KQ96PXTQTFRRHS5P9CD6ESEA.json; fusa_psychological_warfare_division_letter_bombing_of_st_lô_4_july_1944_01KPT3M5NYB7DQ4YSJFBH6X5A8.json,0,
"Smith, Walter B. (4)-(6)",https://www.eisenhowerlibrary.gov/sites/default/files/research/subject-guides/pdf/operation-overlord.pdf,,"DWIGHT D. EISENHOWER LIBRARY: Collection of 20th Century Military Records, 1918-1950 Box 109",Operation Overlord (Subject Guide),98,smith_to_bradley_01KS3J4ECWTG9RJN51KP4KJRY8.json; letter_to_montgomery_15_september_1944_01KS0ZV0NQ2FHEQD91RPXP83VS.json; de_guingand_to_smith_26_sep_44_01KT7WZTY1550Z2M8PXKRT5VDN.json; cbl_smith_to_eisenhower_5_jan_44_eisenhower_personal_files_see_bibliographical_n_01KQ6GA50AS799AW9QN2XEJA88.json; cbl_eisenhower_to_smith_6_jan_44_eisenhower_personal_files_01KQ67WBVNV4BFF7NV7N3466N9.json,0,
"Tedder, Arthur (3)",https://www.eisenhowerlibrary.gov/sites/default/files/research/subject-guides/pdf/operation-overlord.pdf,,"DWIGHT D. EISENHOWER LIBRARY: Collection of 20th Century Military Records, 1918-1950 Box 115",Operation Overlord (Subject Guide),16,notes_on_mtg_at_brussels_10_sep_44_01KT8162TY9NDFRQX4WGSVKKMR.json; letter_or_memorandum_in_response_to_montgomery_01KPSMQGY2X4G7NH4JA3B1A3DT.json; interviews_with_eisenhower_and_tedder_01KPSS2YHB0M3JVPKEJGND83K8.json; letter_to_tedder_01KQ6N4GAENPX7R263C8B3R9KC.json; letter_response_to_montgomery_01KPVBN66QDMY30JCTWPFACS2F.json,0,
"Operation Overlord, 1944",https://www.eisenhowerlibrary.gov/sites/default/files/research/subject-guides/pdf/operation-overlord.pdf,,"DWIGHT D. EISENHOWER LIBRARY: Collection of 20th Century Military Records, 1918-1950 Box 153",Operation Overlord (Subject Guide),444,ltr_airborne_opns_to_further_overlord_6_jul_01KQ7YKC2VS82T5JY5CKHV1VD7.json; eisenhower_to_12th_and_6th_a_gps_fwd_15934_26_sep_44_01KS8KB8C9SBZXEGPTWB77183B.json; cable_marshall_to_eisenhower_01KQ67WVV4MJDV63RH8TD5HFAD.json; eisenhower_to_ccs_01KSDGRV10GZTKJ5BTM867SEBR.json; directive_to_commanders_01KS3GDGP010HG4AN4MTHASHE7.json,0,
"Operation Neptune, June 1944",https://www.eisenhowerlibrary.gov/sites/default/files/research/subject-guides/pdf/operation-overlord.pdf,,"DWIGHT D. EISENHOWER LIBRARY: Collection of 20th Century Military Records, 1918-1950 Box 153",Operation Overlord (Subject Guide),84,aeaf_memo_operation_neptune_employment_of_british_and_american_airborne_forces_01KPTC8QZK2WRT1GAKDP3T39M3.json; post_neptune_courses_of_action_after_capture_of_the_lodgment_area_main_objective_01KTC591RRKV0E26SXJF82RG1P.json; ps_shaef_44_21_final_01KQ5JK0W40R6E1JXPN413DZD6.json; shaef245003ops_01KPSMFGHRNK88TBM9RQYYHRJ2.json; sgs_shaef_file_381_post_overlord_plng_01KQ5JGMXRVZVMR9ATDF0W1753.json,0,
(NORMANDY) D-DAY ANNIV. TRIPS: SHAPE #8 6 June 1951,https://www.eisenhowerlibrary.gov/sites/default/files/research/subject-guides/pdf/operation-overlord.pdf,,"DWIGHT D. EISENHOWER LIBRARY: Collection of 20th Century Military Records, 1918-1950 Box 202",Operation Overlord (Subject Guide),106,intentions_second_british_army_and_first_canadian_army_19_20_21_and_23_aug_01KPSY97B5VKNJH2NEGVKBPSG4.json; remarks_on_90th_division_performance_01KPVBW7KQV6MJXCSZTQY9T04M.json; 12th_army_group_report_of_operations_01KQ96PXTQTFRRHS5P9CD6ESEA.json; fusa_psychological_warfare_division_letter_bombing_of_st_lô_4_july_1944_01KPT3M5NYB7DQ4YSJFBH6X5A8.json; 8th_div_g_3_jnl_entry_0815_30_jul_01KPT49DTXK4E1DS904FFQ8BVE.json,0,
DDE Memoir Chapter 13-15 Memorandum by Gen. Smith [re part played,https://www.eisenhowerlibrary.gov/sites/default/files/research/subject-guides/pdf/operation-overlord.pdf,,"DWIGHT D. EISENHOWER LIBRARY: Collection of 20th Century Military Records, 1918-1950 Box 11",Operation Overlord (Subject Guide),98,smith_to_bradley_01KS3J4ECWTG9RJN51KP4KJRY8.json; letter_to_montgomery_15_september_1944_01KS0ZV0NQ2FHEQD91RPXP83VS.json; de_guingand_to_smith_26_sep_44_01KT7WZTY1550Z2M8PXKRT5VDN.json; cbl_smith_to_eisenhower_5_jan_44_eisenhower_personal_files_see_bibliographical_n_01KQ6GA50AS799AW9QN2XEJA88.json; cbl_eisenhower_to_smith_6_jan_44_eisenhower_personal_files_01KQ67WBVNV4BFF7NV7N3466N9.json,0,
by Gen. Eisenhower in early days of OVERLORD],https://www.eisenhowerlibrary.gov/sites/default/files/research/subject-guides/pdf/operation-overlord.pdf,,"DWIGHT D. EISENHOWER LIBRARY: Collection of 20th Century Military Records, 1918-1950 Box 11",Operation Overlord (Subject Guide),819,fwd_13765_4_sep_44_and_fwd_14764_14_sep_44_eisenhower_to_comdrs_01KTA7ZXY1QNG8X018BQR0CJJX.json; ltr_airborne_opns_to_further_overlord_6_jul_01KQ7YKC2VS82T5JY5CKHV1VD7.json; eisenhower_to_12th_and_6th_a_gps_fwd_15934_26_sep_44_01KS8KB8C9SBZXEGPTWB77183B.json; memo_sub_decisions_reached_at_supreme_commanders_conf_18_oct_44_dtd_22_oct_44_01KT7YPJS0YVYNHDJN1ZH7YWFX.json; cable_to_marshall_cpa_90255_01KQV0KE1ZVD8QZCNXVBXE8M7Q.json,0,
"OF 154-E-4 Wars: World War II, D-Day - Normandy Landings",https://www.eisenhowerlibrary.gov/sites/default/files/research/subject-guides/pdf/operation-overlord.pdf,,"DWIGHT D. EISENHOWER LIBRARY: Collection of 20th Century Military Records, 1918-1950 Box 685",Operation Overlord (Subject Guide),106,intentions_second_british_army_and_first_canadian_army_19_20_21_and_23_aug_01KPSY97B5VKNJH2NEGVKBPSG4.json; remarks_on_90th_division_performance_01KPVBW7KQV6MJXCSZTQY9T04M.json; 12th_army_group_report_of_operations_01KQ96PXTQTFRRHS5P9CD6ESEA.json; fusa_psychological_warfare_division_letter_bombing_of_st_lô_4_july_1944_01KPT3M5NYB7DQ4YSJFBH6X5A8.json; 8th_div_g_3_jnl_entry_0815_30_jul_01KPT49DTXK4E1DS904FFQ8BVE.json,0,
30th Infantry Division – “Old Hickory – From Normandy to the Elbe”,https://www.eisenhowerlibrary.gov/sites/default/files/research/subject-guides/pdf/operation-overlord.pdf,,"HALL, GEORGE: Papers, 1976-1999 Box 2",Operation Overlord (Subject Guide),106,intentions_second_british_army_and_first_canadian_army_19_20_21_and_23_aug_01KPSY97B5VKNJH2NEGVKBPSG4.json; remarks_on_90th_division_performance_01KPVBW7KQV6MJXCSZTQY9T04M.json; 12th_army_group_report_of_operations_01KQ96PXTQTFRRHS5P9CD6ESEA.json; fusa_psychological_warfare_division_letter_bombing_of_st_lô_4_july_1944_01KPT3M5NYB7DQ4YSJFBH6X5A8.json; 8th_div_g_3_jnl_entry_0815_30_jul_01KPT49DTXK4E1DS904FFQ8BVE.json,0,
Overlord – London (1)-(3) [Psychological warfare plans],https://www.eisenhowerlibrary.gov/sites/default/files/research/subject-guides/pdf/operation-overlord.pdf,,"HODGES, COURTNEY HICKS: Papers, 1904-1965 Box 10",Operation Overlord (Subject Guide),444,ltr_airborne_opns_to_further_overlord_6_jul_01KQ7YKC2VS82T5JY5CKHV1VD7.json; eisenhower_to_12th_and_6th_a_gps_fwd_15934_26_sep_44_01KS8KB8C9SBZXEGPTWB77183B.json; cable_marshall_to_eisenhower_01KQ67WVV4MJDV63RH8TD5HFAD.json; eisenhower_to_ccs_01KSDGRV10GZTKJ5BTM867SEBR.json; directive_to_commanders_01KS3GDGP010HG4AN4MTHASHE7.json,0,
Diary January-August 1944 [Normandy Invasion],https://www.eisenhowerlibrary.gov/sites/default/files/research/subject-guides/pdf/operation-overlord.pdf,,"LAWRENCE, JUSTICE BALDWIN: Papers, 1934-2003 Box 1",Operation Overlord (Subject Guide),175,research_and_analysis_to_fix_earliest_practicable_date_for_invasion_of_western_e_01KQ68N782VCFZMKQ83X27N773.json; intentions_second_british_army_and_first_canadian_army_19_20_21_and_23_aug_01KPSY97B5VKNJH2NEGVKBPSG4.json; remarks_on_90th_division_performance_01KPVBW7KQV6MJXCSZTQY9T04M.json; 12th_army_group_report_of_operations_01KQ96PXTQTFRRHS5P9CD6ESEA.json; fusa_psychological_warfare_division_letter_bombing_of_st_lô_4_july_1944_01KPT3M5NYB7DQ4YSJFBH6X5A8.json,0,
"OWI – London – Morgan, Brewster 1944 (2)",https://www.eisenhowerlibrary.gov/sites/default/files/research/subject-guides/pdf/operation-overlord.pdf,,"LAWRENCE, JUSTICE BALDWIN: Papers, 1934-2003 Box 30",Operation Overlord (Subject Guide),65,letter_to_morgan_unsigned_01KQ9RZTPHVENRXGH1H5D44NXX.json; in_july_general_barker_had_written_it_can_be_accepted_as_an_absolute_certainty_t_01KQ66H3JGVEK56HG2GGJYF42H.json; letter_to_morgan_01KPT9NQY936BKTQ1BMRAC9CCC.json; letter_to_maj_gen_w_d_morgan_cofs_21_army_group_01KQ66BRG3WR1942WH384WB3Z2.json; letter_morgan_to_hollis_secretary_of_war_cabinet_2_september_1943_01KPT9FXZMDZYW0RYA132266DN.json,0,
Action Report on USS O’Brien Normandy Invasion & Bombardment at,https://www.eisenhowerlibrary.gov/sites/default/files/research/subject-guides/pdf/operation-overlord.pdf,,"LAWRENCE, JUSTICE BALDWIN: Papers, 1934-2003 Box 3",Operation Overlord (Subject Guide),175,research_and_analysis_to_fix_earliest_practicable_date_for_invasion_of_western_e_01KQ68N782VCFZMKQ83X27N773.json; intentions_second_british_army_and_first_canadian_army_19_20_21_and_23_aug_01KPSY97B5VKNJH2NEGVKBPSG4.json; remarks_on_90th_division_performance_01KPVBW7KQV6MJXCSZTQY9T04M.json; 12th_army_group_report_of_operations_01KQ96PXTQTFRRHS5P9CD6ESEA.json; fusa_psychological_warfare_division_letter_bombing_of_st_lô_4_july_1944_01KPT3M5NYB7DQ4YSJFBH6X5A8.json,0,
"SHAEF Communiqués, 6/6/44 and 5/8/45",https://www.eisenhowerlibrary.gov/sites/default/files/research/subject-guides/pdf/operation-overlord.pdf,,"LAWRENCE, JUSTICE BALDWIN: Papers, 1934-2003 Box 6",Operation Overlord (Subject Guide),995,messages_to_agwar_for_jps_01KQ96QXWVTBJVTE0KTH9KEM4C.json; ltr_airborne_opns_to_further_overlord_6_jul_01KQ7YKC2VS82T5JY5CKHV1VD7.json; cosintrep_36_01KPT5AG09T49JVHSC22X500FY.json; eisenhower_to_12th_and_6th_a_gps_fwd_15934_26_sep_44_01KS8KB8C9SBZXEGPTWB77183B.json; memo_sub_decisions_reached_at_supreme_commanders_conf_18_oct_44_dtd_22_oct_44_01KT7YPJS0YVYNHDJN1ZH7YWFX.json,0,
"Speech re OVERLORD, 1980",https://www.eisenhowerlibrary.gov/sites/default/files/research/subject-guides/pdf/operation-overlord.pdf,,"LAWRENCE, JUSTICE BALDWIN: Papers, 1934-2003 Box 8",Operation Overlord (Subject Guide),444,ltr_airborne_opns_to_further_overlord_6_jul_01KQ7YKC2VS82T5JY5CKHV1VD7.json; eisenhower_to_12th_and_6th_a_gps_fwd_15934_26_sep_44_01KS8KB8C9SBZXEGPTWB77183B.json; cable_marshall_to_eisenhower_01KQ67WVV4MJDV63RH8TD5HFAD.json; eisenhower_to_ccs_01KSDGRV10GZTKJ5BTM867SEBR.json; directive_to_commanders_01KS3GDGP010HG4AN4MTHASHE7.json,0,
"Teletype Reports re DDE Visit to Normandy, July 1944",https://www.eisenhowerlibrary.gov/sites/default/files/research/subject-guides/pdf/operation-overlord.pdf,,"LAWRENCE, JUSTICE BALDWIN: Papers, 1934-2003 Box 8",Operation Overlord (Subject Guide),106,intentions_second_british_army_and_first_canadian_army_19_20_21_and_23_aug_01KPSY97B5VKNJH2NEGVKBPSG4.json; remarks_on_90th_division_performance_01KPVBW7KQV6MJXCSZTQY9T04M.json; 12th_army_group_report_of_operations_01KQ96PXTQTFRRHS5P9CD6ESEA.json; fusa_psychological_warfare_division_letter_bombing_of_st_lô_4_july_1944_01KPT3M5NYB7DQ4YSJFBH6X5A8.json; 8th_div_g_3_jnl_entry_0815_30_jul_01KPT49DTXK4E1DS904FFQ8BVE.json,0,
"COSSAC Staff Organization, Eyes Only Cable File (1)(2) [12/43-1/44]",https://www.eisenhowerlibrary.gov/sites/default/files/research/subject-guides/pdf/operation-overlord.pdf,,"SMITH, WALTER BEDDELL: Collection of World War II Documents, 1941-1945 Box 19",Operation Overlord (Subject Guide),70,12th_staff_meeting_01KQ65JA21HWHG2SSXJ1DX7XW4.json; letter_to_maj_gen_w_d_morgan_cofs_21_army_group_01KQ66BRG3WR1942WH384WB3Z2.json; provisional_organization_of_cossac_staff_01KQ65FQV9Z7N9QC54HZM5MBSG.json; opn_overlord_01KQ5PS12XXTAYQZEYAHD9WQ0F.json; shaef_files_01KPT5ZZHXV2BKAA6XTN2VREX8.json,0,
Organization and Chain of Command for Cross Channel Operation,https://www.eisenhowerlibrary.gov/sites/default/files/research/subject-guides/pdf/operation-overlord.pdf,,"SMITH, WALTER BEDDELL: Collection of World War II Documents, 1941-1945 Box 20",Operation Overlord (Subject Guide),59,zustandberichte_ss_divisiones_jun_43_jul_44_01KPT230H7E4C5FV2C4H99W23H.json; hitler_versus_his_generals_in_the_west_01KPSYYDQ8RT3Q70Z85KR2N33A.json; rommel_to_rundstedt_01KPVPQH04ZA15DY7SN9TFYH8P.json; r_24_r_34_and_r_49_01KPT1K5PYMGCC2TJGZBN3971Q.json; agp_b_ktb_annex_52a_to_anlage_52_01KPSYY67VFX53M2AY0S3A8J2N.json,0,
"Series I: Allied Command, Subseries C: SHAEF",https://www.eisenhowerlibrary.gov/sites/default/files/research/subject-guides/pdf/operation-overlord.pdf,,"SMITH, WALTER BEDDELL: Collection of World War II Documents, 1941-1945 Box 20",Operation Overlord (Subject Guide),995,messages_to_agwar_for_jps_01KQ96QXWVTBJVTE0KTH9KEM4C.json; ltr_airborne_opns_to_further_overlord_6_jul_01KQ7YKC2VS82T5JY5CKHV1VD7.json; cosintrep_36_01KPT5AG09T49JVHSC22X500FY.json; eisenhower_to_12th_and_6th_a_gps_fwd_15934_26_sep_44_01KS8KB8C9SBZXEGPTWB77183B.json; memo_sub_decisions_reached_at_supreme_commanders_conf_18_oct_44_dtd_22_oct_44_01KT7YPJS0YVYNHDJN1ZH7YWFX.json,0,
"Operation Neptune, Allied Expeditionary Air Force Overall Air Plan (1)-(5)",https://www.eisenhowerlibrary.gov/sites/default/files/research/subject-guides/pdf/operation-overlord.pdf,,"SMITH, WALTER BEDDELL: Collection of World War II Documents, 1941-1945 Box 29",Operation Overlord (Subject Guide),84,aeaf_memo_operation_neptune_employment_of_british_and_american_airborne_forces_01KPTC8QZK2WRT1GAKDP3T39M3.json; post_neptune_courses_of_action_after_capture_of_the_lodgment_area_main_objective_01KTC591RRKV0E26SXJF82RG1P.json; ps_shaef_44_21_final_01KQ5JK0W40R6E1JXPN413DZD6.json; shaef245003ops_01KPSMFGHRNK88TBM9RQYYHRJ2.json; sgs_shaef_file_381_post_overlord_plng_01KQ5JGMXRVZVMR9ATDF0W1753.json,0,
by General Dwight D. Eisenhower (1),https://www.eisenhowerlibrary.gov/sites/default/files/research/subject-guides/pdf/operation-overlord.pdf,,"SMITH, WALTER BEDDELL: Collection of World War II Documents, 1941-1945 Box 37",Operation Overlord (Subject Guide),575,fwd_13765_4_sep_44_and_fwd_14764_14_sep_44_eisenhower_to_comdrs_01KTA7ZXY1QNG8X018BQR0CJJX.json; eisenhower_to_12th_and_6th_a_gps_fwd_15934_26_sep_44_01KS8KB8C9SBZXEGPTWB77183B.json; memo_sub_decisions_reached_at_supreme_commanders_conf_18_oct_44_dtd_22_oct_44_01KT7YPJS0YVYNHDJN1ZH7YWFX.json; cable_to_marshall_cpa_90255_01KQV0KE1ZVD8QZCNXVBXE8M7Q.json; cable_marshall_to_eisenhower_01KQ67WVV4MJDV63RH8TD5HFAD.json,0,
"British Assault Area - Defense Orders, Operation Neptune",https://www.eisenhowerlibrary.gov/sites/default/files/research/subject-guides/pdf/operation-overlord.pdf,,"SMITH, WALTER BEDDELL: Collection of World War II Documents, 1941-1945 Box 47",Operation Overlord (Subject Guide),84,aeaf_memo_operation_neptune_employment_of_british_and_american_airborne_forces_01KPTC8QZK2WRT1GAKDP3T39M3.json; post_neptune_courses_of_action_after_capture_of_the_lodgment_area_main_objective_01KTC591RRKV0E26SXJF82RG1P.json; ps_shaef_44_21_final_01KQ5JK0W40R6E1JXPN413DZD6.json; shaef245003ops_01KPSMFGHRNK88TBM9RQYYHRJ2.json; sgs_shaef_file_381_post_overlord_plng_01KQ5JGMXRVZVMR9ATDF0W1753.json,0,
"British Assault Area - General Orders, Operation Neptune (1)-(4)",https://www.eisenhowerlibrary.gov/sites/default/files/research/subject-guides/pdf/operation-overlord.pdf,,"SMITH, WALTER BEDDELL: Collection of World War II Documents, 1941-1945 Box 47",Operation Overlord (Subject Guide),84,aeaf_memo_operation_neptune_employment_of_british_and_american_airborne_forces_01KPTC8QZK2WRT1GAKDP3T39M3.json; post_neptune_courses_of_action_after_capture_of_the_lodgment_area_main_objective_01KTC591RRKV0E26SXJF82RG1P.json; ps_shaef_44_21_final_01KQ5JK0W40R6E1JXPN413DZD6.json; shaef245003ops_01KPSMFGHRNK88TBM9RQYYHRJ2.json; sgs_shaef_file_381_post_overlord_plng_01KQ5JGMXRVZVMR9ATDF0W1753.json,0,
"Amphibious Operations, Invasion of Northern France - Western Task",https://www.eisenhowerlibrary.gov/sites/default/files/research/subject-guides/pdf/operation-overlord.pdf,,"SMITH, WALTER BEDDELL: Collection of World War II Documents, 1941-1945 Box 48",Operation Overlord (Subject Guide),77,research_and_analysis_to_fix_earliest_practicable_date_for_invasion_of_western_e_01KQ68N782VCFZMKQ83X27N773.json; fusa_psychological_warfare_division_letter_bombing_of_st_lô_4_july_1944_01KPT3M5NYB7DQ4YSJFBH6X5A8.json; report_to_bormann_01KPVC8N7XTH5Z99ABEPKZGJKB.json; ltr_gavin_to_maj_gen_paul_l_williams_01KT9TDCJFKZC6KYD6JRJBNY98.json; study_by_the_kdtr_dbef_eifel_und_saarpfalz_01KSEE8V21F0JGGX2V8E9P4EH4.json,0,
"Normandy, June 2-17, 1944 [November 6, 1955] (1)-(3)",https://www.eisenhowerlibrary.gov/sites/default/files/research/subject-guides/pdf/operation-overlord.pdf,,"SMITH, WALTER BEDDELL: Collection of World War II Documents, 1941-1945 Box 48",Operation Overlord (Subject Guide),106,intentions_second_british_army_and_first_canadian_army_19_20_21_and_23_aug_01KPSY97B5VKNJH2NEGVKBPSG4.json; remarks_on_90th_division_performance_01KPVBW7KQV6MJXCSZTQY9T04M.json; 12th_army_group_report_of_operations_01KQ96PXTQTFRRHS5P9CD6ESEA.json; fusa_psychological_warfare_division_letter_bombing_of_st_lô_4_july_1944_01KPT3M5NYB7DQ4YSJFBH6X5A8.json; 8th_div_g_3_jnl_entry_0815_30_jul_01KPT49DTXK4E1DS904FFQ8BVE.json,0,
"Normandy, June 2-17, 1944 [November 6, 1944] (4)-(10)",https://www.eisenhowerlibrary.gov/sites/default/files/research/subject-guides/pdf/operation-overlord.pdf,,"SMITH, WALTER BEDDELL: Collection of World War II Documents, 1941-1945 Box 49",Operation Overlord (Subject Guide),106,intentions_second_british_army_and_first_canadian_army_19_20_21_and_23_aug_01KPSY97B5VKNJH2NEGVKBPSG4.json; remarks_on_90th_division_performance_01KPVBW7KQV6MJXCSZTQY9T04M.json; 12th_army_group_report_of_operations_01KQ96PXTQTFRRHS5P9CD6ESEA.json; fusa_psychological_warfare_division_letter_bombing_of_st_lô_4_july_1944_01KPT3M5NYB7DQ4YSJFBH6X5A8.json; 8th_div_g_3_jnl_entry_0815_30_jul_01KPT49DTXK4E1DS904FFQ8BVE.json,0,
Effects of Allied Air Power on First Month of Overlord Operations,https://www.eisenhowerlibrary.gov/sites/default/files/research/subject-guides/pdf/operation-overlord.pdf,,"SMITH, WALTER BEDDELL: Collection of World War II Documents, 1941-1945 Box 49",Operation Overlord (Subject Guide),444,ltr_airborne_opns_to_further_overlord_6_jul_01KQ7YKC2VS82T5JY5CKHV1VD7.json; eisenhower_to_12th_and_6th_a_gps_fwd_15934_26_sep_44_01KS8KB8C9SBZXEGPTWB77183B.json; cable_marshall_to_eisenhower_01KQ67WVV4MJDV63RH8TD5HFAD.json; eisenhower_to_ccs_01KSDGRV10GZTKJ5BTM867SEBR.json; directive_to_commanders_01KS3GDGP010HG4AN4MTHASHE7.json,0,
"Ninth Air Force Invasion Activities, April - June, 1944 [2/17/1945] (1)(2)",https://www.eisenhowerlibrary.gov/sites/default/files/research/subject-guides/pdf/operation-overlord.pdf,,"SMITH, WALTER BEDDELL: Collection of World War II Documents, 1941-1945 Box 49",Operation Overlord (Subject Guide),77,research_and_analysis_to_fix_earliest_practicable_date_for_invasion_of_western_e_01KQ68N782VCFZMKQ83X27N773.json; fusa_psychological_warfare_division_letter_bombing_of_st_lô_4_july_1944_01KPT3M5NYB7DQ4YSJFBH6X5A8.json; report_to_bormann_01KPVC8N7XTH5Z99ABEPKZGJKB.json; ltr_gavin_to_maj_gen_paul_l_williams_01KT9TDCJFKZC6KYD6JRJBNY98.json; study_by_the_kdtr_dbef_eifel_und_saarpfalz_01KSEE8V21F0JGGX2V8E9P4EH4.json,0,
"Operation Overlord, Chiefs of Staff Committee Report [COSSAC planning",https://www.eisenhowerlibrary.gov/sites/default/files/research/subject-guides/pdf/operation-overlord.pdf,,"SMITH, WALTER BEDDELL: Collection of World War II Documents, 1941-1945 Box 50",Operation Overlord (Subject Guide),490,ltr_airborne_opns_to_further_overlord_6_jul_01KQ7YKC2VS82T5JY5CKHV1VD7.json; eisenhower_to_12th_and_6th_a_gps_fwd_15934_26_sep_44_01KS8KB8C9SBZXEGPTWB77183B.json; cable_marshall_to_eisenhower_01KQ67WVV4MJDV63RH8TD5HFAD.json; eisenhower_to_ccs_01KSDGRV10GZTKJ5BTM867SEBR.json; directive_to_commanders_01KS3GDGP010HG4AN4MTHASHE7.json,0,
"ISIS Report on France, Vol. 2 - Normandy West of the Seine, Part V (B) Ports",https://www.eisenhowerlibrary.gov/sites/default/files/research/subject-guides/pdf/operation-overlord.pdf,,"SMITH, WALTER BEDDELL: Collection of World War II Documents, 1941-1945 Box 50",Operation Overlord (Subject Guide),106,intentions_second_british_army_and_first_canadian_army_19_20_21_and_23_aug_01KPSY97B5VKNJH2NEGVKBPSG4.json; remarks_on_90th_division_performance_01KPVBW7KQV6MJXCSZTQY9T04M.json; 12th_army_group_report_of_operations_01KQ96PXTQTFRRHS5P9CD6ESEA.json; fusa_psychological_warfare_division_letter_bombing_of_st_lô_4_july_1944_01KPT3M5NYB7DQ4YSJFBH6X5A8.json; 8th_div_g_3_jnl_entry_0815_30_jul_01KPT49DTXK4E1DS904FFQ8BVE.json,0,
"Contour Map: Utah Beach, South (La Madeleine) (4/21/44)",https://www.eisenhowerlibrary.gov/sites/default/files/research/subject-guides/pdf/operation-overlord.pdf,,"SMITH, WALTER BEDDELL: Collection of World War II Documents, 1941-1945 Box 1",Operation Overlord (Subject Guide),17,aeaf_memo_operation_neptune_employment_of_british_and_american_airborne_forces_01KPTC8QZK2WRT1GAKDP3T39M3.json; amendment_i_to_fusa_plan_01KPTAME05WBVCCETJD1BBQTAQ.json; combat_intervs_01KQ638WTAZN0NQR1HFM9PCCGA.json; combat_interviews_82d_abn_and_4th_inf_divs_01KQ6399W4K7QNM8G8S38S0G72.json; utah_beach_to_cherbourg_01KPT1SQKS4R97TH0JPBKZZKHT.json,0,
"Contour Map: Utah Beach, North (Ravenoville) (4/21/44)",https://www.eisenhowerlibrary.gov/sites/default/files/research/subject-guides/pdf/operation-overlord.pdf,,"SMITH, WALTER BEDDELL: Collection of World War II Documents, 1941-1945 Box 1",Operation Overlord (Subject Guide),17,aeaf_memo_operation_neptune_employment_of_british_and_american_airborne_forces_01KPTC8QZK2WRT1GAKDP3T39M3.json; amendment_i_to_fusa_plan_01KPTAME05WBVCCETJD1BBQTAQ.json; combat_intervs_01KQ638WTAZN0NQR1HFM9PCCGA.json; combat_interviews_82d_abn_and_4th_inf_divs_01KQ6399W4K7QNM8G8S38S0G72.json; utah_beach_to_cherbourg_01KPT1SQKS4R97TH0JPBKZZKHT.json,0,
"Diagram: Omaha Beach, Composition of Spud Piers & Whales (3/23/44)",https://www.eisenhowerlibrary.gov/sites/default/files/research/subject-guides/pdf/operation-overlord.pdf,,"SMITH, WALTER BEDDELL: Collection of World War II Documents, 1941-1945 Box 1",Operation Overlord (Subject Guide),8,amendment_i_to_fusa_plan_01KPTAME05WBVCCETJD1BBQTAQ.json; neptune_training_mounting_the_artificial_ports_the_administrative_and_logistical_01KQ62TX9SVWB0BGXQ171N6XEP.json; ancxf_report_01KPT4J3FVKFAEZQRW309QSTSC.json; talley_notes_01KPTCA4ZSDM2ES8NG4M4Q2VC3.json; neptune_training_mounting_the_artificial_ports_the_administrative_and_logistical_01KQ62TN8NC9F6A24WBX2GQWFB.json,0,
Diagram: Omaha Beach (5/13/44),https://www.eisenhowerlibrary.gov/sites/default/files/research/subject-guides/pdf/operation-overlord.pdf,,"SMITH, WALTER BEDDELL: Collection of World War II Documents, 1941-1945 Box 1",Operation Overlord (Subject Guide),8,amendment_i_to_fusa_plan_01KPTAME05WBVCCETJD1BBQTAQ.json; neptune_training_mounting_the_artificial_ports_the_administrative_and_logistical_01KQ62TX9SVWB0BGXQ171N6XEP.json; ancxf_report_01KPT4J3FVKFAEZQRW309QSTSC.json; talley_notes_01KPTCA4ZSDM2ES8NG4M4Q2VC3.json; neptune_training_mounting_the_artificial_ports_the_administrative_and_logistical_01KQ62TN8NC9F6A24WBX2GQWFB.json,0,
"Diagram: Utah Beach, Gooseberry (5/10/44)",https://www.eisenhowerlibrary.gov/sites/default/files/research/subject-guides/pdf/operation-overlord.pdf,,"SMITH, WALTER BEDDELL: Collection of World War II Documents, 1941-1945 Box 1",Operation Overlord (Subject Guide),17,aeaf_memo_operation_neptune_employment_of_british_and_american_airborne_forces_01KPTC8QZK2WRT1GAKDP3T39M3.json; amendment_i_to_fusa_plan_01KPTAME05WBVCCETJD1BBQTAQ.json; combat_intervs_01KQ638WTAZN0NQR1HFM9PCCGA.json; combat_interviews_82d_abn_and_4th_inf_divs_01KQ6399W4K7QNM8G8S38S0G72.json; utah_beach_to_cherbourg_01KPT1SQKS4R97TH0JPBKZZKHT.json,0,
SHAEF G-2 Digest #1-16,https://www.eisenhowerlibrary.gov/sites/default/files/research/subject-guides/pdf/operation-overlord.pdf,,"SUPREME HEADQUARTERS, ALLIED EXPEDITIONARY FORCES: Selected Records, 1943-45 Box 1",Operation Overlord (Subject Guide),995,messages_to_agwar_for_jps_01KQ96QXWVTBJVTE0KTH9KEM4C.json; ltr_airborne_opns_to_further_overlord_6_jul_01KQ7YKC2VS82T5JY5CKHV1VD7.json; cosintrep_36_01KPT5AG09T49JVHSC22X500FY.json; eisenhower_to_12th_and_6th_a_gps_fwd_15934_26_sep_44_01KS8KB8C9SBZXEGPTWB77183B.json; memo_sub_decisions_reached_at_supreme_commanders_conf_18_oct_44_dtd_22_oct_44_01KT7YPJS0YVYNHDJN1ZH7YWFX.json,0,
SHAEF G-2 Digest #7-12,https://www.eisenhowerlibrary.gov/sites/default/files/research/subject-guides/pdf/operation-overlord.pdf,,"SUPREME HEADQUARTERS, ALLIED EXPEDITIONARY FORCES: Selected Records, 1943-45 Box 1",Operation Overlord (Subject Guide),995,messages_to_agwar_for_jps_01KQ96QXWVTBJVTE0KTH9KEM4C.json; ltr_airborne_opns_to_further_overlord_6_jul_01KQ7YKC2VS82T5JY5CKHV1VD7.json; cosintrep_36_01KPT5AG09T49JVHSC22X500FY.json; eisenhower_to_12th_and_6th_a_gps_fwd_15934_26_sep_44_01KS8KB8C9SBZXEGPTWB77183B.json; memo_sub_decisions_reached_at_supreme_commanders_conf_18_oct_44_dtd_22_oct_44_01KT7YPJS0YVYNHDJN1ZH7YWFX.json,0,
SHAEF G-2 Digest #14-19,https://www.eisenhowerlibrary.gov/sites/default/files/research/subject-guides/pdf/operation-overlord.pdf,,"SUPREME HEADQUARTERS, ALLIED EXPEDITIONARY FORCES: Selected Records, 1943-45 Box 1",Operation Overlord (Subject Guide),995,messages_to_agwar_for_jps_01KQ96QXWVTBJVTE0KTH9KEM4C.json; ltr_airborne_opns_to_further_overlord_6_jul_01KQ7YKC2VS82T5JY5CKHV1VD7.json; cosintrep_36_01KPT5AG09T49JVHSC22X500FY.json; eisenhower_to_12th_and_6th_a_gps_fwd_15934_26_sep_44_01KS8KB8C9SBZXEGPTWB77183B.json; memo_sub_decisions_reached_at_supreme_commanders_conf_18_oct_44_dtd_22_oct_44_01KT7YPJS0YVYNHDJN1ZH7YWFX.json,0,
SHAEF G-2 Digest #20-25,https://www.eisenhowerlibrary.gov/sites/default/files/research/subject-guides/pdf/operation-overlord.pdf,,"SUPREME HEADQUARTERS, ALLIED EXPEDITIONARY FORCES: Selected Records, 1943-45 Box 1",Operation Overlord (Subject Guide),995,messages_to_agwar_for_jps_01KQ96QXWVTBJVTE0KTH9KEM4C.json; ltr_airborne_opns_to_further_overlord_6_jul_01KQ7YKC2VS82T5JY5CKHV1VD7.json; cosintrep_36_01KPT5AG09T49JVHSC22X500FY.json; eisenhower_to_12th_and_6th_a_gps_fwd_15934_26_sep_44_01KS8KB8C9SBZXEGPTWB77183B.json; memo_sub_decisions_reached_at_supreme_commanders_conf_18_oct_44_dtd_22_oct_44_01KT7YPJS0YVYNHDJN1ZH7YWFX.json,0,
SHAEF G-2 Digest #26-31,https://www.eisenhowerlibrary.gov/sites/default/files/research/subject-guides/pdf/operation-overlord.pdf,,"SUPREME HEADQUARTERS, ALLIED EXPEDITIONARY FORCES: Selected Records, 1943-45 Box 1",Operation Overlord (Subject Guide),995,messages_to_agwar_for_jps_01KQ96QXWVTBJVTE0KTH9KEM4C.json; ltr_airborne_opns_to_further_overlord_6_jul_01KQ7YKC2VS82T5JY5CKHV1VD7.json; cosintrep_36_01KPT5AG09T49JVHSC22X500FY.json; eisenhower_to_12th_and_6th_a_gps_fwd_15934_26_sep_44_01KS8KB8C9SBZXEGPTWB77183B.json; memo_sub_decisions_reached_at_supreme_commanders_conf_18_oct_44_dtd_22_oct_44_01KT7YPJS0YVYNHDJN1ZH7YWFX.json,0,
SHAEF G-2 Digest #32-37,https://www.eisenhowerlibrary.gov/sites/default/files/research/subject-guides/pdf/operation-overlord.pdf,,"SUPREME HEADQUARTERS, ALLIED EXPEDITIONARY FORCES: Selected Records, 1943-45 Box 1",Operation Overlord (Subject Guide),995,messages_to_agwar_for_jps_01KQ96QXWVTBJVTE0KTH9KEM4C.json; ltr_airborne_opns_to_further_overlord_6_jul_01KQ7YKC2VS82T5JY5CKHV1VD7.json; cosintrep_36_01KPT5AG09T49JVHSC22X500FY.json; eisenhower_to_12th_and_6th_a_gps_fwd_15934_26_sep_44_01KS8KB8C9SBZXEGPTWB77183B.json; memo_sub_decisions_reached_at_supreme_commanders_conf_18_oct_44_dtd_22_oct_44_01KT7YPJS0YVYNHDJN1ZH7YWFX.json,0,
SHAEF G-2 Digest #39-44,https://www.eisenhowerlibrary.gov/sites/default/files/research/subject-guides/pdf/operation-overlord.pdf,,"SUPREME HEADQUARTERS, ALLIED EXPEDITIONARY FORCES: Selected Records, 1943-45 Box 1",Operation Overlord (Subject Guide),995,messages_to_agwar_for_jps_01KQ96QXWVTBJVTE0KTH9KEM4C.json; ltr_airborne_opns_to_further_overlord_6_jul_01KQ7YKC2VS82T5JY5CKHV1VD7.json; cosintrep_36_01KPT5AG09T49JVHSC22X500FY.json; eisenhower_to_12th_and_6th_a_gps_fwd_15934_26_sep_44_01KS8KB8C9SBZXEGPTWB77183B.json; memo_sub_decisions_reached_at_supreme_commanders_conf_18_oct_44_dtd_22_oct_44_01KT7YPJS0YVYNHDJN1ZH7YWFX.json,0,
SHAEF G-2 Digest #45-51,https://www.eisenhowerlibrary.gov/sites/default/files/research/subject-guides/pdf/operation-overlord.pdf,,"SUPREME HEADQUARTERS, ALLIED EXPEDITIONARY FORCES: Selected Records, 1943-45 Box 1",Operation Overlord (Subject Guide),995,messages_to_agwar_for_jps_01KQ96QXWVTBJVTE0KTH9KEM4C.json; ltr_airborne_opns_to_further_overlord_6_jul_01KQ7YKC2VS82T5JY5CKHV1VD7.json; cosintrep_36_01KPT5AG09T49JVHSC22X500FY.json; eisenhower_to_12th_and_6th_a_gps_fwd_15934_26_sep_44_01KS8KB8C9SBZXEGPTWB77183B.json; memo_sub_decisions_reached_at_supreme_commanders_conf_18_oct_44_dtd_22_oct_44_01KT7YPJS0YVYNHDJN1ZH7YWFX.json,0,
"SHAEF G-2 Weekly Intelligence Notes No. 17, 6 June 1944",https://www.eisenhowerlibrary.gov/sites/default/files/research/subject-guides/pdf/operation-overlord.pdf,,"SUPREME HEADQUARTERS, ALLIED EXPEDITIONARY FORCES: Selected Records, 1943-45 Box 15",Operation Overlord (Subject Guide),995,messages_to_agwar_for_jps_01KQ96QXWVTBJVTE0KTH9KEM4C.json; ltr_airborne_opns_to_further_overlord_6_jul_01KQ7YKC2VS82T5JY5CKHV1VD7.json; cosintrep_36_01KPT5AG09T49JVHSC22X500FY.json; eisenhower_to_12th_and_6th_a_gps_fwd_15934_26_sep_44_01KS8KB8C9SBZXEGPTWB77183B.json; memo_sub_decisions_reached_at_supreme_commanders_conf_18_oct_44_dtd_22_oct_44_01KT7YPJS0YVYNHDJN1ZH7YWFX.json,0,
"SHAEF G-2 Weekly Intelligence Notes No. 18, 13 July 1944",https://www.eisenhowerlibrary.gov/sites/default/files/research/subject-guides/pdf/operation-overlord.pdf,,"SUPREME HEADQUARTERS, ALLIED EXPEDITIONARY FORCES: Selected Records, 1943-45 Box 15",Operation Overlord (Subject Guide),995,messages_to_agwar_for_jps_01KQ96QXWVTBJVTE0KTH9KEM4C.json; ltr_airborne_opns_to_further_overlord_6_jul_01KQ7YKC2VS82T5JY5CKHV1VD7.json; cosintrep_36_01KPT5AG09T49JVHSC22X500FY.json; eisenhower_to_12th_and_6th_a_gps_fwd_15934_26_sep_44_01KS8KB8C9SBZXEGPTWB77183B.json; memo_sub_decisions_reached_at_supreme_commanders_conf_18_oct_44_dtd_22_oct_44_01KT7YPJS0YVYNHDJN1ZH7YWFX.json,0,
"SHAEF G-2 Weekly Intelligence Notes No. 19, 20 July 1944",https://www.eisenhowerlibrary.gov/sites/default/files/research/subject-guides/pdf/operation-overlord.pdf,,"SUPREME HEADQUARTERS, ALLIED EXPEDITIONARY FORCES: Selected Records, 1943-45 Box 15",Operation Overlord (Subject Guide),995,messages_to_agwar_for_jps_01KQ96QXWVTBJVTE0KTH9KEM4C.json; ltr_airborne_opns_to_further_overlord_6_jul_01KQ7YKC2VS82T5JY5CKHV1VD7.json; cosintrep_36_01KPT5AG09T49JVHSC22X500FY.json; eisenhower_to_12th_and_6th_a_gps_fwd_15934_26_sep_44_01KS8KB8C9SBZXEGPTWB77183B.json; memo_sub_decisions_reached_at_supreme_commanders_conf_18_oct_44_dtd_22_oct_44_01KT7YPJS0YVYNHDJN1ZH7YWFX.json,0,
Operation Neptune. Naval Operations Orders. Allied Naval CINC. 4/10/44,https://www.eisenhowerlibrary.gov/sites/default/files/research/subject-guides/pdf/operation-overlord.pdf,,"SUPREME HEADQUARTERS, ALLIED EXPEDITIONARY FORCES: Selected Records, 1943-45 Box 44",Operation Overlord (Subject Guide),84,aeaf_memo_operation_neptune_employment_of_british_and_american_airborne_forces_01KPTC8QZK2WRT1GAKDP3T39M3.json; post_neptune_courses_of_action_after_capture_of_the_lodgment_area_main_objective_01KTC591RRKV0E26SXJF82RG1P.json; ps_shaef_44_21_final_01KQ5JK0W40R6E1JXPN413DZD6.json; shaef245003ops_01KPSMFGHRNK88TBM9RQYYHRJ2.json; sgs_shaef_file_381_post_overlord_plng_01KQ5JGMXRVZVMR9ATDF0W1753.json,0,
"Neptune"". Volumes I, II, and III.",https://www.eisenhowerlibrary.gov/sites/default/files/research/subject-guides/pdf/operation-overlord.pdf,,"SUPREME HEADQUARTERS, ALLIED EXPEDITIONARY FORCES: Selected Records, 1943-45 Box 44",Operation Overlord (Subject Guide),84,aeaf_memo_operation_neptune_employment_of_british_and_american_airborne_forces_01KPTC8QZK2WRT1GAKDP3T39M3.json; post_neptune_courses_of_action_after_capture_of_the_lodgment_area_main_objective_01KTC591RRKV0E26SXJF82RG1P.json; ps_shaef_44_21_final_01KQ5JK0W40R6E1JXPN413DZD6.json; shaef245003ops_01KPSMFGHRNK88TBM9RQYYHRJ2.json; sgs_shaef_file_381_post_overlord_plng_01KQ5JGMXRVZVMR9ATDF0W1753.json,0,
Operation Neptune. Naval Administrative Orders - Enemy Coast (4/10/44),https://www.eisenhowerlibrary.gov/sites/default/files/research/subject-guides/pdf/operation-overlord.pdf,,"SUPREME HEADQUARTERS, ALLIED EXPEDITIONARY FORCES: Selected Records, 1943-45 Box 44",Operation Overlord (Subject Guide),84,aeaf_memo_operation_neptune_employment_of_british_and_american_airborne_forces_01KPTC8QZK2WRT1GAKDP3T39M3.json; post_neptune_courses_of_action_after_capture_of_the_lodgment_area_main_objective_01KTC591RRKV0E26SXJF82RG1P.json; ps_shaef_44_21_final_01KQ5JK0W40R6E1JXPN413DZD6.json; shaef245003ops_01KPSMFGHRNK88TBM9RQYYHRJ2.json; sgs_shaef_file_381_post_overlord_plng_01KQ5JGMXRVZVMR9ATDF0W1753.json,0,
"SHAEF, Use of Heavy Bombers in a Tactical Role (Theater Lesson)",https://www.eisenhowerlibrary.gov/sites/default/files/research/subject-guides/pdf/operation-overlord.pdf,,"SUPREME HEADQUARTERS, ALLIED EXPEDITIONARY FORCES: Selected Records, 1943-45 Box 44",Operation Overlord (Subject Guide),995,messages_to_agwar_for_jps_01KQ96QXWVTBJVTE0KTH9KEM4C.json; ltr_airborne_opns_to_further_overlord_6_jul_01KQ7YKC2VS82T5JY5CKHV1VD7.json; cosintrep_36_01KPT5AG09T49JVHSC22X500FY.json; eisenhower_to_12th_and_6th_a_gps_fwd_15934_26_sep_44_01KS8KB8C9SBZXEGPTWB77183B.json; memo_sub_decisions_reached_at_supreme_commanders_conf_18_oct_44_dtd_22_oct_44_01KT7YPJS0YVYNHDJN1ZH7YWFX.json,0,
"Dispatch by Air Chief-Marshal Sir Trafford Leigh-Mallory, Air Commander",https://www.eisenhowerlibrary.gov/sites/default/files/research/subject-guides/pdf/operation-overlord.pdf,,"SUPREME HEADQUARTERS, ALLIED EXPEDITIONARY FORCES: Selected Records, 1943-45 Box 44",Operation Overlord (Subject Guide),54,ltr_to_bradley_19_jul_01KQ5KWGCTVKZFA5WZEJ77DSM8.json; development_of_night_air_opns_1941_1952_usaf_hist_study_92_01KQ5K6QC5ARXBEA5SE5KREC6H.json; aeaf_opn_cobra_01KPSNKZNG67242YNRC6KB1R9R.json; letter_to_trafford_leigh_mallory_01KPSNKKVPS27TMJ6REQPBBJ5W.json; aaf_iii_01KPSNM5G0J1GVN2SH3JPKDXZ7.json,0,
COSSAC Conferences [1001-1128],https://www.eisenhowerlibrary.gov/sites/default/files/research/subject-guides/pdf/operation-overlord.pdf,,"SUPREME HEADQUARTERS, ALLIED EXPEDITIONARY FORCES: Selected Records, 1943-45 Box 1, Reel 1",Operation Overlord (Subject Guide),70,12th_staff_meeting_01KQ65JA21HWHG2SSXJ1DX7XW4.json; letter_to_maj_gen_w_d_morgan_cofs_21_army_group_01KQ66BRG3WR1942WH384WB3Z2.json; provisional_organization_of_cossac_staff_01KQ65FQV9Z7N9QC54HZM5MBSG.json; opn_overlord_01KQ5PS12XXTAYQZEYAHD9WQ0F.json; shaef_files_01KPT5ZZHXV2BKAA6XTN2VREX8.json,0,
"""Neptune"" Initial Joint Plan [306-450]",https://www.eisenhowerlibrary.gov/sites/default/files/research/subject-guides/pdf/operation-overlord.pdf,,"SUPREME HEADQUARTERS, ALLIED EXPEDITIONARY FORCES: Selected Records, 1943-45 Box 1, Reel 2",Operation Overlord (Subject Guide),84,aeaf_memo_operation_neptune_employment_of_british_and_american_airborne_forces_01KPTC8QZK2WRT1GAKDP3T39M3.json; post_neptune_courses_of_action_after_capture_of_the_lodgment_area_main_objective_01KTC591RRKV0E26SXJF82RG1P.json; ps_shaef_44_21_final_01KQ5JK0W40R6E1JXPN413DZD6.json; shaef245003ops_01KPSMFGHRNK88TBM9RQYYHRJ2.json; sgs_shaef_file_381_post_overlord_plng_01KQ5JGMXRVZVMR9ATDF0W1753.json,0,
"Post ""Neptune"" [451-478]",https://www.eisenhowerlibrary.gov/sites/default/files/research/subject-guides/pdf/operation-overlord.pdf,,"SUPREME HEADQUARTERS, ALLIED EXPEDITIONARY FORCES: Selected Records, 1943-45 Box 1, Reel 2",Operation Overlord (Subject Guide),84,aeaf_memo_operation_neptune_employment_of_british_and_american_airborne_forces_01KPTC8QZK2WRT1GAKDP3T39M3.json; post_neptune_courses_of_action_after_capture_of_the_lodgment_area_main_objective_01KTC591RRKV0E26SXJF82RG1P.json; ps_shaef_44_21_final_01KQ5JK0W40R6E1JXPN413DZD6.json; shaef245003ops_01KPSMFGHRNK88TBM9RQYYHRJ2.json; sgs_shaef_file_381_post_overlord_plng_01KQ5JGMXRVZVMR9ATDF0W1753.json,0,
"""Neptune"" Third Army Outline Plan [479-600]",https://www.eisenhowerlibrary.gov/sites/default/files/research/subject-guides/pdf/operation-overlord.pdf,,"SUPREME HEADQUARTERS, ALLIED EXPEDITIONARY FORCES: Selected Records, 1943-45 Box 1, Reel 2",Operation Overlord (Subject Guide),84,aeaf_memo_operation_neptune_employment_of_british_and_american_airborne_forces_01KPTC8QZK2WRT1GAKDP3T39M3.json; post_neptune_courses_of_action_after_capture_of_the_lodgment_area_main_objective_01KTC591RRKV0E26SXJF82RG1P.json; ps_shaef_44_21_final_01KQ5JK0W40R6E1JXPN413DZD6.json; shaef245003ops_01KPSMFGHRNK88TBM9RQYYHRJ2.json; sgs_shaef_file_381_post_overlord_plng_01KQ5JGMXRVZVMR9ATDF0W1753.json,0,
"""Overlord"" Reports and Appreciation [601-740]",https://www.eisenhowerlibrary.gov/sites/default/files/research/subject-guides/pdf/operation-overlord.pdf,,"SUPREME HEADQUARTERS, ALLIED EXPEDITIONARY FORCES: Selected Records, 1943-45 Box 1, Reel 2",Operation Overlord (Subject Guide),444,ltr_airborne_opns_to_further_overlord_6_jul_01KQ7YKC2VS82T5JY5CKHV1VD7.json; eisenhower_to_12th_and_6th_a_gps_fwd_15934_26_sep_44_01KS8KB8C9SBZXEGPTWB77183B.json; cable_marshall_to_eisenhower_01KQ67WVV4MJDV63RH8TD5HFAD.json; eisenhower_to_ccs_01KSDGRV10GZTKJ5BTM867SEBR.json; directive_to_commanders_01KS3GDGP010HG4AN4MTHASHE7.json,0,
"""Overlord"" Directives [751-784]",https://www.eisenhowerlibrary.gov/sites/default/files/research/subject-guides/pdf/operation-overlord.pdf,,"SUPREME HEADQUARTERS, ALLIED EXPEDITIONARY FORCES: Selected Records, 1943-45 Box 1, Reel 2",Operation Overlord (Subject Guide),444,ltr_airborne_opns_to_further_overlord_6_jul_01KQ7YKC2VS82T5JY5CKHV1VD7.json; eisenhower_to_12th_and_6th_a_gps_fwd_15934_26_sep_44_01KS8KB8C9SBZXEGPTWB77183B.json; cable_marshall_to_eisenhower_01KQ67WVV4MJDV63RH8TD5HFAD.json; eisenhower_to_ccs_01KSDGRV10GZTKJ5BTM867SEBR.json; directive_to_commanders_01KS3GDGP010HG4AN4MTHASHE7.json,0,
"""Overlord"" Misc. [785-931]",https://www.eisenhowerlibrary.gov/sites/default/files/research/subject-guides/pdf/operation-overlord.pdf,,"SUPREME HEADQUARTERS, ALLIED EXPEDITIONARY FORCES: Selected Records, 1943-45 Box 1, Reel 2",Operation Overlord (Subject Guide),444,ltr_airborne_opns_to_further_overlord_6_jul_01KQ7YKC2VS82T5JY5CKHV1VD7.json; eisenhower_to_12th_and_6th_a_gps_fwd_15934_26_sep_44_01KS8KB8C9SBZXEGPTWB77183B.json; cable_marshall_to_eisenhower_01KQ67WVV4MJDV63RH8TD5HFAD.json; eisenhower_to_ccs_01KSDGRV10GZTKJ5BTM867SEBR.json; directive_to_commanders_01KS3GDGP010HG4AN4MTHASHE7.json,0,
"""Overlord"" Cover Plan [932-1038]",https://www.eisenhowerlibrary.gov/sites/default/files/research/subject-guides/pdf/operation-overlord.pdf,,"SUPREME HEADQUARTERS, ALLIED EXPEDITIONARY FORCES: Selected Records, 1943-45 Box 1, Reel 2",Operation Overlord (Subject Guide),444,ltr_airborne_opns_to_further_overlord_6_jul_01KQ7YKC2VS82T5JY5CKHV1VD7.json; eisenhower_to_12th_and_6th_a_gps_fwd_15934_26_sep_44_01KS8KB8C9SBZXEGPTWB77183B.json; cable_marshall_to_eisenhower_01KQ67WVV4MJDV63RH8TD5HFAD.json; eisenhower_to_ccs_01KSDGRV10GZTKJ5BTM867SEBR.json; directive_to_commanders_01KS3GDGP010HG4AN4MTHASHE7.json,0,
"""Overlord"" Buildup [1039-1101]",https://www.eisenhowerlibrary.gov/sites/default/files/research/subject-guides/pdf/operation-overlord.pdf,,"SUPREME HEADQUARTERS, ALLIED EXPEDITIONARY FORCES: Selected Records, 1943-45 Box 1, Reel 2",Operation Overlord (Subject Guide),444,ltr_airborne_opns_to_further_overlord_6_jul_01KQ7YKC2VS82T5JY5CKHV1VD7.json; eisenhower_to_12th_and_6th_a_gps_fwd_15934_26_sep_44_01KS8KB8C9SBZXEGPTWB77183B.json; cable_marshall_to_eisenhower_01KQ67WVV4MJDV63RH8TD5HFAD.json; eisenhower_to_ccs_01KSDGRV10GZTKJ5BTM867SEBR.json; directive_to_commanders_01KS3GDGP010HG4AN4MTHASHE7.json,0,
"""Overlord"" Operation Appreciation Parts 1, 2, 3 [1102-1283]",https://www.eisenhowerlibrary.gov/sites/default/files/research/subject-guides/pdf/operation-overlord.pdf,,"SUPREME HEADQUARTERS, ALLIED EXPEDITIONARY FORCES: Selected Records, 1943-45 Box 1, Reel 2",Operation Overlord (Subject Guide),444,ltr_airborne_opns_to_further_overlord_6_jul_01KQ7YKC2VS82T5JY5CKHV1VD7.json; eisenhower_to_12th_and_6th_a_gps_fwd_15934_26_sep_44_01KS8KB8C9SBZXEGPTWB77183B.json; cable_marshall_to_eisenhower_01KQ67WVV4MJDV63RH8TD5HFAD.json; eisenhower_to_ccs_01KSDGRV10GZTKJ5BTM867SEBR.json; directive_to_commanders_01KS3GDGP010HG4AN4MTHASHE7.json,0,
War Cabinet Operation OVERLORD Maps,https://www.eisenhowerlibrary.gov/sites/default/files/research/subject-guides/pdf/operation-overlord.pdf,,"SUPREME HEADQUARTERS, ALLIED EXPEDITIONARY FORCES: Selected Records, 1943-45 Box 1, Reel 4",Operation Overlord (Subject Guide),444,ltr_airborne_opns_to_further_overlord_6_jul_01KQ7YKC2VS82T5JY5CKHV1VD7.json; eisenhower_to_12th_and_6th_a_gps_fwd_15934_26_sep_44_01KS8KB8C9SBZXEGPTWB77183B.json; cable_marshall_to_eisenhower_01KQ67WVV4MJDV63RH8TD5HFAD.json; eisenhower_to_ccs_01KSDGRV10GZTKJ5BTM867SEBR.json; directive_to_commanders_01KS3GDGP010HG4AN4MTHASHE7.json,0,
045.93/2 Naval Forces for Overlord [226-312],https://www.eisenhowerlibrary.gov/sites/default/files/research/subject-guides/pdf/operation-overlord.pdf,,"GENERAL STAFF: Records, 1943-45 (microfilm) Box 1, Reel 4",Operation Overlord (Subject Guide),444,ltr_airborne_opns_to_further_overlord_6_jul_01KQ7YKC2VS82T5JY5CKHV1VD7.json; eisenhower_to_12th_and_6th_a_gps_fwd_15934_26_sep_44_01KS8KB8C9SBZXEGPTWB77183B.json; cable_marshall_to_eisenhower_01KQ67WVV4MJDV63RH8TD5HFAD.json; eisenhower_to_ccs_01KSDGRV10GZTKJ5BTM867SEBR.json; directive_to_commanders_01KS3GDGP010HG4AN4MTHASHE7.json,0,
300 Administrative Instruction and Appreciation Operation Overlord,https://www.eisenhowerlibrary.gov/sites/default/files/research/subject-guides/pdf/operation-overlord.pdf,,"GENERAL STAFF: Records, 1943-45 (microfilm) Box 3, Reel 19",Operation Overlord (Subject Guide),444,ltr_airborne_opns_to_further_overlord_6_jul_01KQ7YKC2VS82T5JY5CKHV1VD7.json; eisenhower_to_12th_and_6th_a_gps_fwd_15934_26_sep_44_01KS8KB8C9SBZXEGPTWB77183B.json; cable_marshall_to_eisenhower_01KQ67WVV4MJDV63RH8TD5HFAD.json; eisenhower_to_ccs_01KSDGRV10GZTKJ5BTM867SEBR.json; directive_to_commanders_01KS3GDGP010HG4AN4MTHASHE7.json,0,
311 Signal Instructions for Neptune [156-380],https://www.eisenhowerlibrary.gov/sites/default/files/research/subject-guides/pdf/operation-overlord.pdf,,"GENERAL STAFF: Records, 1943-45 (microfilm) Box 3, Reel 19",Operation Overlord (Subject Guide),84,aeaf_memo_operation_neptune_employment_of_british_and_american_airborne_forces_01KPTC8QZK2WRT1GAKDP3T39M3.json; post_neptune_courses_of_action_after_capture_of_the_lodgment_area_main_objective_01KTC591RRKV0E26SXJF82RG1P.json; ps_shaef_44_21_final_01KQ5JK0W40R6E1JXPN413DZD6.json; shaef245003ops_01KPSMFGHRNK88TBM9RQYYHRJ2.json; sgs_shaef_file_381_post_overlord_plng_01KQ5JGMXRVZVMR9ATDF0W1753.json,0,
311 Bulky Package Overlord Sig Instructions [381-527],https://www.eisenhowerlibrary.gov/sites/default/files/research/subject-guides/pdf/operation-overlord.pdf,,"GENERAL STAFF: Records, 1943-45 (microfilm) Box 3, Reel 19",Operation Overlord (Subject Guide),444,ltr_airborne_opns_to_further_overlord_6_jul_01KQ7YKC2VS82T5JY5CKHV1VD7.json; eisenhower_to_12th_and_6th_a_gps_fwd_15934_26_sep_44_01KS8KB8C9SBZXEGPTWB77183B.json; cable_marshall_to_eisenhower_01KQ67WVV4MJDV63RH8TD5HFAD.json; eisenhower_to_ccs_01KSDGRV10GZTKJ5BTM867SEBR.json; directive_to_commanders_01KS3GDGP010HG4AN4MTHASHE7.json,0,
311 Bulky Package Neptune Sig Instructions Part I [528-720],https://www.eisenhowerlibrary.gov/sites/default/files/research/subject-guides/pdf/operation-overlord.pdf,,"GENERAL STAFF: Records, 1943-45 (microfilm) Box 3, Reel 19",Operation Overlord (Subject Guide),84,aeaf_memo_operation_neptune_employment_of_british_and_american_airborne_forces_01KPTC8QZK2WRT1GAKDP3T39M3.json; post_neptune_courses_of_action_after_capture_of_the_lodgment_area_main_objective_01KTC591RRKV0E26SXJF82RG1P.json; ps_shaef_44_21_final_01KQ5JK0W40R6E1JXPN413DZD6.json; shaef245003ops_01KPSMFGHRNK88TBM9RQYYHRJ2.json; sgs_shaef_file_381_post_overlord_plng_01KQ5JGMXRVZVMR9ATDF0W1753.json,0,
Overlord Sig Instructions Part IIB [721-799],https://www.eisenhowerlibrary.gov/sites/default/files/research/subject-guides/pdf/operation-overlord.pdf,,"GENERAL STAFF: Records, 1943-45 (microfilm) Box 3, Reel 19",Operation Overlord (Subject Guide),444,ltr_airborne_opns_to_further_overlord_6_jul_01KQ7YKC2VS82T5JY5CKHV1VD7.json; eisenhower_to_12th_and_6th_a_gps_fwd_15934_26_sep_44_01KS8KB8C9SBZXEGPTWB77183B.json; cable_marshall_to_eisenhower_01KQ67WVV4MJDV63RH8TD5HFAD.json; eisenhower_to_ccs_01KSDGRV10GZTKJ5BTM867SEBR.json; directive_to_commanders_01KS3GDGP010HG4AN4MTHASHE7.json,0,
Bulky Package Overlord Sig Instructions Part I [883-1107],https://www.eisenhowerlibrary.gov/sites/default/files/research/subject-guides/pdf/operation-overlord.pdf,,"GENERAL STAFF: Records, 1943-45 (microfilm) Box 3, Reel 19",Operation Overlord (Subject Guide),444,ltr_airborne_opns_to_further_overlord_6_jul_01KQ7YKC2VS82T5JY5CKHV1VD7.json; eisenhower_to_12th_and_6th_a_gps_fwd_15934_26_sep_44_01KS8KB8C9SBZXEGPTWB77183B.json; cable_marshall_to_eisenhower_01KQ67WVV4MJDV63RH8TD5HFAD.json; eisenhower_to_ccs_01KSDGRV10GZTKJ5BTM867SEBR.json; directive_to_commanders_01KS3GDGP010HG4AN4MTHASHE7.json,0,
319.1/13 Periodic OVERLORD Reports [683-808],https://www.eisenhowerlibrary.gov/sites/default/files/research/subject-guides/pdf/operation-overlord.pdf,,"GENERAL STAFF: Records, 1943-45 (microfilm) Box 3, Reel 19",Operation Overlord (Subject Guide),444,ltr_airborne_opns_to_further_overlord_6_jul_01KQ7YKC2VS82T5JY5CKHV1VD7.json; eisenhower_to_12th_and_6th_a_gps_fwd_15934_26_sep_44_01KS8KB8C9SBZXEGPTWB77183B.json; cable_marshall_to_eisenhower_01KQ67WVV4MJDV63RH8TD5HFAD.json; eisenhower_to_ccs_01KSDGRV10GZTKJ5BTM867SEBR.json; directive_to_commanders_01KS3GDGP010HG4AN4MTHASHE7.json,0,
322.011/1 Command and Control Operation OVERLORD [1317-1434],https://www.eisenhowerlibrary.gov/sites/default/files/research/subject-guides/pdf/operation-overlord.pdf,,"GENERAL STAFF: Records, 1943-45 (microfilm) Box 3, Reel 19",Operation Overlord (Subject Guide),444,ltr_airborne_opns_to_further_overlord_6_jul_01KQ7YKC2VS82T5JY5CKHV1VD7.json; eisenhower_to_12th_and_6th_a_gps_fwd_15934_26_sep_44_01KS8KB8C9SBZXEGPTWB77183B.json; cable_marshall_to_eisenhower_01KQ67WVV4MJDV63RH8TD5HFAD.json; eisenhower_to_ccs_01KSDGRV10GZTKJ5BTM867SEBR.json; directive_to_commanders_01KS3GDGP010HG4AN4MTHASHE7.json,0,
337/14 COSSAC Staff Conference [483-625],https://www.eisenhowerlibrary.gov/sites/default/files/research/subject-guides/pdf/operation-overlord.pdf,,"GENERAL STAFF: Records, 1943-45 (microfilm) Box 3, Reel 19",Operation Overlord (Subject Guide),70,12th_staff_meeting_01KQ65JA21HWHG2SSXJ1DX7XW4.json; letter_to_maj_gen_w_d_morgan_cofs_21_army_group_01KQ66BRG3WR1942WH384WB3Z2.json; provisional_organization_of_cossac_staff_01KQ65FQV9Z7N9QC54HZM5MBSG.json; opn_overlord_01KQ5PS12XXTAYQZEYAHD9WQ0F.json; shaef_files_01KPT5ZZHXV2BKAA6XTN2VREX8.json,0,
370.2/2 Vol. II Operations in Mediterranean in Support of Overlord,https://www.eisenhowerlibrary.gov/sites/default/files/research/subject-guides/pdf/operation-overlord.pdf,,"GENERAL STAFF: Records, 1943-45 (microfilm) Box 3, Reel 19",Operation Overlord (Subject Guide),444,ltr_airborne_opns_to_further_overlord_6_jul_01KQ7YKC2VS82T5JY5CKHV1VD7.json; eisenhower_to_12th_and_6th_a_gps_fwd_15934_26_sep_44_01KS8KB8C9SBZXEGPTWB77183B.json; cable_marshall_to_eisenhower_01KQ67WVV4MJDV63RH8TD5HFAD.json; eisenhower_to_ccs_01KSDGRV10GZTKJ5BTM867SEBR.json; directive_to_commanders_01KS3GDGP010HG4AN4MTHASHE7.json,0,
370.2/2 Vol. I Operations in Mediterranean in Support of Overlord [1-267],https://www.eisenhowerlibrary.gov/sites/default/files/research/subject-guides/pdf/operation-overlord.pdf,,"GENERAL STAFF: Records, 1943-45 (microfilm) Box 3, Reel 19",Operation Overlord (Subject Guide),444,ltr_airborne_opns_to_further_overlord_6_jul_01KQ7YKC2VS82T5JY5CKHV1VD7.json; eisenhower_to_12th_and_6th_a_gps_fwd_15934_26_sep_44_01KS8KB8C9SBZXEGPTWB77183B.json; cable_marshall_to_eisenhower_01KQ67WVV4MJDV63RH8TD5HFAD.json; eisenhower_to_ccs_01KSDGRV10GZTKJ5BTM867SEBR.json; directive_to_commanders_01KS3GDGP010HG4AN4MTHASHE7.json,0,
373/2 Vol. I Employment of Airborne Forces in Overlord [743-1102],https://www.eisenhowerlibrary.gov/sites/default/files/research/subject-guides/pdf/operation-overlord.pdf,,"GENERAL STAFF: Records, 1943-45 (microfilm) Box 3, Reel 19",Operation Overlord (Subject Guide),444,ltr_airborne_opns_to_further_overlord_6_jul_01KQ7YKC2VS82T5JY5CKHV1VD7.json; eisenhower_to_12th_and_6th_a_gps_fwd_15934_26_sep_44_01KS8KB8C9SBZXEGPTWB77183B.json; cable_marshall_to_eisenhower_01KQ67WVV4MJDV63RH8TD5HFAD.json; eisenhower_to_ccs_01KSDGRV10GZTKJ5BTM867SEBR.json; directive_to_commanders_01KS3GDGP010HG4AN4MTHASHE7.json,0,
381 Overlord Vol. IA Operation Overlord [535-804],https://www.eisenhowerlibrary.gov/sites/default/files/research/subject-guides/pdf/operation-overlord.pdf,,"GENERAL STAFF: Records, 1943-45 (microfilm) Box 4, Reel 30",Operation Overlord (Subject Guide),444,ltr_airborne_opns_to_further_overlord_6_jul_01KQ7YKC2VS82T5JY5CKHV1VD7.json; eisenhower_to_12th_and_6th_a_gps_fwd_15934_26_sep_44_01KS8KB8C9SBZXEGPTWB77183B.json; cable_marshall_to_eisenhower_01KQ67WVV4MJDV63RH8TD5HFAD.json; eisenhower_to_ccs_01KSDGRV10GZTKJ5BTM867SEBR.json; directive_to_commanders_01KS3GDGP010HG4AN4MTHASHE7.json,0,
381 Overlord Vol. I Operation overlord [816-1146],https://www.eisenhowerlibrary.gov/sites/default/files/research/subject-guides/pdf/operation-overlord.pdf,,"GENERAL STAFF: Records, 1943-45 (microfilm) Box 4, Reel 30",Operation Overlord (Subject Guide),444,ltr_airborne_opns_to_further_overlord_6_jul_01KQ7YKC2VS82T5JY5CKHV1VD7.json; eisenhower_to_12th_and_6th_a_gps_fwd_15934_26_sep_44_01KS8KB8C9SBZXEGPTWB77183B.json; cable_marshall_to_eisenhower_01KQ67WVV4MJDV63RH8TD5HFAD.json; eisenhower_to_ccs_01KSDGRV10GZTKJ5BTM867SEBR.json; directive_to_commanders_01KS3GDGP010HG4AN4MTHASHE7.json,0,
381/1 Overlord R and PW Outline Plan [1209-1498],https://www.eisenhowerlibrary.gov/sites/default/files/research/subject-guides/pdf/operation-overlord.pdf,,"GENERAL STAFF: Records, 1943-45 (microfilm) Box 4, Reel 30",Operation Overlord (Subject Guide),444,ltr_airborne_opns_to_further_overlord_6_jul_01KQ7YKC2VS82T5JY5CKHV1VD7.json; eisenhower_to_12th_and_6th_a_gps_fwd_15934_26_sep_44_01KS8KB8C9SBZXEGPTWB77183B.json; cable_marshall_to_eisenhower_01KQ67WVV4MJDV63RH8TD5HFAD.json; eisenhower_to_ccs_01KSDGRV10GZTKJ5BTM867SEBR.json; directive_to_commanders_01KS3GDGP010HG4AN4MTHASHE7.json,0,
381/2 Overlord Presentation of Overlord Plans [1-51],https://www.eisenhowerlibrary.gov/sites/default/files/research/subject-guides/pdf/operation-overlord.pdf,,"GENERAL STAFF: Records, 1943-45 (microfilm) Box 4, Reel 30",Operation Overlord (Subject Guide),444,ltr_airborne_opns_to_further_overlord_6_jul_01KQ7YKC2VS82T5JY5CKHV1VD7.json; eisenhower_to_12th_and_6th_a_gps_fwd_15934_26_sep_44_01KS8KB8C9SBZXEGPTWB77183B.json; cable_marshall_to_eisenhower_01KQ67WVV4MJDV63RH8TD5HFAD.json; eisenhower_to_ccs_01KSDGRV10GZTKJ5BTM867SEBR.json; directive_to_commanders_01KS3GDGP010HG4AN4MTHASHE7.json,0,
381/3 Overlord Joint Administrative Plan for Operation Overlord - Joint,https://www.eisenhowerlibrary.gov/sites/default/files/research/subject-guides/pdf/operation-overlord.pdf,,"GENERAL STAFF: Records, 1943-45 (microfilm) Box 4, Reel 30",Operation Overlord (Subject Guide),444,ltr_airborne_opns_to_further_overlord_6_jul_01KQ7YKC2VS82T5JY5CKHV1VD7.json; eisenhower_to_12th_and_6th_a_gps_fwd_15934_26_sep_44_01KS8KB8C9SBZXEGPTWB77183B.json; cable_marshall_to_eisenhower_01KQ67WVV4MJDV63RH8TD5HFAD.json; eisenhower_to_ccs_01KSDGRV10GZTKJ5BTM867SEBR.json; directive_to_commanders_01KS3GDGP010HG4AN4MTHASHE7.json,0,
Operation Plan for U.S. Forces - Operation Overlord [52-573],https://www.eisenhowerlibrary.gov/sites/default/files/research/subject-guides/pdf/operation-overlord.pdf,,"GENERAL STAFF: Records, 1943-45 (microfilm) Box 4, Reel 30",Operation Overlord (Subject Guide),444,ltr_airborne_opns_to_further_overlord_6_jul_01KQ7YKC2VS82T5JY5CKHV1VD7.json; eisenhower_to_12th_and_6th_a_gps_fwd_15934_26_sep_44_01KS8KB8C9SBZXEGPTWB77183B.json; cable_marshall_to_eisenhower_01KQ67WVV4MJDV63RH8TD5HFAD.json; eisenhower_to_ccs_01KSDGRV10GZTKJ5BTM867SEBR.json; directive_to_commanders_01KS3GDGP010HG4AN4MTHASHE7.json,0,
381/4 Overlord Outline of Plan for Operation Overlord [574-580],https://www.eisenhowerlibrary.gov/sites/default/files/research/subject-guides/pdf/operation-overlord.pdf,,"GENERAL STAFF: Records, 1943-45 (microfilm) Box 4, Reel 30",Operation Overlord (Subject Guide),444,ltr_airborne_opns_to_further_overlord_6_jul_01KQ7YKC2VS82T5JY5CKHV1VD7.json; eisenhower_to_12th_and_6th_a_gps_fwd_15934_26_sep_44_01KS8KB8C9SBZXEGPTWB77183B.json; cable_marshall_to_eisenhower_01KQ67WVV4MJDV63RH8TD5HFAD.json; eisenhower_to_ccs_01KSDGRV10GZTKJ5BTM867SEBR.json; directive_to_commanders_01KS3GDGP010HG4AN4MTHASHE7.json,0,
381/5 Overlord Operation Neptune - Overall Air Plan [581-747],https://www.eisenhowerlibrary.gov/sites/default/files/research/subject-guides/pdf/operation-overlord.pdf,,"GENERAL STAFF: Records, 1943-45 (microfilm) Box 4, Reel 30",Operation Overlord (Subject Guide),481,ltr_airborne_opns_to_further_overlord_6_jul_01KQ7YKC2VS82T5JY5CKHV1VD7.json; eisenhower_to_12th_and_6th_a_gps_fwd_15934_26_sep_44_01KS8KB8C9SBZXEGPTWB77183B.json; cable_marshall_to_eisenhower_01KQ67WVV4MJDV63RH8TD5HFAD.json; eisenhower_to_ccs_01KSDGRV10GZTKJ5BTM867SEBR.json; directive_to_commanders_01KS3GDGP010HG4AN4MTHASHE7.json,0,
381/9 Overlord Public Relations Plan - Overlord [748-809],https://www.eisenhowerlibrary.gov/sites/default/files/research/subject-guides/pdf/operation-overlord.pdf,,"GENERAL STAFF: Records, 1943-45 (microfilm) Box 4, Reel 30",Operation Overlord (Subject Guide),444,ltr_airborne_opns_to_further_overlord_6_jul_01KQ7YKC2VS82T5JY5CKHV1VD7.json; eisenhower_to_12th_and_6th_a_gps_fwd_15934_26_sep_44_01KS8KB8C9SBZXEGPTWB77183B.json; cable_marshall_to_eisenhower_01KQ67WVV4MJDV63RH8TD5HFAD.json; eisenhower_to_ccs_01KSDGRV10GZTKJ5BTM867SEBR.json; directive_to_commanders_01KS3GDGP010HG4AN4MTHASHE7.json,0,
381/11 Overlord Operation Neptune [810-815],https://www.eisenhowerlibrary.gov/sites/default/files/research/subject-guides/pdf/operation-overlord.pdf,,"GENERAL STAFF: Records, 1943-45 (microfilm) Box 4, Reel 30",Operation Overlord (Subject Guide),481,ltr_airborne_opns_to_further_overlord_6_jul_01KQ7YKC2VS82T5JY5CKHV1VD7.json; eisenhower_to_12th_and_6th_a_gps_fwd_15934_26_sep_44_01KS8KB8C9SBZXEGPTWB77183B.json; cable_marshall_to_eisenhower_01KQ67WVV4MJDV63RH8TD5HFAD.json; eisenhower_to_ccs_01KSDGRV10GZTKJ5BTM867SEBR.json; directive_to_commanders_01KS3GDGP010HG4AN4MTHASHE7.json,0,
381 France: French Participation in Overlord [1205-1261],https://www.eisenhowerlibrary.gov/sites/default/files/research/subject-guides/pdf/operation-overlord.pdf,,"GENERAL STAFF: Records, 1943-45 (microfilm) Box 6, Reel 52",Operation Overlord (Subject Guide),444,ltr_airborne_opns_to_further_overlord_6_jul_01KQ7YKC2VS82T5JY5CKHV1VD7.json; eisenhower_to_12th_and_6th_a_gps_fwd_15934_26_sep_44_01KS8KB8C9SBZXEGPTWB77183B.json; cable_marshall_to_eisenhower_01KQ67WVV4MJDV63RH8TD5HFAD.json; eisenhower_to_ccs_01KSDGRV10GZTKJ5BTM867SEBR.json; directive_to_commanders_01KS3GDGP010HG4AN4MTHASHE7.json,0,
16th Inf Regt History “Invasion of France” [380-432],https://www.eisenhowerlibrary.gov/sites/default/files/research/subject-guides/pdf/operation-overlord.pdf,,"GENERAL STAFF: Records, 1943-45 (microfilm) Box 29 , Reel 170",Operation Overlord (Subject Guide),77,research_and_analysis_to_fix_earliest_practicable_date_for_invasion_of_western_e_01KQ68N782VCFZMKQ83X27N773.json; fusa_psychological_warfare_division_letter_bombing_of_st_lô_4_july_1944_01KPT3M5NYB7DQ4YSJFBH6X5A8.json; report_to_bormann_01KPVC8N7XTH5Z99ABEPKZGJKB.json; ltr_gavin_to_maj_gen_paul_l_williams_01KT9TDCJFKZC6KYD6JRJBNY98.json; study_by_the_kdtr_dbef_eifel_und_saarpfalz_01KSEE8V21F0JGGX2V8E9P4EH4.json,0,
16th Inf Regt Invasion of France 6 June 1944 [610-633],https://www.eisenhowerlibrary.gov/sites/default/files/research/subject-guides/pdf/operation-overlord.pdf,,"GENERAL STAFF: Records, 1943-45 (microfilm) Box 29 , Reel 170",Operation Overlord (Subject Guide),77,research_and_analysis_to_fix_earliest_practicable_date_for_invasion_of_western_e_01KQ68N782VCFZMKQ83X27N773.json; fusa_psychological_warfare_division_letter_bombing_of_st_lô_4_july_1944_01KPT3M5NYB7DQ4YSJFBH6X5A8.json; report_to_bormann_01KPVC8N7XTH5Z99ABEPKZGJKB.json; ltr_gavin_to_maj_gen_paul_l_williams_01KT9TDCJFKZC6KYD6JRJBNY98.json; study_by_the_kdtr_dbef_eifel_und_saarpfalz_01KSEE8V21F0JGGX2V8E9P4EH4.json,0,
16th Inf Regt Operation Plan NEPTUNE June 1944 [37-52],https://www.eisenhowerlibrary.gov/sites/default/files/research/subject-guides/pdf/operation-overlord.pdf,,"GENERAL STAFF: Records, 1943-45 (microfilm) Box 29 , Reel 170",Operation Overlord (Subject Guide),84,aeaf_memo_operation_neptune_employment_of_british_and_american_airborne_forces_01KPTC8QZK2WRT1GAKDP3T39M3.json; post_neptune_courses_of_action_after_capture_of_the_lodgment_area_main_objective_01KTC591RRKV0E26SXJF82RG1P.json; ps_shaef_44_21_final_01KQ5JK0W40R6E1JXPN413DZD6.json; shaef245003ops_01KPSMFGHRNK88TBM9RQYYHRJ2.json; sgs_shaef_file_381_post_overlord_plng_01KQ5JGMXRVZVMR9ATDF0W1753.json,0,
"16th Inf Regt Lessons Learned Operations FOX, FABIUS I & NEPTUNE",https://www.eisenhowerlibrary.gov/sites/default/files/research/subject-guides/pdf/operation-overlord.pdf,,"GENERAL STAFF: Records, 1943-45 (microfilm) Box 29 , Reel 170",Operation Overlord (Subject Guide),84,aeaf_memo_operation_neptune_employment_of_british_and_american_airborne_forces_01KPTC8QZK2WRT1GAKDP3T39M3.json; post_neptune_courses_of_action_after_capture_of_the_lodgment_area_main_objective_01KTC591RRKV0E26SXJF82RG1P.json; ps_shaef_44_21_final_01KQ5JK0W40R6E1JXPN413DZD6.json; shaef245003ops_01KPSMFGHRNK88TBM9RQYYHRJ2.json; sgs_shaef_file_381_post_overlord_plng_01KQ5JGMXRVZVMR9ATDF0W1753.json,0,
NEPTUNE June-July 1944 [277-305],https://www.eisenhowerlibrary.gov/sites/default/files/research/subject-guides/pdf/operation-overlord.pdf,,"GENERAL STAFF: Records, 1943-45 (microfilm) Box 29 , Reel 170",Operation Overlord (Subject Guide),84,aeaf_memo_operation_neptune_employment_of_british_and_american_airborne_forces_01KPTC8QZK2WRT1GAKDP3T39M3.json; post_neptune_courses_of_action_after_capture_of_the_lodgment_area_main_objective_01KTC591RRKV0E26SXJF82RG1P.json; ps_shaef_44_21_final_01KQ5JK0W40R6E1JXPN413DZD6.json; shaef245003ops_01KPSMFGHRNK88TBM9RQYYHRJ2.json; sgs_shaef_file_381_post_overlord_plng_01KQ5JGMXRVZVMR9ATDF0W1753.json,0,
Operations Map Advance from Utah Beach to the Siegfried Line 6 June14 Dec. 1944,https://www.eisenhowerlibrary.gov/sites/default/files/research/subject-guides/pdf/operation-overlord.pdf,,"GENERAL STAFF: Records, 1943-45 (microfilm) Box 1, Reel 2",Operation Overlord (Subject Guide),17,aeaf_memo_operation_neptune_employment_of_british_and_american_airborne_forces_01KPTC8QZK2WRT1GAKDP3T39M3.json; amendment_i_to_fusa_plan_01KPTAME05WBVCCETJD1BBQTAQ.json; combat_intervs_01KQ638WTAZN0NQR1HFM9PCCGA.json; combat_interviews_82d_abn_and_4th_inf_divs_01KQ6399W4K7QNM8G8S38S0G72.json; utah_beach_to_cherbourg_01KPT1SQKS4R97TH0JPBKZZKHT.json,0,
Special Operation Report The Invasion of France May-June 1944,https://www.eisenhowerlibrary.gov/sites/default/files/research/subject-guides/pdf/operation-overlord.pdf,,"GENERAL STAFF: Records, 1943-45 (microfilm) Box 1, Reel 2",Operation Overlord (Subject Guide),77,research_and_analysis_to_fix_earliest_practicable_date_for_invasion_of_western_e_01KQ68N782VCFZMKQ83X27N773.json; fusa_psychological_warfare_division_letter_bombing_of_st_lô_4_july_1944_01KPT3M5NYB7DQ4YSJFBH6X5A8.json; report_to_bormann_01KPVC8N7XTH5Z99ABEPKZGJKB.json; ltr_gavin_to_maj_gen_paul_l_williams_01KT9TDCJFKZC6KYD6JRJBNY98.json; study_by_the_kdtr_dbef_eifel_und_saarpfalz_01KSEE8V21F0JGGX2V8E9P4EH4.json,0,
"12thInf Regt History of Operations Invasion of France, Battle of",https://www.eisenhowerlibrary.gov/sites/default/files/research/subject-guides/pdf/operation-overlord.pdf,,"GENERAL STAFF: Records, 1943-45 (microfilm) Box 20, Reel 115",Operation Overlord (Subject Guide),77,research_and_analysis_to_fix_earliest_practicable_date_for_invasion_of_western_e_01KQ68N782VCFZMKQ83X27N773.json; fusa_psychological_warfare_division_letter_bombing_of_st_lô_4_july_1944_01KPT3M5NYB7DQ4YSJFBH6X5A8.json; report_to_bormann_01KPVC8N7XTH5Z99ABEPKZGJKB.json; ltr_gavin_to_maj_gen_paul_l_williams_01KT9TDCJFKZC6KYD6JRJBNY98.json; study_by_the_kdtr_dbef_eifel_und_saarpfalz_01KSEE8V21F0JGGX2V8E9P4EH4.json,0,
Operations Report Operation Neptune 6 June-8 July 1944,https://www.eisenhowerlibrary.gov/sites/default/files/research/subject-guides/pdf/operation-overlord.pdf,,"GENERAL STAFF: Records, 1943-45 (microfilm) Box 1, Reel 1",Operation Overlord (Subject Guide),84,aeaf_memo_operation_neptune_employment_of_british_and_american_airborne_forces_01KPTC8QZK2WRT1GAKDP3T39M3.json; post_neptune_courses_of_action_after_capture_of_the_lodgment_area_main_objective_01KTC591RRKV0E26SXJF82RG1P.json; ps_shaef_44_21_final_01KQ5JK0W40R6E1JXPN413DZD6.json; shaef245003ops_01KPSMFGHRNK88TBM9RQYYHRJ2.json; sgs_shaef_file_381_post_overlord_plng_01KQ5JGMXRVZVMR9ATDF0W1753.json,0,
"Operation Neptune Action in Normandy, France 6 June-8 July 1945",https://www.eisenhowerlibrary.gov/sites/default/files/research/subject-guides/pdf/operation-overlord.pdf,,"GENERAL STAFF: Records, 1943-45 (microfilm) Box 1, Reel 1",Operation Overlord (Subject Guide),182,intentions_second_british_army_and_first_canadian_army_19_20_21_and_23_aug_01KPSY97B5VKNJH2NEGVKBPSG4.json; aeaf_memo_operation_neptune_employment_of_british_and_american_airborne_forces_01KPTC8QZK2WRT1GAKDP3T39M3.json; remarks_on_90th_division_performance_01KPVBW7KQV6MJXCSZTQY9T04M.json; post_neptune_courses_of_action_after_capture_of_the_lodgment_area_main_objective_01KTC591RRKV0E26SXJF82RG1P.json; 12th_army_group_report_of_operations_01KQ96PXTQTFRRHS5P9CD6ESEA.json,0,
Statements & Letters Relative to Incidents in Normandy Campaign,https://www.eisenhowerlibrary.gov/sites/default/files/research/subject-guides/pdf/operation-overlord.pdf,,"GENERAL STAFF: Records, 1943-45 (microfilm) Box 1, Reel 1",Operation Overlord (Subject Guide),106,intentions_second_british_army_and_first_canadian_army_19_20_21_and_23_aug_01KPSY97B5VKNJH2NEGVKBPSG4.json; remarks_on_90th_division_performance_01KPVBW7KQV6MJXCSZTQY9T04M.json; 12th_army_group_report_of_operations_01KQ96PXTQTFRRHS5P9CD6ESEA.json; fusa_psychological_warfare_division_letter_bombing_of_st_lô_4_july_1944_01KPT3M5NYB7DQ4YSJFBH6X5A8.json; 8th_div_g_3_jnl_entry_0815_30_jul_01KPT49DTXK4E1DS904FFQ8BVE.json,0,
G-2 Journal & Message File Operation Neptune 6-12 June 1944,https://www.eisenhowerlibrary.gov/sites/default/files/research/subject-guides/pdf/operation-overlord.pdf,,"GENERAL STAFF: Records, 1943-45 (microfilm) Box 2, Reel 8",Operation Overlord (Subject Guide),84,aeaf_memo_operation_neptune_employment_of_british_and_american_airborne_forces_01KPTC8QZK2WRT1GAKDP3T39M3.json; post_neptune_courses_of_action_after_capture_of_the_lodgment_area_main_objective_01KTC591RRKV0E26SXJF82RG1P.json; ps_shaef_44_21_final_01KQ5JK0W40R6E1JXPN413DZD6.json; shaef245003ops_01KPSMFGHRNK88TBM9RQYYHRJ2.json; sgs_shaef_file_381_post_overlord_plng_01KQ5JGMXRVZVMR9ATDF0W1753.json,0,
G-2 Journal & Message File Operation Neptune 13-16 June 1944,https://www.eisenhowerlibrary.gov/sites/default/files/research/subject-guides/pdf/operation-overlord.pdf,,"GENERAL STAFF: Records, 1943-45 (microfilm) Box 2, Reel 8",Operation Overlord (Subject Guide),84,aeaf_memo_operation_neptune_employment_of_british_and_american_airborne_forces_01KPTC8QZK2WRT1GAKDP3T39M3.json; post_neptune_courses_of_action_after_capture_of_the_lodgment_area_main_objective_01KTC591RRKV0E26SXJF82RG1P.json; ps_shaef_44_21_final_01KQ5JK0W40R6E1JXPN413DZD6.json; shaef245003ops_01KPSMFGHRNK88TBM9RQYYHRJ2.json; sgs_shaef_file_381_post_overlord_plng_01KQ5JGMXRVZVMR9ATDF0W1753.json,0,
G-2 Journal & Message File Operation Neptune 17-19 June 1944,https://www.eisenhowerlibrary.gov/sites/default/files/research/subject-guides/pdf/operation-overlord.pdf,,"GENERAL STAFF: Records, 1943-45 (microfilm) Box 2, Reel 8",Operation Overlord (Subject Guide),84,aeaf_memo_operation_neptune_employment_of_british_and_american_airborne_forces_01KPTC8QZK2WRT1GAKDP3T39M3.json; post_neptune_courses_of_action_after_capture_of_the_lodgment_area_main_objective_01KTC591RRKV0E26SXJF82RG1P.json; ps_shaef_44_21_final_01KQ5JK0W40R6E1JXPN413DZD6.json; shaef245003ops_01KPSMFGHRNK88TBM9RQYYHRJ2.json; sgs_shaef_file_381_post_overlord_plng_01KQ5JGMXRVZVMR9ATDF0W1753.json,0,
G-2 Journal & Message File Operation Neptune 20-22 June 1944,https://www.eisenhowerlibrary.gov/sites/default/files/research/subject-guides/pdf/operation-overlord.pdf,,"GENERAL STAFF: Records, 1943-45 (microfilm) Box 2, Reel 8",Operation Overlord (Subject Guide),84,aeaf_memo_operation_neptune_employment_of_british_and_american_airborne_forces_01KPTC8QZK2WRT1GAKDP3T39M3.json; post_neptune_courses_of_action_after_capture_of_the_lodgment_area_main_objective_01KTC591RRKV0E26SXJF82RG1P.json; ps_shaef_44_21_final_01KQ5JK0W40R6E1JXPN413DZD6.json; shaef245003ops_01KPSMFGHRNK88TBM9RQYYHRJ2.json; sgs_shaef_file_381_post_overlord_plng_01KQ5JGMXRVZVMR9ATDF0W1753.json,0,
G-2 Journal & Message File Operation Neptune 23-25 June 1944,https://www.eisenhowerlibrary.gov/sites/default/files/research/subject-guides/pdf/operation-overlord.pdf,,"GENERAL STAFF: Records, 1943-45 (microfilm) Box 2, Reel 8",Operation Overlord (Subject Guide),84,aeaf_memo_operation_neptune_employment_of_british_and_american_airborne_forces_01KPTC8QZK2WRT1GAKDP3T39M3.json; post_neptune_courses_of_action_after_capture_of_the_lodgment_area_main_objective_01KTC591RRKV0E26SXJF82RG1P.json; ps_shaef_44_21_final_01KQ5JK0W40R6E1JXPN413DZD6.json; shaef245003ops_01KPSMFGHRNK88TBM9RQYYHRJ2.json; sgs_shaef_file_381_post_overlord_plng_01KQ5JGMXRVZVMR9ATDF0W1753.json,0,
G-2 Journal & Message File Operation Neptune 26-28 June 1944,https://www.eisenhowerlibrary.gov/sites/default/files/research/subject-guides/pdf/operation-overlord.pdf,,"GENERAL STAFF: Records, 1943-45 (microfilm) Box 2, Reel 8",Operation Overlord (Subject Guide),84,aeaf_memo_operation_neptune_employment_of_british_and_american_airborne_forces_01KPTC8QZK2WRT1GAKDP3T39M3.json; post_neptune_courses_of_action_after_capture_of_the_lodgment_area_main_objective_01KTC591RRKV0E26SXJF82RG1P.json; ps_shaef_44_21_final_01KQ5JK0W40R6E1JXPN413DZD6.json; shaef245003ops_01KPSMFGHRNK88TBM9RQYYHRJ2.json; sgs_shaef_file_381_post_overlord_plng_01KQ5JGMXRVZVMR9ATDF0W1753.json,0,
G-2 Journal & Message File Operation Neptune 29 June-2 July 1944,https://www.eisenhowerlibrary.gov/sites/default/files/research/subject-guides/pdf/operation-overlord.pdf,,"GENERAL STAFF: Records, 1943-45 (microfilm) Box 2, Reel 8",Operation Overlord (Subject Guide),84,aeaf_memo_operation_neptune_employment_of_british_and_american_airborne_forces_01KPTC8QZK2WRT1GAKDP3T39M3.json; post_neptune_courses_of_action_after_capture_of_the_lodgment_area_main_objective_01KTC591RRKV0E26SXJF82RG1P.json; ps_shaef_44_21_final_01KQ5JK0W40R6E1JXPN413DZD6.json; shaef245003ops_01KPSMFGHRNK88TBM9RQYYHRJ2.json; sgs_shaef_file_381_post_overlord_plng_01KQ5JGMXRVZVMR9ATDF0W1753.json,0,
G-2 Journal & Message File Operation Neptune 3-5 July 1944,https://www.eisenhowerlibrary.gov/sites/default/files/research/subject-guides/pdf/operation-overlord.pdf,,"GENERAL STAFF: Records, 1943-45 (microfilm) Box 2, Reel 8",Operation Overlord (Subject Guide),84,aeaf_memo_operation_neptune_employment_of_british_and_american_airborne_forces_01KPTC8QZK2WRT1GAKDP3T39M3.json; post_neptune_courses_of_action_after_capture_of_the_lodgment_area_main_objective_01KTC591RRKV0E26SXJF82RG1P.json; ps_shaef_44_21_final_01KQ5JK0W40R6E1JXPN413DZD6.json; shaef245003ops_01KPSMFGHRNK88TBM9RQYYHRJ2.json; sgs_shaef_file_381_post_overlord_plng_01KQ5JGMXRVZVMR9ATDF0W1753.json,0,
G-2 Journal & Message File Operation Neptune 6-11 July 1944,https://www.eisenhowerlibrary.gov/sites/default/files/research/subject-guides/pdf/operation-overlord.pdf,,"GENERAL STAFF: Records, 1943-45 (microfilm) Box 2, Reel 8",Operation Overlord (Subject Guide),84,aeaf_memo_operation_neptune_employment_of_british_and_american_airborne_forces_01KPTC8QZK2WRT1GAKDP3T39M3.json; post_neptune_courses_of_action_after_capture_of_the_lodgment_area_main_objective_01KTC591RRKV0E26SXJF82RG1P.json; ps_shaef_44_21_final_01KQ5JK0W40R6E1JXPN413DZD6.json; shaef245003ops_01KPSMFGHRNK88TBM9RQYYHRJ2.json; sgs_shaef_file_381_post_overlord_plng_01KQ5JGMXRVZVMR9ATDF0W1753.json,0,
G-3 Periodic Reports Normandy 7 June-11 July 1944,https://www.eisenhowerlibrary.gov/sites/default/files/research/subject-guides/pdf/operation-overlord.pdf,,"GENERAL STAFF: Records, 1943-45 (microfilm) Box 4, Reel 22",Operation Overlord (Subject Guide),106,intentions_second_british_army_and_first_canadian_army_19_20_21_and_23_aug_01KPSY97B5VKNJH2NEGVKBPSG4.json; remarks_on_90th_division_performance_01KPVBW7KQV6MJXCSZTQY9T04M.json; 12th_army_group_report_of_operations_01KQ96PXTQTFRRHS5P9CD6ESEA.json; fusa_psychological_warfare_division_letter_bombing_of_st_lô_4_july_1944_01KPT3M5NYB7DQ4YSJFBH6X5A8.json; 8th_div_g_3_jnl_entry_0815_30_jul_01KPT49DTXK4E1DS904FFQ8BVE.json,0,
G-3 Journal Normandy 6 June-14 July 1944,https://www.eisenhowerlibrary.gov/sites/default/files/research/subject-guides/pdf/operation-overlord.pdf,,"GENERAL STAFF: Records, 1943-45 (microfilm) Box 6, Reel 31",Operation Overlord (Subject Guide),106,intentions_second_british_army_and_first_canadian_army_19_20_21_and_23_aug_01KPSY97B5VKNJH2NEGVKBPSG4.json; remarks_on_90th_division_performance_01KPVBW7KQV6MJXCSZTQY9T04M.json; 12th_army_group_report_of_operations_01KQ96PXTQTFRRHS5P9CD6ESEA.json; fusa_psychological_warfare_division_letter_bombing_of_st_lô_4_july_1944_01KPT3M5NYB7DQ4YSJFBH6X5A8.json; 8th_div_g_3_jnl_entry_0815_30_jul_01KPT49DTXK4E1DS904FFQ8BVE.json,0,
G-3 Message File Normandy 6-11 June 1944,https://www.eisenhowerlibrary.gov/sites/default/files/research/subject-guides/pdf/operation-overlord.pdf,,"GENERAL STAFF: Records, 1943-45 (microfilm) Box 6, Reel 31",Operation Overlord (Subject Guide),106,intentions_second_british_army_and_first_canadian_army_19_20_21_and_23_aug_01KPSY97B5VKNJH2NEGVKBPSG4.json; remarks_on_90th_division_performance_01KPVBW7KQV6MJXCSZTQY9T04M.json; 12th_army_group_report_of_operations_01KQ96PXTQTFRRHS5P9CD6ESEA.json; fusa_psychological_warfare_division_letter_bombing_of_st_lô_4_july_1944_01KPT3M5NYB7DQ4YSJFBH6X5A8.json; 8th_div_g_3_jnl_entry_0815_30_jul_01KPT49DTXK4E1DS904FFQ8BVE.json,0,
G-3 Message File Normandy 11-14 June 1944,https://www.eisenhowerlibrary.gov/sites/default/files/research/subject-guides/pdf/operation-overlord.pdf,,"GENERAL STAFF: Records, 1943-45 (microfilm) Box 6, Reel 31",Operation Overlord (Subject Guide),106,intentions_second_british_army_and_first_canadian_army_19_20_21_and_23_aug_01KPSY97B5VKNJH2NEGVKBPSG4.json; remarks_on_90th_division_performance_01KPVBW7KQV6MJXCSZTQY9T04M.json; 12th_army_group_report_of_operations_01KQ96PXTQTFRRHS5P9CD6ESEA.json; fusa_psychological_warfare_division_letter_bombing_of_st_lô_4_july_1944_01KPT3M5NYB7DQ4YSJFBH6X5A8.json; 8th_div_g_3_jnl_entry_0815_30_jul_01KPT49DTXK4E1DS904FFQ8BVE.json,0,
G-3 Message File Normandy 14-19 June 1944,https://www.eisenhowerlibrary.gov/sites/default/files/research/subject-guides/pdf/operation-overlord.pdf,,"GENERAL STAFF: Records, 1943-45 (microfilm) Box 6, Reel 31",Operation Overlord (Subject Guide),106,intentions_second_british_army_and_first_canadian_army_19_20_21_and_23_aug_01KPSY97B5VKNJH2NEGVKBPSG4.json; remarks_on_90th_division_performance_01KPVBW7KQV6MJXCSZTQY9T04M.json; 12th_army_group_report_of_operations_01KQ96PXTQTFRRHS5P9CD6ESEA.json; fusa_psychological_warfare_division_letter_bombing_of_st_lô_4_july_1944_01KPT3M5NYB7DQ4YSJFBH6X5A8.json; 8th_div_g_3_jnl_entry_0815_30_jul_01KPT49DTXK4E1DS904FFQ8BVE.json,0,
G-3 Message File Normandy 19-26 June 1944,https://www.eisenhowerlibrary.gov/sites/default/files/research/subject-guides/pdf/operation-overlord.pdf,,"GENERAL STAFF: Records, 1943-45 (microfilm) Box 6, Reel 31",Operation Overlord (Subject Guide),106,intentions_second_british_army_and_first_canadian_army_19_20_21_and_23_aug_01KPSY97B5VKNJH2NEGVKBPSG4.json; remarks_on_90th_division_performance_01KPVBW7KQV6MJXCSZTQY9T04M.json; 12th_army_group_report_of_operations_01KQ96PXTQTFRRHS5P9CD6ESEA.json; fusa_psychological_warfare_division_letter_bombing_of_st_lô_4_july_1944_01KPT3M5NYB7DQ4YSJFBH6X5A8.json; 8th_div_g_3_jnl_entry_0815_30_jul_01KPT49DTXK4E1DS904FFQ8BVE.json,0,
G-3 Message File Normandy 26 June-3 July 1944,https://www.eisenhowerlibrary.gov/sites/default/files/research/subject-guides/pdf/operation-overlord.pdf,,"GENERAL STAFF: Records, 1943-45 (microfilm) Box 6, Reel 31",Operation Overlord (Subject Guide),106,intentions_second_british_army_and_first_canadian_army_19_20_21_and_23_aug_01KPSY97B5VKNJH2NEGVKBPSG4.json; remarks_on_90th_division_performance_01KPVBW7KQV6MJXCSZTQY9T04M.json; 12th_army_group_report_of_operations_01KQ96PXTQTFRRHS5P9CD6ESEA.json; fusa_psychological_warfare_division_letter_bombing_of_st_lô_4_july_1944_01KPT3M5NYB7DQ4YSJFBH6X5A8.json; 8th_div_g_3_jnl_entry_0815_30_jul_01KPT49DTXK4E1DS904FFQ8BVE.json,0,
G-3 Message File Normandy 3-5 July 1944,https://www.eisenhowerlibrary.gov/sites/default/files/research/subject-guides/pdf/operation-overlord.pdf,,"GENERAL STAFF: Records, 1943-45 (microfilm) Box 6, Reel 31",Operation Overlord (Subject Guide),106,intentions_second_british_army_and_first_canadian_army_19_20_21_and_23_aug_01KPSY97B5VKNJH2NEGVKBPSG4.json; remarks_on_90th_division_performance_01KPVBW7KQV6MJXCSZTQY9T04M.json; 12th_army_group_report_of_operations_01KQ96PXTQTFRRHS5P9CD6ESEA.json; fusa_psychological_warfare_division_letter_bombing_of_st_lô_4_july_1944_01KPT3M5NYB7DQ4YSJFBH6X5A8.json; 8th_div_g_3_jnl_entry_0815_30_jul_01KPT49DTXK4E1DS904FFQ8BVE.json,0,
G-3 Message File Normandy 5-8 July 1944,https://www.eisenhowerlibrary.gov/sites/default/files/research/subject-guides/pdf/operation-overlord.pdf,,"GENERAL STAFF: Records, 1943-45 (microfilm) Box 6, Reel 31",Operation Overlord (Subject Guide),106,intentions_second_british_army_and_first_canadian_army_19_20_21_and_23_aug_01KPSY97B5VKNJH2NEGVKBPSG4.json; remarks_on_90th_division_performance_01KPVBW7KQV6MJXCSZTQY9T04M.json; 12th_army_group_report_of_operations_01KQ96PXTQTFRRHS5P9CD6ESEA.json; fusa_psychological_warfare_division_letter_bombing_of_st_lô_4_july_1944_01KPT3M5NYB7DQ4YSJFBH6X5A8.json; 8th_div_g_3_jnl_entry_0815_30_jul_01KPT49DTXK4E1DS904FFQ8BVE.json,0,
G-3 Message File Normandy 8-11 July 1944,https://www.eisenhowerlibrary.gov/sites/default/files/research/subject-guides/pdf/operation-overlord.pdf,,"GENERAL STAFF: Records, 1943-45 (microfilm) Box 6, Reel 31",Operation Overlord (Subject Guide),106,intentions_second_british_army_and_first_canadian_army_19_20_21_and_23_aug_01KPSY97B5VKNJH2NEGVKBPSG4.json; remarks_on_90th_division_performance_01KPVBW7KQV6MJXCSZTQY9T04M.json; 12th_army_group_report_of_operations_01KQ96PXTQTFRRHS5P9CD6ESEA.json; fusa_psychological_warfare_division_letter_bombing_of_st_lô_4_july_1944_01KPT3M5NYB7DQ4YSJFBH6X5A8.json; 8th_div_g_3_jnl_entry_0815_30_jul_01KPT49DTXK4E1DS904FFQ8BVE.json,0,
Field Order #6 (revised copy) Operation Neptune 28 May 1944,https://www.eisenhowerlibrary.gov/sites/default/files/research/subject-guides/pdf/operation-overlord.pdf,,"GENERAL STAFF: Records, 1943-45 (microfilm) Box 7, Reel 41",Operation Overlord (Subject Guide),84,aeaf_memo_operation_neptune_employment_of_british_and_american_airborne_forces_01KPTC8QZK2WRT1GAKDP3T39M3.json; post_neptune_courses_of_action_after_capture_of_the_lodgment_area_main_objective_01KTC591RRKV0E26SXJF82RG1P.json; ps_shaef_44_21_final_01KQ5JK0W40R6E1JXPN413DZD6.json; shaef245003ops_01KPSMFGHRNK88TBM9RQYYHRJ2.json; sgs_shaef_file_381_post_overlord_plng_01KQ5JGMXRVZVMR9ATDF0W1753.json,0,
G-4 Journal Operation Neptune 6 June-11 July 1944,https://www.eisenhowerlibrary.gov/sites/default/files/research/subject-guides/pdf/operation-overlord.pdf,,"GENERAL STAFF: Records, 1943-45 (microfilm) Box 7, Reel 41",Operation Overlord (Subject Guide),84,aeaf_memo_operation_neptune_employment_of_british_and_american_airborne_forces_01KPTC8QZK2WRT1GAKDP3T39M3.json; post_neptune_courses_of_action_after_capture_of_the_lodgment_area_main_objective_01KTC591RRKV0E26SXJF82RG1P.json; ps_shaef_44_21_final_01KQ5JK0W40R6E1JXPN413DZD6.json; shaef245003ops_01KPSMFGHRNK88TBM9RQYYHRJ2.json; sgs_shaef_file_381_post_overlord_plng_01KQ5JGMXRVZVMR9ATDF0W1753.json,0,
80th A/B AA Battalion History Normandy Operation 25 May-15 July 1944,https://www.eisenhowerlibrary.gov/sites/default/files/research/subject-guides/pdf/operation-overlord.pdf,,"GENERAL STAFF: Records, 1943-45 (microfilm) Box 8, Reel 44",Operation Overlord (Subject Guide),106,intentions_second_british_army_and_first_canadian_army_19_20_21_and_23_aug_01KPSY97B5VKNJH2NEGVKBPSG4.json; remarks_on_90th_division_performance_01KPVBW7KQV6MJXCSZTQY9T04M.json; 12th_army_group_report_of_operations_01KQ96PXTQTFRRHS5P9CD6ESEA.json; fusa_psychological_warfare_division_letter_bombing_of_st_lô_4_july_1944_01KPT3M5NYB7DQ4YSJFBH6X5A8.json; 8th_div_g_3_jnl_entry_0815_30_jul_01KPT49DTXK4E1DS904FFQ8BVE.json,0,
Artillery History Normandy Campaign 25 May-15 July 1944,https://www.eisenhowerlibrary.gov/sites/default/files/research/subject-guides/pdf/operation-overlord.pdf,,"GENERAL STAFF: Records, 1943-45 (microfilm) Box 8, Reel 44",Operation Overlord (Subject Guide),106,intentions_second_british_army_and_first_canadian_army_19_20_21_and_23_aug_01KPSY97B5VKNJH2NEGVKBPSG4.json; remarks_on_90th_division_performance_01KPVBW7KQV6MJXCSZTQY9T04M.json; 12th_army_group_report_of_operations_01KQ96PXTQTFRRHS5P9CD6ESEA.json; fusa_psychological_warfare_division_letter_bombing_of_st_lô_4_july_1944_01KPT3M5NYB7DQ4YSJFBH6X5A8.json; 8th_div_g_3_jnl_entry_0815_30_jul_01KPT49DTXK4E1DS904FFQ8BVE.json,0,
307th A/B Engr Bn Unit History Normandy Campaign 6 June15 July 1944,https://www.eisenhowerlibrary.gov/sites/default/files/research/subject-guides/pdf/operation-overlord.pdf,,"GENERAL STAFF: Records, 1943-45 (microfilm) Box 11, Reel 61",Operation Overlord (Subject Guide),106,intentions_second_british_army_and_first_canadian_army_19_20_21_and_23_aug_01KPSY97B5VKNJH2NEGVKBPSG4.json; remarks_on_90th_division_performance_01KPVBW7KQV6MJXCSZTQY9T04M.json; 12th_army_group_report_of_operations_01KQ96PXTQTFRRHS5P9CD6ESEA.json; fusa_psychological_warfare_division_letter_bombing_of_st_lô_4_july_1944_01KPT3M5NYB7DQ4YSJFBH6X5A8.json; 8th_div_g_3_jnl_entry_0815_30_jul_01KPT49DTXK4E1DS904FFQ8BVE.json,0,
319th Glider FA Bn Unit History Normandy Campaign 6 June-July 1944,https://www.eisenhowerlibrary.gov/sites/default/files/research/subject-guides/pdf/operation-overlord.pdf,,"GENERAL STAFF: Records, 1943-45 (microfilm) Box 11, Reel 61",Operation Overlord (Subject Guide),106,intentions_second_british_army_and_first_canadian_army_19_20_21_and_23_aug_01KPSY97B5VKNJH2NEGVKBPSG4.json; remarks_on_90th_division_performance_01KPVBW7KQV6MJXCSZTQY9T04M.json; 12th_army_group_report_of_operations_01KQ96PXTQTFRRHS5P9CD6ESEA.json; fusa_psychological_warfare_division_letter_bombing_of_st_lô_4_july_1944_01KPT3M5NYB7DQ4YSJFBH6X5A8.json; 8th_div_g_3_jnl_entry_0815_30_jul_01KPT49DTXK4E1DS904FFQ8BVE.json,0,
320th Glider FA Bn Unit History Normandy Campaign 6 June-11,https://www.eisenhowerlibrary.gov/sites/default/files/research/subject-guides/pdf/operation-overlord.pdf,,"GENERAL STAFF: Records, 1943-45 (microfilm) Box 11, Reel 61",Operation Overlord (Subject Guide),106,intentions_second_british_army_and_first_canadian_army_19_20_21_and_23_aug_01KPSY97B5VKNJH2NEGVKBPSG4.json; remarks_on_90th_division_performance_01KPVBW7KQV6MJXCSZTQY9T04M.json; 12th_army_group_report_of_operations_01KQ96PXTQTFRRHS5P9CD6ESEA.json; fusa_psychological_warfare_division_letter_bombing_of_st_lô_4_july_1944_01KPT3M5NYB7DQ4YSJFBH6X5A8.json; 8th_div_g_3_jnl_entry_0815_30_jul_01KPT49DTXK4E1DS904FFQ8BVE.json,0,
HQ & HQ Co Unit History Operation Neptune 5 June-14 July 1944,https://www.eisenhowerlibrary.gov/sites/default/files/research/subject-guides/pdf/operation-overlord.pdf,,"GENERAL STAFF: Records, 1943-45 (microfilm) Box 11, Reel 61",Operation Overlord (Subject Guide),84,aeaf_memo_operation_neptune_employment_of_british_and_american_airborne_forces_01KPTC8QZK2WRT1GAKDP3T39M3.json; post_neptune_courses_of_action_after_capture_of_the_lodgment_area_main_objective_01KTC591RRKV0E26SXJF82RG1P.json; ps_shaef_44_21_final_01KQ5JK0W40R6E1JXPN413DZD6.json; shaef245003ops_01KPSMFGHRNK88TBM9RQYYHRJ2.json; sgs_shaef_file_381_post_overlord_plng_01KQ5JGMXRVZVMR9ATDF0W1753.json,0,
325th Glider Inf Regt Graphic Overlay Maneuver of Elements Normandy,https://www.eisenhowerlibrary.gov/sites/default/files/research/subject-guides/pdf/operation-overlord.pdf,,"GENERAL STAFF: Records, 1943-45 (microfilm) Box 11, Reel 61",Operation Overlord (Subject Guide),106,intentions_second_british_army_and_first_canadian_army_19_20_21_and_23_aug_01KPSY97B5VKNJH2NEGVKBPSG4.json; remarks_on_90th_division_performance_01KPVBW7KQV6MJXCSZTQY9T04M.json; 12th_army_group_report_of_operations_01KQ96PXTQTFRRHS5P9CD6ESEA.json; fusa_psychological_warfare_division_letter_bombing_of_st_lô_4_july_1944_01KPT3M5NYB7DQ4YSJFBH6X5A8.json; 8th_div_g_3_jnl_entry_0815_30_jul_01KPT49DTXK4E1DS904FFQ8BVE.json,0,
325th Glider Inf Regt History Normandy Campaign 6 June-14 July 1944,https://www.eisenhowerlibrary.gov/sites/default/files/research/subject-guides/pdf/operation-overlord.pdf,,"GENERAL STAFF: Records, 1943-45 (microfilm) Box 11, Reel 61",Operation Overlord (Subject Guide),106,intentions_second_british_army_and_first_canadian_army_19_20_21_and_23_aug_01KPSY97B5VKNJH2NEGVKBPSG4.json; remarks_on_90th_division_performance_01KPVBW7KQV6MJXCSZTQY9T04M.json; 12th_army_group_report_of_operations_01KQ96PXTQTFRRHS5P9CD6ESEA.json; fusa_psychological_warfare_division_letter_bombing_of_st_lô_4_july_1944_01KPT3M5NYB7DQ4YSJFBH6X5A8.json; 8th_div_g_3_jnl_entry_0815_30_jul_01KPT49DTXK4E1DS904FFQ8BVE.json,0,
"325th Glider Inf Regt Field Order #1 (revised) Operation Neptune,",https://www.eisenhowerlibrary.gov/sites/default/files/research/subject-guides/pdf/operation-overlord.pdf,,"GENERAL STAFF: Records, 1943-45 (microfilm) Box 11, Reel 61",Operation Overlord (Subject Guide),84,aeaf_memo_operation_neptune_employment_of_british_and_american_airborne_forces_01KPTC8QZK2WRT1GAKDP3T39M3.json; post_neptune_courses_of_action_after_capture_of_the_lodgment_area_main_objective_01KTC591RRKV0E26SXJF82RG1P.json; ps_shaef_44_21_final_01KQ5JK0W40R6E1JXPN413DZD6.json; shaef245003ops_01KPSMFGHRNK88TBM9RQYYHRJ2.json; sgs_shaef_file_381_post_overlord_plng_01KQ5JGMXRVZVMR9ATDF0W1753.json,0,
"325th Glider Inf Regt Field Orders #2-4 Normandy Campaign,",https://www.eisenhowerlibrary.gov/sites/default/files/research/subject-guides/pdf/operation-overlord.pdf,,"GENERAL STAFF: Records, 1943-45 (microfilm) Box 11, Reel 61",Operation Overlord (Subject Guide),106,intentions_second_british_army_and_first_canadian_army_19_20_21_and_23_aug_01KPSY97B5VKNJH2NEGVKBPSG4.json; remarks_on_90th_division_performance_01KPVBW7KQV6MJXCSZTQY9T04M.json; 12th_army_group_report_of_operations_01KQ96PXTQTFRRHS5P9CD6ESEA.json; fusa_psychological_warfare_division_letter_bombing_of_st_lô_4_july_1944_01KPT3M5NYB7DQ4YSJFBH6X5A8.json; 8th_div_g_3_jnl_entry_0815_30_jul_01KPT49DTXK4E1DS904FFQ8BVE.json,0,
505th Prcht Inf Regt Normandy Campaign 6 June-15 July 1944,https://www.eisenhowerlibrary.gov/sites/default/files/research/subject-guides/pdf/operation-overlord.pdf,,"GENERAL STAFF: Records, 1943-45 (microfilm) Box 11, Reel 61",Operation Overlord (Subject Guide),106,intentions_second_british_army_and_first_canadian_army_19_20_21_and_23_aug_01KPSY97B5VKNJH2NEGVKBPSG4.json; remarks_on_90th_division_performance_01KPVBW7KQV6MJXCSZTQY9T04M.json; 12th_army_group_report_of_operations_01KQ96PXTQTFRRHS5P9CD6ESEA.json; fusa_psychological_warfare_division_letter_bombing_of_st_lô_4_july_1944_01KPT3M5NYB7DQ4YSJFBH6X5A8.json; 8th_div_g_3_jnl_entry_0815_30_jul_01KPT49DTXK4E1DS904FFQ8BVE.json,0,
505th Prcht Inf Regt Field Order #1 Operation Neptune 28 May 1944,https://www.eisenhowerlibrary.gov/sites/default/files/research/subject-guides/pdf/operation-overlord.pdf,,"GENERAL STAFF: Records, 1943-45 (microfilm) Box 11, Reel 61",Operation Overlord (Subject Guide),84,aeaf_memo_operation_neptune_employment_of_british_and_american_airborne_forces_01KPTC8QZK2WRT1GAKDP3T39M3.json; post_neptune_courses_of_action_after_capture_of_the_lodgment_area_main_objective_01KTC591RRKV0E26SXJF82RG1P.json; ps_shaef_44_21_final_01KQ5JK0W40R6E1JXPN413DZD6.json; shaef245003ops_01KPSMFGHRNK88TBM9RQYYHRJ2.json; sgs_shaef_file_381_post_overlord_plng_01KQ5JGMXRVZVMR9ATDF0W1753.json,0,
505th Prcht Inf Regt 1st Bn Field Order #1 Operation Neptune,https://www.eisenhowerlibrary.gov/sites/default/files/research/subject-guides/pdf/operation-overlord.pdf,,"GENERAL STAFF: Records, 1943-45 (microfilm) Box 11, Reel 61",Operation Overlord (Subject Guide),84,aeaf_memo_operation_neptune_employment_of_british_and_american_airborne_forces_01KPTC8QZK2WRT1GAKDP3T39M3.json; post_neptune_courses_of_action_after_capture_of_the_lodgment_area_main_objective_01KTC591RRKV0E26SXJF82RG1P.json; ps_shaef_44_21_final_01KQ5JK0W40R6E1JXPN413DZD6.json; shaef245003ops_01KPSMFGHRNK88TBM9RQYYHRJ2.json; sgs_shaef_file_381_post_overlord_plng_01KQ5JGMXRVZVMR9ATDF0W1753.json,0,
Military Police Platoon Normandy Campaign 24 May-15 July 1944,https://www.eisenhowerlibrary.gov/sites/default/files/research/subject-guides/pdf/operation-overlord.pdf,,"GENERAL STAFF: Records, 1943-45 (microfilm) Box 11, Reel 61",Operation Overlord (Subject Guide),106,intentions_second_british_army_and_first_canadian_army_19_20_21_and_23_aug_01KPSY97B5VKNJH2NEGVKBPSG4.json; remarks_on_90th_division_performance_01KPVBW7KQV6MJXCSZTQY9T04M.json; 12th_army_group_report_of_operations_01KQ96PXTQTFRRHS5P9CD6ESEA.json; fusa_psychological_warfare_division_letter_bombing_of_st_lô_4_july_1944_01KPT3M5NYB7DQ4YSJFBH6X5A8.json; 8th_div_g_3_jnl_entry_0815_30_jul_01KPT49DTXK4E1DS904FFQ8BVE.json,0,
782nd A/B Ord Maint Co Operation Neptune 6 June-15 July 1944,https://www.eisenhowerlibrary.gov/sites/default/files/research/subject-guides/pdf/operation-overlord.pdf,,"GENERAL STAFF: Records, 1943-45 (microfilm) Box 11, Reel 61",Operation Overlord (Subject Guide),84,aeaf_memo_operation_neptune_employment_of_british_and_american_airborne_forces_01KPTC8QZK2WRT1GAKDP3T39M3.json; post_neptune_courses_of_action_after_capture_of_the_lodgment_area_main_objective_01KTC591RRKV0E26SXJF82RG1P.json; ps_shaef_44_21_final_01KQ5JK0W40R6E1JXPN413DZD6.json; shaef245003ops_01KPSMFGHRNK88TBM9RQYYHRJ2.json; sgs_shaef_file_381_post_overlord_plng_01KQ5JGMXRVZVMR9ATDF0W1753.json,0,
407th A/B QM Co History Operation Neptune 6 June-18 July 1944,https://www.eisenhowerlibrary.gov/sites/default/files/research/subject-guides/pdf/operation-overlord.pdf,,"GENERAL STAFF: Records, 1943-45 (microfilm) Box 11, Reel 61",Operation Overlord (Subject Guide),84,aeaf_memo_operation_neptune_employment_of_british_and_american_airborne_forces_01KPTC8QZK2WRT1GAKDP3T39M3.json; post_neptune_courses_of_action_after_capture_of_the_lodgment_area_main_objective_01KTC591RRKV0E26SXJF82RG1P.json; ps_shaef_44_21_final_01KQ5JK0W40R6E1JXPN413DZD6.json; shaef245003ops_01KPSMFGHRNK88TBM9RQYYHRJ2.json; sgs_shaef_file_381_post_overlord_plng_01KQ5JGMXRVZVMR9ATDF0W1753.json,0,
82nd A/B Signal Co Operations Report Operation Neptune 6 June-15,https://www.eisenhowerlibrary.gov/sites/default/files/research/subject-guides/pdf/operation-overlord.pdf,,"GENERAL STAFF: Records, 1943-45 (microfilm) Box 11, Reel 61",Operation Overlord (Subject Guide),84,aeaf_memo_operation_neptune_employment_of_british_and_american_airborne_forces_01KPTC8QZK2WRT1GAKDP3T39M3.json; post_neptune_courses_of_action_after_capture_of_the_lodgment_area_main_objective_01KTC591RRKV0E26SXJF82RG1P.json; ps_shaef_44_21_final_01KQ5JK0W40R6E1JXPN413DZD6.json; shaef245003ops_01KPSMFGHRNK88TBM9RQYYHRJ2.json; sgs_shaef_file_381_post_overlord_plng_01KQ5JGMXRVZVMR9ATDF0W1753.json,0,
Study Number 22 Control of the Build-up of Troops in a Cross-Channel,https://www.eisenhowerlibrary.gov/sites/default/files/research/subject-guides/pdf/operation-overlord.pdf,,"GENERAL STAFF: Records, 1943-45 (microfilm) Box 3",Operation Overlord (Subject Guide),59,zustandberichte_ss_divisiones_jun_43_jul_44_01KPT230H7E4C5FV2C4H99W23H.json; hitler_versus_his_generals_in_the_west_01KPSYYDQ8RT3Q70Z85KR2N33A.json; rommel_to_rundstedt_01KPVPQH04ZA15DY7SN9TFYH8P.json; r_24_r_34_and_r_49_01KPT1K5PYMGCC2TJGZBN3971Q.json; agp_b_ktb_annex_52a_to_anlage_52_01KPSYY67VFX53M2AY0S3A8J2N.json,0,
"Amphibious Operation as Illustrated in OVERLORD, G-3 Section",https://www.eisenhowerlibrary.gov/sites/default/files/research/subject-guides/pdf/operation-overlord.pdf,,"GENERAL STAFF: Records, 1943-45 (microfilm) Box 3",Operation Overlord (Subject Guide),444,ltr_airborne_opns_to_further_overlord_6_jul_01KQ7YKC2VS82T5JY5CKHV1VD7.json; eisenhower_to_12th_and_6th_a_gps_fwd_15934_26_sep_44_01KS8KB8C9SBZXEGPTWB77183B.json; cable_marshall_to_eisenhower_01KQ67WVV4MJDV63RH8TD5HFAD.json; eisenhower_to_ccs_01KSDGRV10GZTKJ5BTM867SEBR.json; directive_to_commanders_01KS3GDGP010HG4AN4MTHASHE7.json,0,
"Study Number 129 Mounting the Operation “Overlord”, Theater Service",https://www.eisenhowerlibrary.gov/sites/default/files/research/subject-guides/pdf/operation-overlord.pdf,,"GENERAL STAFF: Records, 1943-45 (microfilm) Box 12",Operation Overlord (Subject Guide),444,ltr_airborne_opns_to_further_overlord_6_jul_01KQ7YKC2VS82T5JY5CKHV1VD7.json; eisenhower_to_12th_and_6th_a_gps_fwd_15934_26_sep_44_01KS8KB8C9SBZXEGPTWB77183B.json; cable_marshall_to_eisenhower_01KQ67WVV4MJDV63RH8TD5HFAD.json; eisenhower_to_ccs_01KSDGRV10GZTKJ5BTM867SEBR.json; directive_to_commanders_01KS3GDGP010HG4AN4MTHASHE7.json,0,
95. COSSAC (Chief of Staff to Supreme Allied Commander) [388-447],https://www.eisenhowerlibrary.gov/sites/default/files/research/subject-guides/pdf/operation-overlord.pdf,,"GENERAL STAFF: Records, 1943-45 (microfilm) Box 9, Reel 50",Operation Overlord (Subject Guide),70,12th_staff_meeting_01KQ65JA21HWHG2SSXJ1DX7XW4.json; letter_to_maj_gen_w_d_morgan_cofs_21_army_group_01KQ66BRG3WR1942WH384WB3Z2.json; provisional_organization_of_cossac_staff_01KQ65FQV9Z7N9QC54HZM5MBSG.json; opn_overlord_01KQ5PS12XXTAYQZEYAHD9WQ0F.json; shaef_files_01KPT5ZZHXV2BKAA6XTN2VREX8.json,0,
96. COSSAC – 1944 [diary for 1943;1942 meetings] [449-582],https://www.eisenhowerlibrary.gov/sites/default/files/research/subject-guides/pdf/operation-overlord.pdf,,"GENERAL STAFF: Records, 1943-45 (microfilm) Box 9, Reel 50",Operation Overlord (Subject Guide),70,12th_staff_meeting_01KQ65JA21HWHG2SSXJ1DX7XW4.json; letter_to_maj_gen_w_d_morgan_cofs_21_army_group_01KQ66BRG3WR1942WH384WB3Z2.json; provisional_organization_of_cossac_staff_01KQ65FQV9Z7N9QC54HZM5MBSG.json; opn_overlord_01KQ5PS12XXTAYQZEYAHD9WQ0F.json; shaef_files_01KPT5ZZHXV2BKAA6XTN2VREX8.json,0,
"116. Eisenhower, Dwight D., General [373-396]",https://www.eisenhowerlibrary.gov/sites/default/files/research/subject-guides/pdf/operation-overlord.pdf,,"GENERAL STAFF: Records, 1943-45 (microfilm) Box 9, Reel 50",Operation Overlord (Subject Guide),575,fwd_13765_4_sep_44_and_fwd_14764_14_sep_44_eisenhower_to_comdrs_01KTA7ZXY1QNG8X018BQR0CJJX.json; eisenhower_to_12th_and_6th_a_gps_fwd_15934_26_sep_44_01KS8KB8C9SBZXEGPTWB77183B.json; memo_sub_decisions_reached_at_supreme_commanders_conf_18_oct_44_dtd_22_oct_44_01KT7YPJS0YVYNHDJN1ZH7YWFX.json; cable_to_marshall_cpa_90255_01KQV0KE1ZVD8QZCNXVBXE8M7Q.json; cable_marshall_to_eisenhower_01KQ67WVV4MJDV63RH8TD5HFAD.json,0,
220. Neptune [896-1047],https://www.eisenhowerlibrary.gov/sites/default/files/research/subject-guides/pdf/operation-overlord.pdf,,"GENERAL STAFF: Records, 1943-45 (microfilm) Box 9, Reel 50",Operation Overlord (Subject Guide),84,aeaf_memo_operation_neptune_employment_of_british_and_american_airborne_forces_01KPTC8QZK2WRT1GAKDP3T39M3.json; post_neptune_courses_of_action_after_capture_of_the_lodgment_area_main_objective_01KTC591RRKV0E26SXJF82RG1P.json; ps_shaef_44_21_final_01KQ5JK0W40R6E1JXPN413DZD6.json; shaef245003ops_01KPSMFGHRNK88TBM9RQYYHRJ2.json; sgs_shaef_file_381_post_overlord_plng_01KQ5JGMXRVZVMR9ATDF0W1753.json,0,
359a. Utah Beach [211- 437],https://www.eisenhowerlibrary.gov/sites/default/files/research/subject-guides/pdf/operation-overlord.pdf,,"GENERAL STAFF: Records, 1943-45 (microfilm) Box 9, Reel 50",Operation Overlord (Subject Guide),17,aeaf_memo_operation_neptune_employment_of_british_and_american_airborne_forces_01KPTC8QZK2WRT1GAKDP3T39M3.json; amendment_i_to_fusa_plan_01KPTAME05WBVCCETJD1BBQTAQ.json; combat_intervs_01KQ638WTAZN0NQR1HFM9PCCGA.json; combat_interviews_82d_abn_and_4th_inf_divs_01KQ6399W4K7QNM8G8S38S0G72.json; utah_beach_to_cherbourg_01KPT1SQKS4R97TH0JPBKZZKHT.json,0,
376. Forward Echelon Communizations Zone for Neptune Annexes 1-7,https://www.eisenhowerlibrary.gov/sites/default/files/research/subject-guides/pdf/operation-overlord.pdf,,"GENERAL STAFF: Records, 1943-45 (microfilm) Box 9, Reel 50",Operation Overlord (Subject Guide),84,aeaf_memo_operation_neptune_employment_of_british_and_american_airborne_forces_01KPTC8QZK2WRT1GAKDP3T39M3.json; post_neptune_courses_of_action_after_capture_of_the_lodgment_area_main_objective_01KTC591RRKV0E26SXJF82RG1P.json; ps_shaef_44_21_final_01KQ5JK0W40R6E1JXPN413DZD6.json; shaef245003ops_01KPSMFGHRNK88TBM9RQYYHRJ2.json; sgs_shaef_file_381_post_overlord_plng_01KQ5JGMXRVZVMR9ATDF0W1753.json,0,
376a. Forward Echelon Communications Zone for Neptune Annexes 8-26,https://www.eisenhowerlibrary.gov/sites/default/files/research/subject-guides/pdf/operation-overlord.pdf,,"GENERAL STAFF: Records, 1943-45 (microfilm) Box 9, Reel 50",Operation Overlord (Subject Guide),84,aeaf_memo_operation_neptune_employment_of_british_and_american_airborne_forces_01KPTC8QZK2WRT1GAKDP3T39M3.json; post_neptune_courses_of_action_after_capture_of_the_lodgment_area_main_objective_01KTC591RRKV0E26SXJF82RG1P.json; ps_shaef_44_21_final_01KQ5JK0W40R6E1JXPN413DZD6.json; shaef245003ops_01KPSMFGHRNK88TBM9RQYYHRJ2.json; sgs_shaef_file_381_post_overlord_plng_01KQ5JGMXRVZVMR9ATDF0W1753.json,0,
Operation Overlord [393-453],https://www.eisenhowerlibrary.gov/sites/default/files/research/subject-guides/pdf/operation-overlord.pdf,,"GENERAL STAFF: Records, 1943-45 (microfilm) Box 9, Reel 50",Operation Overlord (Subject Guide),444,ltr_airborne_opns_to_further_overlord_6_jul_01KQ7YKC2VS82T5JY5CKHV1VD7.json; eisenhower_to_12th_and_6th_a_gps_fwd_15934_26_sep_44_01KS8KB8C9SBZXEGPTWB77183B.json; cable_marshall_to_eisenhower_01KQ67WVV4MJDV63RH8TD5HFAD.json; eisenhower_to_ccs_01KSDGRV10GZTKJ5BTM867SEBR.json; directive_to_commanders_01KS3GDGP010HG4AN4MTHASHE7.json,0,
493. Operation Neptune List of Documents and Historical Outline,https://www.eisenhowerlibrary.gov/sites/default/files/research/subject-guides/pdf/operation-overlord.pdf,,"GENERAL STAFF: Records, 1943-45 (microfilm) Box 14, Reel 80",Operation Overlord (Subject Guide),84,aeaf_memo_operation_neptune_employment_of_british_and_american_airborne_forces_01KPTC8QZK2WRT1GAKDP3T39M3.json; post_neptune_courses_of_action_after_capture_of_the_lodgment_area_main_objective_01KTC591RRKV0E26SXJF82RG1P.json; ps_shaef_44_21_final_01KQ5JK0W40R6E1JXPN413DZD6.json; shaef245003ops_01KPSMFGHRNK88TBM9RQYYHRJ2.json; sgs_shaef_file_381_post_overlord_plng_01KQ5JGMXRVZVMR9ATDF0W1753.json,0,
493a. Operation Neptune Communications – Signal [461-605],https://www.eisenhowerlibrary.gov/sites/default/files/research/subject-guides/pdf/operation-overlord.pdf,,"GENERAL STAFF: Records, 1943-45 (microfilm) Box 14, Reel 80",Operation Overlord (Subject Guide),84,aeaf_memo_operation_neptune_employment_of_british_and_american_airborne_forces_01KPTC8QZK2WRT1GAKDP3T39M3.json; post_neptune_courses_of_action_after_capture_of_the_lodgment_area_main_objective_01KTC591RRKV0E26SXJF82RG1P.json; ps_shaef_44_21_final_01KQ5JK0W40R6E1JXPN413DZD6.json; shaef245003ops_01KPSMFGHRNK88TBM9RQYYHRJ2.json; sgs_shaef_file_381_post_overlord_plng_01KQ5JGMXRVZVMR9ATDF0W1753.json,0,
493b. Operation Neptune Engineer Combat Battalions – Reports,https://www.eisenhowerlibrary.gov/sites/default/files/research/subject-guides/pdf/operation-overlord.pdf,,"GENERAL STAFF: Records, 1943-45 (microfilm) Box 14, Reel 80",Operation Overlord (Subject Guide),84,aeaf_memo_operation_neptune_employment_of_british_and_american_airborne_forces_01KPTC8QZK2WRT1GAKDP3T39M3.json; post_neptune_courses_of_action_after_capture_of_the_lodgment_area_main_objective_01KTC591RRKV0E26SXJF82RG1P.json; ps_shaef_44_21_final_01KQ5JK0W40R6E1JXPN413DZD6.json; shaef245003ops_01KPSMFGHRNK88TBM9RQYYHRJ2.json; sgs_shaef_file_381_post_overlord_plng_01KQ5JGMXRVZVMR9ATDF0W1753.json,0,
493c. Operation Neptune Group Headquarters [835-894],https://www.eisenhowerlibrary.gov/sites/default/files/research/subject-guides/pdf/operation-overlord.pdf,,"GENERAL STAFF: Records, 1943-45 (microfilm) Box 14, Reel 80",Operation Overlord (Subject Guide),84,aeaf_memo_operation_neptune_employment_of_british_and_american_airborne_forces_01KPTC8QZK2WRT1GAKDP3T39M3.json; post_neptune_courses_of_action_after_capture_of_the_lodgment_area_main_objective_01KTC591RRKV0E26SXJF82RG1P.json; ps_shaef_44_21_final_01KQ5JK0W40R6E1JXPN413DZD6.json; shaef245003ops_01KPSMFGHRNK88TBM9RQYYHRJ2.json; sgs_shaef_file_381_post_overlord_plng_01KQ5JGMXRVZVMR9ATDF0W1753.json,0,
"493e. Operation Neptune Historical Notes, Provisional Engineer",https://www.eisenhowerlibrary.gov/sites/default/files/research/subject-guides/pdf/operation-overlord.pdf,,"GENERAL STAFF: Records, 1943-45 (microfilm) Box 14, Reel 80",Operation Overlord (Subject Guide),84,aeaf_memo_operation_neptune_employment_of_british_and_american_airborne_forces_01KPTC8QZK2WRT1GAKDP3T39M3.json; post_neptune_courses_of_action_after_capture_of_the_lodgment_area_main_objective_01KTC591RRKV0E26SXJF82RG1P.json; ps_shaef_44_21_final_01KQ5JK0W40R6E1JXPN413DZD6.json; shaef245003ops_01KPSMFGHRNK88TBM9RQYYHRJ2.json; sgs_shaef_file_381_post_overlord_plng_01KQ5JGMXRVZVMR9ATDF0W1753.json,0,
"493f. Operation Neptune Monograph, Provisional Engineer Speical",https://www.eisenhowerlibrary.gov/sites/default/files/research/subject-guides/pdf/operation-overlord.pdf,,"GENERAL STAFF: Records, 1943-45 (microfilm) Box 14, Reel 80",Operation Overlord (Subject Guide),84,aeaf_memo_operation_neptune_employment_of_british_and_american_airborne_forces_01KPTC8QZK2WRT1GAKDP3T39M3.json; post_neptune_courses_of_action_after_capture_of_the_lodgment_area_main_objective_01KTC591RRKV0E26SXJF82RG1P.json; ps_shaef_44_21_final_01KQ5JK0W40R6E1JXPN413DZD6.json; shaef245003ops_01KPSMFGHRNK88TBM9RQYYHRJ2.json; sgs_shaef_file_381_post_overlord_plng_01KQ5JGMXRVZVMR9ATDF0W1753.json,0,
582d. Transportation Corps Vol. III History Invasion Apr-June 1944 [678904],https://www.eisenhowerlibrary.gov/sites/default/files/research/subject-guides/pdf/operation-overlord.pdf,,"GENERAL STAFF: Records, 1943-45 (microfilm) Box 19, Reel 114",Operation Overlord (Subject Guide),77,research_and_analysis_to_fix_earliest_practicable_date_for_invasion_of_western_e_01KQ68N782VCFZMKQ83X27N773.json; fusa_psychological_warfare_division_letter_bombing_of_st_lô_4_july_1944_01KPT3M5NYB7DQ4YSJFBH6X5A8.json; report_to_bormann_01KPVC8N7XTH5Z99ABEPKZGJKB.json; ltr_gavin_to_maj_gen_paul_l_williams_01KT9TDCJFKZC6KYD6JRJBNY98.json; study_by_the_kdtr_dbef_eifel_und_saarpfalz_01KSEE8V21F0JGGX2V8E9P4EH4.json,0,
[82nd /101st Airborne Divisions in Normandy] [1-105],https://www.eisenhowerlibrary.gov/sites/default/files/research/subject-guides/pdf/operation-overlord.pdf,,"GENERAL STAFF: Records, 1943-45 (microfilm) Box 23, Reel 138",Operation Overlord (Subject Guide),106,intentions_second_british_army_and_first_canadian_army_19_20_21_and_23_aug_01KPSY97B5VKNJH2NEGVKBPSG4.json; remarks_on_90th_division_performance_01KPVBW7KQV6MJXCSZTQY9T04M.json; 12th_army_group_report_of_operations_01KQ96PXTQTFRRHS5P9CD6ESEA.json; fusa_psychological_warfare_division_letter_bombing_of_st_lô_4_july_1944_01KPT3M5NYB7DQ4YSJFBH6X5A8.json; 8th_div_g_3_jnl_entry_0815_30_jul_01KPT49DTXK4E1DS904FFQ8BVE.json,0,
"609d. Numbered Regimental Studies #5, Normandy [354-452]",https://www.eisenhowerlibrary.gov/sites/default/files/research/subject-guides/pdf/operation-overlord.pdf,,"GENERAL STAFF: Records, 1943-45 (microfilm) Box 23, Reel 138",Operation Overlord (Subject Guide),106,intentions_second_british_army_and_first_canadian_army_19_20_21_and_23_aug_01KPSY97B5VKNJH2NEGVKBPSG4.json; remarks_on_90th_division_performance_01KPVBW7KQV6MJXCSZTQY9T04M.json; 12th_army_group_report_of_operations_01KQ96PXTQTFRRHS5P9CD6ESEA.json; fusa_psychological_warfare_division_letter_bombing_of_st_lô_4_july_1944_01KPT3M5NYB7DQ4YSJFBH6X5A8.json; 8th_div_g_3_jnl_entry_0815_30_jul_01KPT49DTXK4E1DS904FFQ8BVE.json,0,
"Part VI Neptune: Training for and Mounting the Operation, and the",https://www.eisenhowerlibrary.gov/sites/default/files/research/subject-guides/pdf/operation-overlord.pdf,,"GENERAL STAFF: Records, 1943-45 (microfilm) Box 1, Reel 10",Operation Overlord (Subject Guide),84,aeaf_memo_operation_neptune_employment_of_british_and_american_airborne_forces_01KPTC8QZK2WRT1GAKDP3T39M3.json; post_neptune_courses_of_action_after_capture_of_the_lodgment_area_main_objective_01KTC591RRKV0E26SXJF82RG1P.json; ps_shaef_44_21_final_01KQ5JK0W40R6E1JXPN413DZD6.json; shaef245003ops_01KPSMFGHRNK88TBM9RQYYHRJ2.json; sgs_shaef_file_381_post_overlord_plng_01KQ5JGMXRVZVMR9ATDF0W1753.json,0,
"Although the invasion began on June 6, 1944 additional forces were added to Operation Overlord",https://www.eisenhowerlibrary.gov/sites/default/files/research/subject-guides/pdf/operation-overlord.pdf,,"GENERAL STAFF: Records, 1943-45 (microfilm) Box 1, Reel 10",Operation Overlord (Subject Guide),520,ltr_airborne_opns_to_further_overlord_6_jul_01KQ7YKC2VS82T5JY5CKHV1VD7.json; eisenhower_to_12th_and_6th_a_gps_fwd_15934_26_sep_44_01KS8KB8C9SBZXEGPTWB77183B.json; cable_marshall_to_eisenhower_01KQ67WVV4MJDV63RH8TD5HFAD.json; eisenhower_to_ccs_01KSDGRV10GZTKJ5BTM867SEBR.json; directive_to_commanders_01KS3GDGP010HG4AN4MTHASHE7.json,0,
"not engaged in the initial D-Day invasion, nevertheless contributed to the success of the operation.",https://www.eisenhowerlibrary.gov/sites/default/files/research/subject-guides/pdf/operation-overlord.pdf,,"GENERAL STAFF: Records, 1943-45 (microfilm) Box 1, Reel 10",Operation Overlord (Subject Guide),77,research_and_analysis_to_fix_earliest_practicable_date_for_invasion_of_western_e_01KQ68N782VCFZMKQ83X27N773.json; fusa_psychological_warfare_division_letter_bombing_of_st_lô_4_july_1944_01KPT3M5NYB7DQ4YSJFBH6X5A8.json; report_to_bormann_01KPVC8N7XTH5Z99ABEPKZGJKB.json; ltr_gavin_to_maj_gen_paul_l_williams_01KT9TDCJFKZC6KYD6JRJBNY98.json; study_by_the_kdtr_dbef_eifel_und_saarpfalz_01KSEE8V21F0JGGX2V8E9P4EH4.json,0,
These unit records do represent a comprehensive compilation of U. S. Army records for Overlord. The,https://www.eisenhowerlibrary.gov/sites/default/files/research/subject-guides/pdf/operation-overlord.pdf,,"GENERAL STAFF: Records, 1943-45 (microfilm) Box 1, Reel 10",Operation Overlord (Subject Guide),444,ltr_airborne_opns_to_further_overlord_6_jul_01KQ7YKC2VS82T5JY5CKHV1VD7.json; eisenhower_to_12th_and_6th_a_gps_fwd_15934_26_sep_44_01KS8KB8C9SBZXEGPTWB77183B.json; cable_marshall_to_eisenhower_01KQ67WVV4MJDV63RH8TD5HFAD.json; eisenhower_to_ccs_01KSDGRV10GZTKJ5BTM867SEBR.json; directive_to_commanders_01KS3GDGP010HG4AN4MTHASHE7.json,0,
"82nd Airborne Division in Normandy, France, Operation Neptune",https://www.eisenhowerlibrary.gov/sites/default/files/research/subject-guides/pdf/operation-overlord.pdf,,"GENERAL STAFF: Records, 1943-45 (microfilm) Box 6",Operation Overlord (Subject Guide),182,intentions_second_british_army_and_first_canadian_army_19_20_21_and_23_aug_01KPSY97B5VKNJH2NEGVKBPSG4.json; aeaf_memo_operation_neptune_employment_of_british_and_american_airborne_forces_01KPTC8QZK2WRT1GAKDP3T39M3.json; remarks_on_90th_division_performance_01KPVBW7KQV6MJXCSZTQY9T04M.json; post_neptune_courses_of_action_after_capture_of_the_lodgment_area_main_objective_01KTC591RRKV0E26SXJF82RG1P.json; 12th_army_group_report_of_operations_01KQ96PXTQTFRRHS5P9CD6ESEA.json,0,
Airborne Phase of Operation Neptune,https://www.eisenhowerlibrary.gov/sites/default/files/research/subject-guides/pdf/operation-overlord.pdf,,"GENERAL STAFF: Records, 1943-45 (microfilm) Box 7",Operation Overlord (Subject Guide),84,aeaf_memo_operation_neptune_employment_of_british_and_american_airborne_forces_01KPTC8QZK2WRT1GAKDP3T39M3.json; post_neptune_courses_of_action_after_capture_of_the_lodgment_area_main_objective_01KTC591RRKV0E26SXJF82RG1P.json; ps_shaef_44_21_final_01KQ5JK0W40R6E1JXPN413DZD6.json; shaef245003ops_01KPSMFGHRNK88TBM9RQYYHRJ2.json; sgs_shaef_file_381_post_overlord_plng_01KQ5JGMXRVZVMR9ATDF0W1753.json,0,
The Airborne Invasion of Normandy – Report (Rough Draft),https://www.eisenhowerlibrary.gov/sites/default/files/research/subject-guides/pdf/operation-overlord.pdf,,"GENERAL STAFF: Records, 1943-45 (microfilm) Box 7",Operation Overlord (Subject Guide),175,research_and_analysis_to_fix_earliest_practicable_date_for_invasion_of_western_e_01KQ68N782VCFZMKQ83X27N773.json; intentions_second_british_army_and_first_canadian_army_19_20_21_and_23_aug_01KPSY97B5VKNJH2NEGVKBPSG4.json; remarks_on_90th_division_performance_01KPVBW7KQV6MJXCSZTQY9T04M.json; 12th_army_group_report_of_operations_01KQ96PXTQTFRRHS5P9CD6ESEA.json; fusa_psychological_warfare_division_letter_bombing_of_st_lô_4_july_1944_01KPT3M5NYB7DQ4YSJFBH6X5A8.json,0,
"History – Operation Neptune June 6-30, 1944",https://www.eisenhowerlibrary.gov/sites/default/files/research/subject-guides/pdf/operation-overlord.pdf,,"GENERAL STAFF: Records, 1943-45 (microfilm) Box 7",Operation Overlord (Subject Guide),84,aeaf_memo_operation_neptune_employment_of_british_and_american_airborne_forces_01KPTC8QZK2WRT1GAKDP3T39M3.json; post_neptune_courses_of_action_after_capture_of_the_lodgment_area_main_objective_01KTC591RRKV0E26SXJF82RG1P.json; ps_shaef_44_21_final_01KQ5JK0W40R6E1JXPN413DZD6.json; shaef245003ops_01KPSMFGHRNK88TBM9RQYYHRJ2.json; sgs_shaef_file_381_post_overlord_plng_01KQ5JGMXRVZVMR9ATDF0W1753.json,0,
"327th Glider Inf. Regiment, History – Normandy Invasion, 5/12-7/13/1944",https://www.eisenhowerlibrary.gov/sites/default/files/research/subject-guides/pdf/operation-overlord.pdf,,"GENERAL STAFF: Records, 1943-45 (microfilm) Box 14",Operation Overlord (Subject Guide),175,research_and_analysis_to_fix_earliest_practicable_date_for_invasion_of_western_e_01KQ68N782VCFZMKQ83X27N773.json; intentions_second_british_army_and_first_canadian_army_19_20_21_and_23_aug_01KPSY97B5VKNJH2NEGVKBPSG4.json; remarks_on_90th_division_performance_01KPVBW7KQV6MJXCSZTQY9T04M.json; 12th_army_group_report_of_operations_01KQ96PXTQTFRRHS5P9CD6ESEA.json; fusa_psychological_warfare_division_letter_bombing_of_st_lô_4_july_1944_01KPT3M5NYB7DQ4YSJFBH6X5A8.json,0,
"S-2, S-3 Journal for Holland and Normandy, June-November, 1944",https://www.eisenhowerlibrary.gov/sites/default/files/research/subject-guides/pdf/operation-overlord.pdf,,"GENERAL STAFF: Records, 1943-45 (microfilm) Box 265",Operation Overlord (Subject Guide),106,intentions_second_british_army_and_first_canadian_army_19_20_21_and_23_aug_01KPSY97B5VKNJH2NEGVKBPSG4.json; remarks_on_90th_division_performance_01KPVBW7KQV6MJXCSZTQY9T04M.json; 12th_army_group_report_of_operations_01KQ96PXTQTFRRHS5P9CD6ESEA.json; fusa_psychological_warfare_division_letter_bombing_of_st_lô_4_july_1944_01KPT3M5NYB7DQ4YSJFBH6X5A8.json; 8th_div_g_3_jnl_entry_0815_30_jul_01KPT49DTXK4E1DS904FFQ8BVE.json,0,
5th E.S.B. OVERLORD Plans (1) (2),https://www.eisenhowerlibrary.gov/sites/default/files/research/subject-guides/pdf/operation-overlord.pdf,,"GENERAL STAFF: Records, 1943-45 (microfilm) Box 553",Operation Overlord (Subject Guide),444,ltr_airborne_opns_to_further_overlord_6_jul_01KQ7YKC2VS82T5JY5CKHV1VD7.json; eisenhower_to_12th_and_6th_a_gps_fwd_15934_26_sep_44_01KS8KB8C9SBZXEGPTWB77183B.json; cable_marshall_to_eisenhower_01KQ67WVV4MJDV63RH8TD5HFAD.json; eisenhower_to_ccs_01KSDGRV10GZTKJ5BTM867SEBR.json; directive_to_commanders_01KS3GDGP010HG4AN4MTHASHE7.json,0,
"1ST Infantry Division Security Diary, Normandy, June 7-30, 1944",https://www.eisenhowerlibrary.gov/sites/default/files/research/subject-guides/pdf/operation-overlord.pdf,,"GENERAL STAFF: Records, 1943-45 (microfilm) Box 756",Operation Overlord (Subject Guide),106,intentions_second_british_army_and_first_canadian_army_19_20_21_and_23_aug_01KPSY97B5VKNJH2NEGVKBPSG4.json; remarks_on_90th_division_performance_01KPVBW7KQV6MJXCSZTQY9T04M.json; 12th_army_group_report_of_operations_01KQ96PXTQTFRRHS5P9CD6ESEA.json; fusa_psychological_warfare_division_letter_bombing_of_st_lô_4_july_1944_01KPT3M5NYB7DQ4YSJFBH6X5A8.json; 8th_div_g_3_jnl_entry_0815_30_jul_01KPT49DTXK4E1DS904FFQ8BVE.json,0,
"34th Field Artillery Battalion Battle Report, Normandy Campaign,",https://www.eisenhowerlibrary.gov/sites/default/files/research/subject-guides/pdf/operation-overlord.pdf,,"GENERAL STAFF: Records, 1943-45 (microfilm) Box 865",Operation Overlord (Subject Guide),106,intentions_second_british_army_and_first_canadian_army_19_20_21_and_23_aug_01KPSY97B5VKNJH2NEGVKBPSG4.json; remarks_on_90th_division_performance_01KPVBW7KQV6MJXCSZTQY9T04M.json; 12th_army_group_report_of_operations_01KQ96PXTQTFRRHS5P9CD6ESEA.json; fusa_psychological_warfare_division_letter_bombing_of_st_lô_4_july_1944_01KPT3M5NYB7DQ4YSJFBH6X5A8.json; 8th_div_g_3_jnl_entry_0815_30_jul_01KPT49DTXK4E1DS904FFQ8BVE.json,0,
History of the Normandy Campaign and Operations in France,https://www.eisenhowerlibrary.gov/sites/default/files/research/subject-guides/pdf/operation-overlord.pdf,,"GENERAL STAFF: Records, 1943-45 (microfilm) Box 1475",Operation Overlord (Subject Guide),106,intentions_second_british_army_and_first_canadian_army_19_20_21_and_23_aug_01KPSY97B5VKNJH2NEGVKBPSG4.json; remarks_on_90th_division_performance_01KPVBW7KQV6MJXCSZTQY9T04M.json; 12th_army_group_report_of_operations_01KQ96PXTQTFRRHS5P9CD6ESEA.json; fusa_psychological_warfare_division_letter_bombing_of_st_lô_4_july_1944_01KPT3M5NYB7DQ4YSJFBH6X5A8.json; 8th_div_g_3_jnl_entry_0815_30_jul_01KPT49DTXK4E1DS904FFQ8BVE.json,0,
101st Airborne Normandy Invasion Unit Reports and Map Overlays,https://www.eisenhowerlibrary.gov/sites/default/files/research/subject-guides/pdf/operation-overlord.pdf,,"GENERAL STAFF: Records, 1943-45 (microfilm) Box 1531",Operation Overlord (Subject Guide),175,research_and_analysis_to_fix_earliest_practicable_date_for_invasion_of_western_e_01KQ68N782VCFZMKQ83X27N773.json; intentions_second_british_army_and_first_canadian_army_19_20_21_and_23_aug_01KPSY97B5VKNJH2NEGVKBPSG4.json; remarks_on_90th_division_performance_01KPVBW7KQV6MJXCSZTQY9T04M.json; 12th_army_group_report_of_operations_01KQ96PXTQTFRRHS5P9CD6ESEA.json; fusa_psychological_warfare_division_letter_bombing_of_st_lô_4_july_1944_01KPT3M5NYB7DQ4YSJFBH6X5A8.json,0,
506th Parachute Inf. Regt. Operations in the Invasion of Western Europe,https://www.eisenhowerlibrary.gov/sites/default/files/research/subject-guides/pdf/operation-overlord.pdf,,"GENERAL STAFF: Records, 1943-45 (microfilm) Box 1535",Operation Overlord (Subject Guide),77,research_and_analysis_to_fix_earliest_practicable_date_for_invasion_of_western_e_01KQ68N782VCFZMKQ83X27N773.json; fusa_psychological_warfare_division_letter_bombing_of_st_lô_4_july_1944_01KPT3M5NYB7DQ4YSJFBH6X5A8.json; report_to_bormann_01KPVC8N7XTH5Z99ABEPKZGJKB.json; ltr_gavin_to_maj_gen_paul_l_williams_01KT9TDCJFKZC6KYD6JRJBNY98.json; study_by_the_kdtr_dbef_eifel_und_saarpfalz_01KSEE8V21F0JGGX2V8E9P4EH4.json,0,
"Form B Parachute, Operation Neptune (1)-(3)",https://www.eisenhowerlibrary.gov/sites/default/files/research/subject-guides/pdf/operation-overlord.pdf,,"GENERAL STAFF: Records, 1943-45 (microfilm) Box 1537",Operation Overlord (Subject Guide),84,aeaf_memo_operation_neptune_employment_of_british_and_american_airborne_forces_01KPTC8QZK2WRT1GAKDP3T39M3.json; post_neptune_courses_of_action_after_capture_of_the_lodgment_area_main_objective_01KTC591RRKV0E26SXJF82RG1P.json; ps_shaef_44_21_final_01KQ5JK0W40R6E1JXPN413DZD6.json; shaef245003ops_01KPSMFGHRNK88TBM9RQYYHRJ2.json; sgs_shaef_file_381_post_overlord_plng_01KQ5JGMXRVZVMR9ATDF0W1753.json,0,
"section were to provide sea, swell, and surf forecasts for the Allied invasion of",https://www.eisenhowerlibrary.gov/sites/default/files/research/subject-guides/pdf/operation-overlord.pdf,,WORLD WAR II PARTICIPANTS AND CONTEMPORARIES: Papers Box 3,Operation Overlord (Subject Guide),77,research_and_analysis_to_fix_earliest_practicable_date_for_invasion_of_western_e_01KQ68N782VCFZMKQ83X27N773.json; fusa_psychological_warfare_division_letter_bombing_of_st_lô_4_july_1944_01KPT3M5NYB7DQ4YSJFBH6X5A8.json; report_to_bormann_01KPVC8N7XTH5Z99ABEPKZGJKB.json; ltr_gavin_to_maj_gen_paul_l_williams_01KT9TDCJFKZC6KYD6JRJBNY98.json; study_by_the_kdtr_dbef_eifel_und_saarpfalz_01KSEE8V21F0JGGX2V8E9P4EH4.json,0,
Papers [letter that recounts his experiences during the D-Day invasion],https://www.eisenhowerlibrary.gov/sites/default/files/research/subject-guides/pdf/operation-overlord.pdf,,WORLD WAR II PARTICIPANTS AND CONTEMPORARIES: Papers Box 3,Operation Overlord (Subject Guide),77,research_and_analysis_to_fix_earliest_practicable_date_for_invasion_of_western_e_01KQ68N782VCFZMKQ83X27N773.json; fusa_psychological_warfare_division_letter_bombing_of_st_lô_4_july_1944_01KPT3M5NYB7DQ4YSJFBH6X5A8.json; report_to_bormann_01KPVC8N7XTH5Z99ABEPKZGJKB.json; ltr_gavin_to_maj_gen_paul_l_williams_01KT9TDCJFKZC6KYD6JRJBNY98.json; study_by_the_kdtr_dbef_eifel_und_saarpfalz_01KSEE8V21F0JGGX2V8E9P4EH4.json,0,
Archives which collects material on World War II in Normandy; this file contains copies of,https://www.eisenhowerlibrary.gov/sites/default/files/research/subject-guides/pdf/operation-overlord.pdf,,WORLD WAR II PARTICIPANTS AND CONTEMPORARIES: Papers Box 3,Operation Overlord (Subject Guide),106,intentions_second_british_army_and_first_canadian_army_19_20_21_and_23_aug_01KPSY97B5VKNJH2NEGVKBPSG4.json; remarks_on_90th_division_performance_01KPVBW7KQV6MJXCSZTQY9T04M.json; 12th_army_group_report_of_operations_01KQ96PXTQTFRRHS5P9CD6ESEA.json; fusa_psychological_warfare_division_letter_bombing_of_st_lô_4_july_1944_01KPT3M5NYB7DQ4YSJFBH6X5A8.json; 8th_div_g_3_jnl_entry_0815_30_jul_01KPT49DTXK4E1DS904FFQ8BVE.json,0,
"letters, diaries and memoirs of over 300 individuals in Normandy regarding the",https://www.eisenhowerlibrary.gov/sites/default/files/research/subject-guides/pdf/operation-overlord.pdf,,WORLD WAR II PARTICIPANTS AND CONTEMPORARIES: Papers Box 3,Operation Overlord (Subject Guide),106,intentions_second_british_army_and_first_canadian_army_19_20_21_and_23_aug_01KPSY97B5VKNJH2NEGVKBPSG4.json; remarks_on_90th_division_performance_01KPVBW7KQV6MJXCSZTQY9T04M.json; 12th_army_group_report_of_operations_01KQ96PXTQTFRRHS5P9CD6ESEA.json; fusa_psychological_warfare_division_letter_bombing_of_st_lô_4_july_1944_01KPT3M5NYB7DQ4YSJFBH6X5A8.json; 8th_div_g_3_jnl_entry_0815_30_jul_01KPT49DTXK4E1DS904FFQ8BVE.json,0,
German occupation and the Allied invasion on D-Day; the material is in French.,https://www.eisenhowerlibrary.gov/sites/default/files/research/subject-guides/pdf/operation-overlord.pdf,,WORLD WAR II PARTICIPANTS AND CONTEMPORARIES: Papers Box 3,Operation Overlord (Subject Guide),77,research_and_analysis_to_fix_earliest_practicable_date_for_invasion_of_western_e_01KQ68N782VCFZMKQ83X27N773.json; fusa_psychological_warfare_division_letter_bombing_of_st_lô_4_july_1944_01KPT3M5NYB7DQ4YSJFBH6X5A8.json; report_to_bormann_01KPVC8N7XTH5Z99ABEPKZGJKB.json; ltr_gavin_to_maj_gen_paul_l_williams_01KT9TDCJFKZC6KYD6JRJBNY98.json; study_by_the_kdtr_dbef_eifel_und_saarpfalz_01KSEE8V21F0JGGX2V8E9P4EH4.json,0,
Memoirs [story re Gen. Eisenhower and D-Day; an internee in the Swiss Alps in 1944],https://www.eisenhowerlibrary.gov/sites/default/files/research/subject-guides/pdf/operation-overlord.pdf,,WORLD WAR II PARTICIPANTS AND CONTEMPORARIES: Papers Box 3,Operation Overlord (Subject Guide),575,fwd_13765_4_sep_44_and_fwd_14764_14_sep_44_eisenhower_to_comdrs_01KTA7ZXY1QNG8X018BQR0CJJX.json; eisenhower_to_12th_and_6th_a_gps_fwd_15934_26_sep_44_01KS8KB8C9SBZXEGPTWB77183B.json; memo_sub_decisions_reached_at_supreme_commanders_conf_18_oct_44_dtd_22_oct_44_01KT7YPJS0YVYNHDJN1ZH7YWFX.json; cable_to_marshall_cpa_90255_01KQV0KE1ZVD8QZCNXVBXE8M7Q.json; cable_marshall_to_eisenhower_01KQ67WVV4MJDV63RH8TD5HFAD.json,0,
Papers [re: sinking of USS Phoenix in English Channel by German U-boat],https://www.eisenhowerlibrary.gov/sites/default/files/research/subject-guides/pdf/operation-overlord.pdf,,WORLD WAR II PARTICIPANTS AND CONTEMPORARIES: Papers Box 3,Operation Overlord (Subject Guide),59,zustandberichte_ss_divisiones_jun_43_jul_44_01KPT230H7E4C5FV2C4H99W23H.json; hitler_versus_his_generals_in_the_west_01KPSYYDQ8RT3Q70Z85KR2N33A.json; rommel_to_rundstedt_01KPVPQH04ZA15DY7SN9TFYH8P.json; r_24_r_34_and_r_49_01KPT1K5PYMGCC2TJGZBN3971Q.json; agp_b_ktb_annex_52a_to_anlage_52_01KPSYY67VFX53M2AY0S3A8J2N.json,0,
landing in Normandy],https://www.eisenhowerlibrary.gov/sites/default/files/research/subject-guides/pdf/operation-overlord.pdf,,WORLD WAR II PARTICIPANTS AND CONTEMPORARIES: Papers Box 3,Operation Overlord (Subject Guide),106,intentions_second_british_army_and_first_canadian_army_19_20_21_and_23_aug_01KPSY97B5VKNJH2NEGVKBPSG4.json; remarks_on_90th_division_performance_01KPVBW7KQV6MJXCSZTQY9T04M.json; 12th_army_group_report_of_operations_01KQ96PXTQTFRRHS5P9CD6ESEA.json; fusa_psychological_warfare_division_letter_bombing_of_st_lô_4_july_1944_01KPT3M5NYB7DQ4YSJFBH6X5A8.json; 8th_div_g_3_jnl_entry_0815_30_jul_01KPT49DTXK4E1DS904FFQ8BVE.json,0,
landing on Omaha Beach],https://www.eisenhowerlibrary.gov/sites/default/files/research/subject-guides/pdf/operation-overlord.pdf,,WORLD WAR II PARTICIPANTS AND CONTEMPORARIES: Papers Box 3,Operation Overlord (Subject Guide),8,amendment_i_to_fusa_plan_01KPTAME05WBVCCETJD1BBQTAQ.json; neptune_training_mounting_the_artificial_ports_the_administrative_and_logistical_01KQ62TX9SVWB0BGXQ171N6XEP.json; ancxf_report_01KPT4J3FVKFAEZQRW309QSTSC.json; talley_notes_01KPTCA4ZSDM2ES8NG4M4Q2VC3.json; neptune_training_mounting_the_artificial_ports_the_administrative_and_logistical_01KQ62TN8NC9F6A24WBX2GQWFB.json,0,
Memoirs [includes landing in Normandy after D-Day; campaigns in Normandy],https://www.eisenhowerlibrary.gov/sites/default/files/research/subject-guides/pdf/operation-overlord.pdf,,WORLD WAR II PARTICIPANTS AND CONTEMPORARIES: Papers Box 3,Operation Overlord (Subject Guide),106,intentions_second_british_army_and_first_canadian_army_19_20_21_and_23_aug_01KPSY97B5VKNJH2NEGVKBPSG4.json; remarks_on_90th_division_performance_01KPVBW7KQV6MJXCSZTQY9T04M.json; 12th_army_group_report_of_operations_01KQ96PXTQTFRRHS5P9CD6ESEA.json; fusa_psychological_warfare_division_letter_bombing_of_st_lô_4_july_1944_01KPT3M5NYB7DQ4YSJFBH6X5A8.json; 8th_div_g_3_jnl_entry_0815_30_jul_01KPT49DTXK4E1DS904FFQ8BVE.json,0,
Journal [First 6 days of Normandy Invasion],https://www.eisenhowerlibrary.gov/sites/default/files/research/subject-guides/pdf/operation-overlord.pdf,,WORLD WAR II PARTICIPANTS AND CONTEMPORARIES: Papers Box 3,Operation Overlord (Subject Guide),175,research_and_analysis_to_fix_earliest_practicable_date_for_invasion_of_western_e_01KQ68N782VCFZMKQ83X27N773.json; intentions_second_british_army_and_first_canadian_army_19_20_21_and_23_aug_01KPSY97B5VKNJH2NEGVKBPSG4.json; remarks_on_90th_division_performance_01KPVBW7KQV6MJXCSZTQY9T04M.json; 12th_army_group_report_of_operations_01KQ96PXTQTFRRHS5P9CD6ESEA.json; fusa_psychological_warfare_division_letter_bombing_of_st_lô_4_july_1944_01KPT3M5NYB7DQ4YSJFBH6X5A8.json,0,
"Memoirs [Clipping re memory of Normandy invasion, 1994]",https://www.eisenhowerlibrary.gov/sites/default/files/research/subject-guides/pdf/operation-overlord.pdf,,WORLD WAR II PARTICIPANTS AND CONTEMPORARIES: Papers Box 3,Operation Overlord (Subject Guide),175,research_and_analysis_to_fix_earliest_practicable_date_for_invasion_of_western_e_01KQ68N782VCFZMKQ83X27N773.json; intentions_second_british_army_and_first_canadian_army_19_20_21_and_23_aug_01KPSY97B5VKNJH2NEGVKBPSG4.json; remarks_on_90th_division_performance_01KPVBW7KQV6MJXCSZTQY9T04M.json; 12th_army_group_report_of_operations_01KQ96PXTQTFRRHS5P9CD6ESEA.json; fusa_psychological_warfare_division_letter_bombing_of_st_lô_4_july_1944_01KPT3M5NYB7DQ4YSJFBH6X5A8.json,0,
Infantry Journal [August 1944 issue has pictorial article on the invasion],https://www.eisenhowerlibrary.gov/sites/default/files/research/subject-guides/pdf/operation-overlord.pdf,,WORLD WAR II PARTICIPANTS AND CONTEMPORARIES: Papers Box 3,Operation Overlord (Subject Guide),77,research_and_analysis_to_fix_earliest_practicable_date_for_invasion_of_western_e_01KQ68N782VCFZMKQ83X27N773.json; fusa_psychological_warfare_division_letter_bombing_of_st_lô_4_july_1944_01KPT3M5NYB7DQ4YSJFBH6X5A8.json; report_to_bormann_01KPVC8N7XTH5Z99ABEPKZGJKB.json; ltr_gavin_to_maj_gen_paul_l_williams_01KT9TDCJFKZC6KYD6JRJBNY98.json; study_by_the_kdtr_dbef_eifel_und_saarpfalz_01KSEE8V21F0JGGX2V8E9P4EH4.json,0,
"Memoir [“D-Day June 6, 1944: Experiences on Omaha Beach”]",https://www.eisenhowerlibrary.gov/sites/default/files/research/subject-guides/pdf/operation-overlord.pdf,,WORLD WAR II PARTICIPANTS AND CONTEMPORARIES: Papers Box 3,Operation Overlord (Subject Guide),8,amendment_i_to_fusa_plan_01KPTAME05WBVCCETJD1BBQTAQ.json; neptune_training_mounting_the_artificial_ports_the_administrative_and_logistical_01KQ62TX9SVWB0BGXQ171N6XEP.json; ancxf_report_01KPT4J3FVKFAEZQRW309QSTSC.json; talley_notes_01KPTCA4ZSDM2ES8NG4M4Q2VC3.json; neptune_training_mounting_the_artificial_ports_the_administrative_and_logistical_01KQ62TN8NC9F6A24WBX2GQWFB.json,0,
Normandy; letter from his commanding officer to widow re his death in France on,https://www.eisenhowerlibrary.gov/sites/default/files/research/subject-guides/pdf/operation-overlord.pdf,,WORLD WAR II PARTICIPANTS AND CONTEMPORARIES: Papers Box 3,Operation Overlord (Subject Guide),106,intentions_second_british_army_and_first_canadian_army_19_20_21_and_23_aug_01KPSY97B5VKNJH2NEGVKBPSG4.json; remarks_on_90th_division_performance_01KPVBW7KQV6MJXCSZTQY9T04M.json; 12th_army_group_report_of_operations_01KQ96PXTQTFRRHS5P9CD6ESEA.json; fusa_psychological_warfare_division_letter_bombing_of_st_lô_4_july_1944_01KPT3M5NYB7DQ4YSJFBH6X5A8.json; 8th_div_g_3_jnl_entry_0815_30_jul_01KPT49DTXK4E1DS904FFQ8BVE.json,0,
Normandy one day after D-Day],https://www.eisenhowerlibrary.gov/sites/default/files/research/subject-guides/pdf/operation-overlord.pdf,,WORLD WAR II PARTICIPANTS AND CONTEMPORARIES: Papers Box 3,Operation Overlord (Subject Guide),106,intentions_second_british_army_and_first_canadian_army_19_20_21_and_23_aug_01KPSY97B5VKNJH2NEGVKBPSG4.json; remarks_on_90th_division_performance_01KPVBW7KQV6MJXCSZTQY9T04M.json; 12th_army_group_report_of_operations_01KQ96PXTQTFRRHS5P9CD6ESEA.json; fusa_psychological_warfare_division_letter_bombing_of_st_lô_4_july_1944_01KPT3M5NYB7DQ4YSJFBH6X5A8.json; 8th_div_g_3_jnl_entry_0815_30_jul_01KPT49DTXK4E1DS904FFQ8BVE.json,0,
the invasion],https://www.eisenhowerlibrary.gov/sites/default/files/research/subject-guides/pdf/operation-overlord.pdf,,WORLD WAR II PARTICIPANTS AND CONTEMPORARIES: Papers Box 3,Operation Overlord (Subject Guide),77,research_and_analysis_to_fix_earliest_practicable_date_for_invasion_of_western_e_01KQ68N782VCFZMKQ83X27N773.json; fusa_psychological_warfare_division_letter_bombing_of_st_lô_4_july_1944_01KPT3M5NYB7DQ4YSJFBH6X5A8.json; report_to_bormann_01KPVC8N7XTH5Z99ABEPKZGJKB.json; ltr_gavin_to_maj_gen_paul_l_williams_01KT9TDCJFKZC6KYD6JRJBNY98.json; study_by_the_kdtr_dbef_eifel_und_saarpfalz_01KSEE8V21F0JGGX2V8E9P4EH4.json,0,
Memoirs (1)(2) [accounts of Normandy Invasion],https://www.eisenhowerlibrary.gov/sites/default/files/research/subject-guides/pdf/operation-overlord.pdf,,WORLD WAR II PARTICIPANTS AND CONTEMPORARIES: Papers Box 3,Operation Overlord (Subject Guide),175,research_and_analysis_to_fix_earliest_practicable_date_for_invasion_of_western_e_01KQ68N782VCFZMKQ83X27N773.json; intentions_second_british_army_and_first_canadian_army_19_20_21_and_23_aug_01KPSY97B5VKNJH2NEGVKBPSG4.json; remarks_on_90th_division_performance_01KPVBW7KQV6MJXCSZTQY9T04M.json; 12th_army_group_report_of_operations_01KQ96PXTQTFRRHS5P9CD6ESEA.json; fusa_psychological_warfare_division_letter_bombing_of_st_lô_4_july_1944_01KPT3M5NYB7DQ4YSJFBH6X5A8.json,0,
Memoir [account of D-Day invasion “Twenty Four Hours Into France”],https://www.eisenhowerlibrary.gov/sites/default/files/research/subject-guides/pdf/operation-overlord.pdf,,WORLD WAR II PARTICIPANTS AND CONTEMPORARIES: Papers Box 3,Operation Overlord (Subject Guide),77,research_and_analysis_to_fix_earliest_practicable_date_for_invasion_of_western_e_01KQ68N782VCFZMKQ83X27N773.json; fusa_psychological_warfare_division_letter_bombing_of_st_lô_4_july_1944_01KPT3M5NYB7DQ4YSJFBH6X5A8.json; report_to_bormann_01KPVC8N7XTH5Z99ABEPKZGJKB.json; ltr_gavin_to_maj_gen_paul_l_williams_01KT9TDCJFKZC6KYD6JRJBNY98.json; study_by_the_kdtr_dbef_eifel_und_saarpfalz_01KSEE8V21F0JGGX2V8E9P4EH4.json,0,
Papers [typescript of diary account of the invasion of Normandy],https://www.eisenhowerlibrary.gov/sites/default/files/research/subject-guides/pdf/operation-overlord.pdf,,WORLD WAR II PARTICIPANTS AND CONTEMPORARIES: Papers Box 3,Operation Overlord (Subject Guide),175,research_and_analysis_to_fix_earliest_practicable_date_for_invasion_of_western_e_01KQ68N782VCFZMKQ83X27N773.json; intentions_second_british_army_and_first_canadian_army_19_20_21_and_23_aug_01KPSY97B5VKNJH2NEGVKBPSG4.json; remarks_on_90th_division_performance_01KPVBW7KQV6MJXCSZTQY9T04M.json; 12th_army_group_report_of_operations_01KQ96PXTQTFRRHS5P9CD6ESEA.json; fusa_psychological_warfare_division_letter_bombing_of_st_lô_4_july_1944_01KPT3M5NYB7DQ4YSJFBH6X5A8.json,0,
"Papers [Unit history, xeroxed photos and accounts of Omaha Beach to the Elbe River]",https://www.eisenhowerlibrary.gov/sites/default/files/research/subject-guides/pdf/operation-overlord.pdf,,WORLD WAR II PARTICIPANTS AND CONTEMPORARIES: Papers Box 3,Operation Overlord (Subject Guide),8,amendment_i_to_fusa_plan_01KPTAME05WBVCCETJD1BBQTAQ.json; neptune_training_mounting_the_artificial_ports_the_administrative_and_logistical_01KQ62TX9SVWB0BGXQ171N6XEP.json; ancxf_report_01KPT4J3FVKFAEZQRW309QSTSC.json; talley_notes_01KPTCA4ZSDM2ES8NG4M4Q2VC3.json; neptune_training_mounting_the_artificial_ports_the_administrative_and_logistical_01KQ62TN8NC9F6A24WBX2GQWFB.json,0,
"Address by Gen. Eisenhower July 5, 1952, re D-Day, World War II",https://www.eisenhowerlibrary.gov/sites/default/files/research/subject-guides/pdf/operation-overlord.pdf,,"WYDEN, BARBARA: Papers, 1944-1945 Box 1",Operation Overlord (Subject Guide),575,fwd_13765_4_sep_44_and_fwd_14764_14_sep_44_eisenhower_to_comdrs_01KTA7ZXY1QNG8X018BQR0CJJX.json; eisenhower_to_12th_and_6th_a_gps_fwd_15934_26_sep_44_01KS8KB8C9SBZXEGPTWB77183B.json; memo_sub_decisions_reached_at_supreme_commanders_conf_18_oct_44_dtd_22_oct_44_01KT7YPJS0YVYNHDJN1ZH7YWFX.json; cable_to_marshall_cpa_90255_01KQV0KE1ZVD8QZCNXVBXE8M7Q.json; cable_marshall_to_eisenhower_01KQ67WVV4MJDV63RH8TD5HFAD.json,0,
"Assistant chief of staff, ETO, worked with British planners on the cross-channel invasion.",https://www.eisenhowerlibrary.gov/sites/default/files/research/subject-guides/pdf/operation-overlord.pdf,,"WYDEN, BARBARA: Papers, 1944-1945 Box 1",Operation Overlord (Subject Guide),135,research_and_analysis_to_fix_earliest_practicable_date_for_invasion_of_western_e_01KQ68N782VCFZMKQ83X27N773.json; zustandberichte_ss_divisiones_jun_43_jul_44_01KPT230H7E4C5FV2C4H99W23H.json; fusa_psychological_warfare_division_letter_bombing_of_st_lô_4_july_1944_01KPT3M5NYB7DQ4YSJFBH6X5A8.json; hitler_versus_his_generals_in_the_west_01KPSYYDQ8RT3Q70Z85KR2N33A.json; rommel_to_rundstedt_01KPVPQH04ZA15DY7SN9TFYH8P.json,0,
SHAEF deputy assistant chief of staff G-2 (Intelligence).,https://www.eisenhowerlibrary.gov/sites/default/files/research/subject-guides/pdf/operation-overlord.pdf,,"WYDEN, BARBARA: Papers, 1944-1945 Box 1",Operation Overlord (Subject Guide),995,messages_to_agwar_for_jps_01KQ96QXWVTBJVTE0KTH9KEM4C.json; ltr_airborne_opns_to_further_overlord_6_jul_01KQ7YKC2VS82T5JY5CKHV1VD7.json; cosintrep_36_01KPT5AG09T49JVHSC22X500FY.json; eisenhower_to_12th_and_6th_a_gps_fwd_15934_26_sep_44_01KS8KB8C9SBZXEGPTWB77183B.json; memo_sub_decisions_reached_at_supreme_commanders_conf_18_oct_44_dtd_22_oct_44_01KT7YPJS0YVYNHDJN1ZH7YWFX.json,0,
"WAC, administrative staff, SHAEF HQ",https://www.eisenhowerlibrary.gov/sites/default/files/research/subject-guides/pdf/operation-overlord.pdf,,Dwight D. Eisenhower (OH-10) Box 1,Operation Overlord (Subject Guide),995,messages_to_agwar_for_jps_01KQ96QXWVTBJVTE0KTH9KEM4C.json; ltr_airborne_opns_to_further_overlord_6_jul_01KQ7YKC2VS82T5JY5CKHV1VD7.json; cosintrep_36_01KPT5AG09T49JVHSC22X500FY.json; eisenhower_to_12th_and_6th_a_gps_fwd_15934_26_sep_44_01KS8KB8C9SBZXEGPTWB77183B.json; memo_sub_decisions_reached_at_supreme_commanders_conf_18_oct_44_dtd_22_oct_44_01KT7YPJS0YVYNHDJN1ZH7YWFX.json,0,
"SHAEF deputy chief of staff, Intelligence (G-2)",https://www.eisenhowerlibrary.gov/sites/default/files/research/subject-guides/pdf/operation-overlord.pdf,,Dwight D. Eisenhower (OH-10) Box 1,Operation Overlord (Subject Guide),995,messages_to_agwar_for_jps_01KQ96QXWVTBJVTE0KTH9KEM4C.json; ltr_airborne_opns_to_further_overlord_6_jul_01KQ7YKC2VS82T5JY5CKHV1VD7.json; cosintrep_36_01KPT5AG09T49JVHSC22X500FY.json; eisenhower_to_12th_and_6th_a_gps_fwd_15934_26_sep_44_01KS8KB8C9SBZXEGPTWB77183B.json; memo_sub_decisions_reached_at_supreme_commanders_conf_18_oct_44_dtd_22_oct_44_01KT7YPJS0YVYNHDJN1ZH7YWFX.json,0,
"This guide to the audiovisual holdings relating to the invasion of Northern France, June 6, 1944,",https://www.eisenhowerlibrary.gov/sites/default/files/research/subject-guides/pdf/operation-overlord.pdf,,Dwight D. Eisenhower (OH-10) Box 1,Operation Overlord (Subject Guide),77,research_and_analysis_to_fix_earliest_practicable_date_for_invasion_of_western_e_01KQ68N782VCFZMKQ83X27N773.json; fusa_psychological_warfare_division_letter_bombing_of_st_lô_4_july_1944_01KPT3M5NYB7DQ4YSJFBH6X5A8.json; report_to_bormann_01KPVC8N7XTH5Z99ABEPKZGJKB.json; ltr_gavin_to_maj_gen_paul_l_williams_01KT9TDCJFKZC6KYD6JRJBNY98.json; study_by_the_kdtr_dbef_eifel_und_saarpfalz_01KSEE8V21F0JGGX2V8E9P4EH4.json,0,
the Eisenhower Library audiovisual staff for specific information about use and reproduction of thes,https://www.eisenhowerlibrary.gov/sites/default/files/research/subject-guides/pdf/operation-overlord.pdf,,Dwight D. Eisenhower (OH-10) Box 1,Operation Overlord (Subject Guide),575,fwd_13765_4_sep_44_and_fwd_14764_14_sep_44_eisenhower_to_comdrs_01KTA7ZXY1QNG8X018BQR0CJJX.json; eisenhower_to_12th_and_6th_a_gps_fwd_15934_26_sep_44_01KS8KB8C9SBZXEGPTWB77183B.json; memo_sub_decisions_reached_at_supreme_commanders_conf_18_oct_44_dtd_22_oct_44_01KT7YPJS0YVYNHDJN1ZH7YWFX.json; cable_to_marshall_cpa_90255_01KQV0KE1ZVD8QZCNXVBXE8M7Q.json; cable_marshall_to_eisenhower_01KQ67WVV4MJDV63RH8TD5HFAD.json,0,
Album: A photographic record of the Allied Air effort in support of the Invasion of Continent of,https://www.eisenhowerlibrary.gov/sites/default/files/research/subject-guides/pdf/operation-overlord.pdf,,Dwight D. Eisenhower (OH-10) Box 1,Operation Overlord (Subject Guide),77,research_and_analysis_to_fix_earliest_practicable_date_for_invasion_of_western_e_01KQ68N782VCFZMKQ83X27N773.json; fusa_psychological_warfare_division_letter_bombing_of_st_lô_4_july_1944_01KPT3M5NYB7DQ4YSJFBH6X5A8.json; report_to_bormann_01KPVC8N7XTH5Z99ABEPKZGJKB.json; ltr_gavin_to_maj_gen_paul_l_williams_01KT9TDCJFKZC6KYD6JRJBNY98.json; study_by_the_kdtr_dbef_eifel_und_saarpfalz_01KSEE8V21F0JGGX2V8E9P4EH4.json,0,
"Photographs depicting Allied commanders, Omaha Beach, German port defenses, and damage",https://www.eisenhowerlibrary.gov/sites/default/files/research/subject-guides/pdf/operation-overlord.pdf,,Dwight D. Eisenhower (OH-10) Box 1,Operation Overlord (Subject Guide),8,amendment_i_to_fusa_plan_01KPTAME05WBVCCETJD1BBQTAQ.json; neptune_training_mounting_the_artificial_ports_the_administrative_and_logistical_01KQ62TX9SVWB0BGXQ171N6XEP.json; ancxf_report_01KPT4J3FVKFAEZQRW309QSTSC.json; talley_notes_01KPTCA4ZSDM2ES8NG4M4Q2VC3.json; neptune_training_mounting_the_artificial_ports_the_administrative_and_logistical_01KQ62TN8NC9F6A24WBX2GQWFB.json,0,
Photographs of the evacuation of troops injured during the Normandy invasion and medical,https://www.eisenhowerlibrary.gov/sites/default/files/research/subject-guides/pdf/operation-overlord.pdf,,Dwight D. Eisenhower (OH-10) Box 1,Operation Overlord (Subject Guide),175,research_and_analysis_to_fix_earliest_practicable_date_for_invasion_of_western_e_01KQ68N782VCFZMKQ83X27N773.json; intentions_second_british_army_and_first_canadian_army_19_20_21_and_23_aug_01KPSY97B5VKNJH2NEGVKBPSG4.json; remarks_on_90th_division_performance_01KPVBW7KQV6MJXCSZTQY9T04M.json; 12th_army_group_report_of_operations_01KQ96PXTQTFRRHS5P9CD6ESEA.json; fusa_psychological_warfare_division_letter_bombing_of_st_lô_4_july_1944_01KPT3M5NYB7DQ4YSJFBH6X5A8.json,0,
"This series contains images of Allied leaders prior to D-Day, Eisenhower speaking with the",https://www.eisenhowerlibrary.gov/sites/default/files/research/subject-guides/pdf/operation-overlord.pdf,,"SMITH, WALTER BEDDELL COLLECTION: Box 1",Operation Overlord (Subject Guide),575,fwd_13765_4_sep_44_and_fwd_14764_14_sep_44_eisenhower_to_comdrs_01KTA7ZXY1QNG8X018BQR0CJJX.json; eisenhower_to_12th_and_6th_a_gps_fwd_15934_26_sep_44_01KS8KB8C9SBZXEGPTWB77183B.json; memo_sub_decisions_reached_at_supreme_commanders_conf_18_oct_44_dtd_22_oct_44_01KT7YPJS0YVYNHDJN1ZH7YWFX.json; cable_to_marshall_cpa_90255_01KQV0KE1ZVD8QZCNXVBXE8M7Q.json; cable_marshall_to_eisenhower_01KQ67WVV4MJDV63RH8TD5HFAD.json,0,
"troops prior to the invasion, artificial harbor fabrication, and pre-invasion activities at",https://www.eisenhowerlibrary.gov/sites/default/files/research/subject-guides/pdf/operation-overlord.pdf,,"SMITH, WALTER BEDDELL COLLECTION: Box 1",Operation Overlord (Subject Guide),77,research_and_analysis_to_fix_earliest_practicable_date_for_invasion_of_western_e_01KQ68N782VCFZMKQ83X27N773.json; fusa_psychological_warfare_division_letter_bombing_of_st_lô_4_july_1944_01KPT3M5NYB7DQ4YSJFBH6X5A8.json; report_to_bormann_01KPVC8N7XTH5Z99ABEPKZGJKB.json; ltr_gavin_to_maj_gen_paul_l_williams_01KT9TDCJFKZC6KYD6JRJBNY98.json; study_by_the_kdtr_dbef_eifel_und_saarpfalz_01KSEE8V21F0JGGX2V8E9P4EH4.json,0,
are pictures of the D-Day invasion and of American troops on Utah Beach and Omaha Beach.,https://www.eisenhowerlibrary.gov/sites/default/files/research/subject-guides/pdf/operation-overlord.pdf,,"SMITH, WALTER BEDDELL COLLECTION: Box 1",Operation Overlord (Subject Guide),99,research_and_analysis_to_fix_earliest_practicable_date_for_invasion_of_western_e_01KQ68N782VCFZMKQ83X27N773.json; aeaf_memo_operation_neptune_employment_of_british_and_american_airborne_forces_01KPTC8QZK2WRT1GAKDP3T39M3.json; fusa_psychological_warfare_division_letter_bombing_of_st_lô_4_july_1944_01KPT3M5NYB7DQ4YSJFBH6X5A8.json; report_to_bormann_01KPVC8N7XTH5Z99ABEPKZGJKB.json; ltr_gavin_to_maj_gen_paul_l_williams_01KT9TDCJFKZC6KYD6JRJBNY98.json,0,
"There are additional images of Normandy beaches following D-Day, Allied commanders and",https://www.eisenhowerlibrary.gov/sites/default/files/research/subject-guides/pdf/operation-overlord.pdf,,"SMITH, WALTER BEDDELL COLLECTION: Box 1",Operation Overlord (Subject Guide),106,intentions_second_british_army_and_first_canadian_army_19_20_21_and_23_aug_01KPSY97B5VKNJH2NEGVKBPSG4.json; remarks_on_90th_division_performance_01KPVBW7KQV6MJXCSZTQY9T04M.json; 12th_army_group_report_of_operations_01KQ96PXTQTFRRHS5P9CD6ESEA.json; fusa_psychological_warfare_division_letter_bombing_of_st_lô_4_july_1944_01KPT3M5NYB7DQ4YSJFBH6X5A8.json; 8th_div_g_3_jnl_entry_0815_30_jul_01KPT49DTXK4E1DS904FFQ8BVE.json,0,
"announcement of the Allied Invasion; Allied invasion news announcement; Robert St. John, New York;",https://www.eisenhowerlibrary.gov/sites/default/files/research/subject-guides/pdf/operation-overlord.pdf,,"SMITH, WALTER BEDDELL COLLECTION: Box 1",Operation Overlord (Subject Guide),77,research_and_analysis_to_fix_earliest_practicable_date_for_invasion_of_western_e_01KQ68N782VCFZMKQ83X27N773.json; fusa_psychological_warfare_division_letter_bombing_of_st_lô_4_july_1944_01KPT3M5NYB7DQ4YSJFBH6X5A8.json; report_to_bormann_01KPVC8N7XTH5Z99ABEPKZGJKB.json; ltr_gavin_to_maj_gen_paul_l_williams_01KT9TDCJFKZC6KYD6JRJBNY98.json; study_by_the_kdtr_dbef_eifel_und_saarpfalz_01KSEE8V21F0JGGX2V8E9P4EH4.json,0,
"broadcast from SHAEF Headquarters; Edited with narrator voice over: King Haakon VII, Norway and",https://www.eisenhowerlibrary.gov/sites/default/files/research/subject-guides/pdf/operation-overlord.pdf,,"SMITH, WALTER BEDDELL COLLECTION: Box 1",Operation Overlord (Subject Guide),995,messages_to_agwar_for_jps_01KQ96QXWVTBJVTE0KTH9KEM4C.json; ltr_airborne_opns_to_further_overlord_6_jul_01KQ7YKC2VS82T5JY5CKHV1VD7.json; cosintrep_36_01KPT5AG09T49JVHSC22X500FY.json; eisenhower_to_12th_and_6th_a_gps_fwd_15934_26_sep_44_01KS8KB8C9SBZXEGPTWB77183B.json; memo_sub_decisions_reached_at_supreme_commanders_conf_18_oct_44_dtd_22_oct_44_01KT7YPJS0YVYNHDJN1ZH7YWFX.json,0,
"the invasion coast.); Ed Hocker, with the 9th Air Force, reports on invasion; Stanley Richardson, ab",https://www.eisenhowerlibrary.gov/sites/default/files/research/subject-guides/pdf/operation-overlord.pdf,,"SMITH, WALTER BEDDELL COLLECTION: Box 1",Operation Overlord (Subject Guide),77,research_and_analysis_to_fix_earliest_practicable_date_for_invasion_of_western_e_01KQ68N782VCFZMKQ83X27N773.json; fusa_psychological_warfare_division_letter_bombing_of_st_lô_4_july_1944_01KPT3M5NYB7DQ4YSJFBH6X5A8.json; report_to_bormann_01KPVC8N7XTH5Z99ABEPKZGJKB.json; ltr_gavin_to_maj_gen_paul_l_williams_01KT9TDCJFKZC6KYD6JRJBNY98.json; study_by_the_kdtr_dbef_eifel_und_saarpfalz_01KSEE8V21F0JGGX2V8E9P4EH4.json,0,
"US Navy torpedo boat which was part of the invasion convoy; Merle Meuller, reports from SHAEF",https://www.eisenhowerlibrary.gov/sites/default/files/research/subject-guides/pdf/operation-overlord.pdf,,"SMITH, WALTER BEDDELL COLLECTION: Box 1",Operation Overlord (Subject Guide),1068,messages_to_agwar_for_jps_01KQ96QXWVTBJVTE0KTH9KEM4C.json; ltr_airborne_opns_to_further_overlord_6_jul_01KQ7YKC2VS82T5JY5CKHV1VD7.json; cosintrep_36_01KPT5AG09T49JVHSC22X500FY.json; eisenhower_to_12th_and_6th_a_gps_fwd_15934_26_sep_44_01KS8KB8C9SBZXEGPTWB77183B.json; memo_sub_decisions_reached_at_supreme_commanders_conf_18_oct_44_dtd_22_oct_44_01KT7YPJS0YVYNHDJN1ZH7YWFX.json,0,
"headquarters; H.V. Kaltenborn; Richard Harkness, WDC; Elmer Peterson, New York; Morgan Beatty,",https://www.eisenhowerlibrary.gov/sites/default/files/research/subject-guides/pdf/operation-overlord.pdf,,"SMITH, WALTER BEDDELL COLLECTION: Box 1",Operation Overlord (Subject Guide),65,letter_to_morgan_unsigned_01KQ9RZTPHVENRXGH1H5D44NXX.json; in_july_general_barker_had_written_it_can_be_accepted_as_an_absolute_certainty_t_01KQ66H3JGVEK56HG2GGJYF42H.json; letter_to_morgan_01KPT9NQY936BKTQ1BMRAC9CCC.json; letter_to_maj_gen_w_d_morgan_cofs_21_army_group_01KQ66BRG3WR1942WH384WB3Z2.json; letter_morgan_to_hollis_secretary_of_war_cabinet_2_september_1943_01KPT9FXZMDZYW0RYA132266DN.json,0,
Chicago; Franklin Roosevelt leads the Nation in prayer for invasion troops,https://www.eisenhowerlibrary.gov/sites/default/files/research/subject-guides/pdf/operation-overlord.pdf,,"SMITH, WALTER BEDDELL COLLECTION: Box 1",Operation Overlord (Subject Guide),77,research_and_analysis_to_fix_earliest_practicable_date_for_invasion_of_western_e_01KQ68N782VCFZMKQ83X27N773.json; fusa_psychological_warfare_division_letter_bombing_of_st_lô_4_july_1944_01KPT3M5NYB7DQ4YSJFBH6X5A8.json; report_to_bormann_01KPVC8N7XTH5Z99ABEPKZGJKB.json; ltr_gavin_to_maj_gen_paul_l_williams_01KT9TDCJFKZC6KYD6JRJBNY98.json; study_by_the_kdtr_dbef_eifel_und_saarpfalz_01KSEE8V21F0JGGX2V8E9P4EH4.json,0,
SHAEF announcement to the People of Western Europe; King Haakon VII of Norway; English,https://www.eisenhowerlibrary.gov/sites/default/files/research/subject-guides/pdf/operation-overlord.pdf,,"SMITH, WALTER BEDDELL COLLECTION: Box 1",Operation Overlord (Subject Guide),995,messages_to_agwar_for_jps_01KQ96QXWVTBJVTE0KTH9KEM4C.json; ltr_airborne_opns_to_further_overlord_6_jul_01KQ7YKC2VS82T5JY5CKHV1VD7.json; cosintrep_36_01KPT5AG09T49JVHSC22X500FY.json; eisenhower_to_12th_and_6th_a_gps_fwd_15934_26_sep_44_01KS8KB8C9SBZXEGPTWB77183B.json; memo_sub_decisions_reached_at_supreme_commanders_conf_18_oct_44_dtd_22_oct_44_01KT7YPJS0YVYNHDJN1ZH7YWFX.json,0,
This filmography is a select list of motion picture film in the Dwight D. Eisenhower Library's Audio,https://www.eisenhowerlibrary.gov/sites/default/files/research/subject-guides/pdf/operation-overlord.pdf,,Dwight D. Eisenhower's message regarding the 20th Anniversary of D-day. Box 1,Operation Overlord (Subject Guide),575,fwd_13765_4_sep_44_and_fwd_14764_14_sep_44_eisenhower_to_comdrs_01KTA7ZXY1QNG8X018BQR0CJJX.json; eisenhower_to_12th_and_6th_a_gps_fwd_15934_26_sep_44_01KS8KB8C9SBZXEGPTWB77183B.json; memo_sub_decisions_reached_at_supreme_commanders_conf_18_oct_44_dtd_22_oct_44_01KT7YPJS0YVYNHDJN1ZH7YWFX.json; cable_to_marshall_cpa_90255_01KQV0KE1ZVD8QZCNXVBXE8M7Q.json; cable_marshall_to_eisenhower_01KQ67WVV4MJDV63RH8TD5HFAD.json,0,
"relating to Operation Overlord and D-Day is listed below. When known, the footage for the relevant",https://www.eisenhowerlibrary.gov/sites/default/files/research/subject-guides/pdf/operation-overlord.pdf,,"Collection relating to the Normandy invasion, June 6, 1944. The film accession number is located at Box 1",Operation Overlord (Subject Guide),444,ltr_airborne_opns_to_further_overlord_6_jul_01KQ7YKC2VS82T5JY5CKHV1VD7.json; eisenhower_to_12th_and_6th_a_gps_fwd_15934_26_sep_44_01KS8KB8C9SBZXEGPTWB77183B.json; cable_marshall_to_eisenhower_01KQ67WVV4MJDV63RH8TD5HFAD.json; eisenhower_to_ccs_01KSDGRV10GZTKJ5BTM867SEBR.json; directive_to_commanders_01KS3GDGP010HG4AN4MTHASHE7.json,0,
"Eisenhower visits Royal Canadian Air Force, no date, England",https://www.eisenhowerlibrary.gov/sites/default/files/research/subject-guides/pdf/operation-overlord.pdf,,"Collection relating to the Normandy invasion, June 6, 1944. The film accession number is located at Box 1",Operation Overlord (Subject Guide),575,fwd_13765_4_sep_44_and_fwd_14764_14_sep_44_eisenhower_to_comdrs_01KTA7ZXY1QNG8X018BQR0CJJX.json; eisenhower_to_12th_and_6th_a_gps_fwd_15934_26_sep_44_01KS8KB8C9SBZXEGPTWB77183B.json; memo_sub_decisions_reached_at_supreme_commanders_conf_18_oct_44_dtd_22_oct_44_01KT7YPJS0YVYNHDJN1ZH7YWFX.json; cable_to_marshall_cpa_90255_01KQV0KE1ZVD8QZCNXVBXE8M7Q.json; cable_marshall_to_eisenhower_01KQ67WVV4MJDV63RH8TD5HFAD.json,0,
Eisenhower makes pre-invasion visit to RCAF somewhere in England accompanied by Trafford LeighMallor,https://www.eisenhowerlibrary.gov/sites/default/files/research/subject-guides/pdf/operation-overlord.pdf,,"Collection relating to the Normandy invasion, June 6, 1944. The film accession number is located at Box 1",Operation Overlord (Subject Guide),649,fwd_13765_4_sep_44_and_fwd_14764_14_sep_44_eisenhower_to_comdrs_01KTA7ZXY1QNG8X018BQR0CJJX.json; eisenhower_to_12th_and_6th_a_gps_fwd_15934_26_sep_44_01KS8KB8C9SBZXEGPTWB77183B.json; memo_sub_decisions_reached_at_supreme_commanders_conf_18_oct_44_dtd_22_oct_44_01KT7YPJS0YVYNHDJN1ZH7YWFX.json; cable_to_marshall_cpa_90255_01KQV0KE1ZVD8QZCNXVBXE8M7Q.json; cable_marshall_to_eisenhower_01KQ67WVV4MJDV63RH8TD5HFAD.json,0,
"Eisenhower with Arthur Tedder, Bernard Montgomery, Omar Bradley, William H. Simpson somewhere",https://www.eisenhowerlibrary.gov/sites/default/files/research/subject-guides/pdf/operation-overlord.pdf,,"Collection relating to the Normandy invasion, June 6, 1944. The film accession number is located at Box 1",Operation Overlord (Subject Guide),910,fwd_13765_4_sep_44_and_fwd_14764_14_sep_44_eisenhower_to_comdrs_01KTA7ZXY1QNG8X018BQR0CJJX.json; eisenhower_to_12th_and_6th_a_gps_fwd_15934_26_sep_44_01KS8KB8C9SBZXEGPTWB77183B.json; memo_sub_decisions_reached_at_supreme_commanders_conf_18_oct_44_dtd_22_oct_44_01KT7YPJS0YVYNHDJN1ZH7YWFX.json; to_patton_01KRJ34DV7HGNM0J7AXP1W1XGZ.json; cable_to_marshall_cpa_90255_01KQV0KE1ZVD8QZCNXVBXE8M7Q.json,0,
"Invasion Commander in Chief Gives Interview, December 7, 1943",https://www.eisenhowerlibrary.gov/sites/default/files/research/subject-guides/pdf/operation-overlord.pdf,,"Collection relating to the Normandy invasion, June 6, 1944. The film accession number is located at Box 1",Operation Overlord (Subject Guide),77,research_and_analysis_to_fix_earliest_practicable_date_for_invasion_of_western_e_01KQ68N782VCFZMKQ83X27N773.json; fusa_psychological_warfare_division_letter_bombing_of_st_lô_4_july_1944_01KPT3M5NYB7DQ4YSJFBH6X5A8.json; report_to_bormann_01KPVC8N7XTH5Z99ABEPKZGJKB.json; ltr_gavin_to_maj_gen_paul_l_williams_01KT9TDCJFKZC6KYD6JRJBNY98.json; study_by_the_kdtr_dbef_eifel_und_saarpfalz_01KSEE8V21F0JGGX2V8E9P4EH4.json,0,
Background on Eisenhower's new appointment as Commander in Chief. Eisenhower speaks briefly on,https://www.eisenhowerlibrary.gov/sites/default/files/research/subject-guides/pdf/operation-overlord.pdf,,"Collection relating to the Normandy invasion, June 6, 1944. The film accession number is located at Box 1",Operation Overlord (Subject Guide),575,fwd_13765_4_sep_44_and_fwd_14764_14_sep_44_eisenhower_to_comdrs_01KTA7ZXY1QNG8X018BQR0CJJX.json; eisenhower_to_12th_and_6th_a_gps_fwd_15934_26_sep_44_01KS8KB8C9SBZXEGPTWB77183B.json; memo_sub_decisions_reached_at_supreme_commanders_conf_18_oct_44_dtd_22_oct_44_01KT7YPJS0YVYNHDJN1ZH7YWFX.json; cable_to_marshall_cpa_90255_01KQV0KE1ZVD8QZCNXVBXE8M7Q.json; cable_marshall_to_eisenhower_01KQ67WVV4MJDV63RH8TD5HFAD.json,0,
"England Normandy, France",https://www.eisenhowerlibrary.gov/sites/default/files/research/subject-guides/pdf/operation-overlord.pdf,,"Collection relating to the Normandy invasion, June 6, 1944. The film accession number is located at Box 1",Operation Overlord (Subject Guide),106,intentions_second_british_army_and_first_canadian_army_19_20_21_and_23_aug_01KPSY97B5VKNJH2NEGVKBPSG4.json; remarks_on_90th_division_performance_01KPVBW7KQV6MJXCSZTQY9T04M.json; 12th_army_group_report_of_operations_01KQ96PXTQTFRRHS5P9CD6ESEA.json; fusa_psychological_warfare_division_letter_bombing_of_st_lô_4_july_1944_01KPT3M5NYB7DQ4YSJFBH6X5A8.json; 8th_div_g_3_jnl_entry_0815_30_jul_01KPT49DTXK4E1DS904FFQ8BVE.json,0,
"invasion, D-Day.",https://www.eisenhowerlibrary.gov/sites/default/files/research/subject-guides/pdf/operation-overlord.pdf,,"Collection relating to the Normandy invasion, June 6, 1944. The film accession number is located at Box 1",Operation Overlord (Subject Guide),77,research_and_analysis_to_fix_earliest_practicable_date_for_invasion_of_western_e_01KQ68N782VCFZMKQ83X27N773.json; fusa_psychological_warfare_division_letter_bombing_of_st_lô_4_july_1944_01KPT3M5NYB7DQ4YSJFBH6X5A8.json; report_to_bormann_01KPVC8N7XTH5Z99ABEPKZGJKB.json; ltr_gavin_to_maj_gen_paul_l_williams_01KT9TDCJFKZC6KYD6JRJBNY98.json; study_by_the_kdtr_dbef_eifel_und_saarpfalz_01KSEE8V21F0JGGX2V8E9P4EH4.json,0,
"June 7, 1944: H-Hour plus 30 hours, Normandy, France. Shots of ships at sea off the Normandy",https://www.eisenhowerlibrary.gov/sites/default/files/research/subject-guides/pdf/operation-overlord.pdf,,"Collection relating to the Normandy invasion, June 6, 1944. The film accession number is located at Box 1",Operation Overlord (Subject Guide),106,intentions_second_british_army_and_first_canadian_army_19_20_21_and_23_aug_01KPSY97B5VKNJH2NEGVKBPSG4.json; remarks_on_90th_division_performance_01KPVBW7KQV6MJXCSZTQY9T04M.json; 12th_army_group_report_of_operations_01KQ96PXTQTFRRHS5P9CD6ESEA.json; fusa_psychological_warfare_division_letter_bombing_of_st_lô_4_july_1944_01KPT3M5NYB7DQ4YSJFBH6X5A8.json; 8th_div_g_3_jnl_entry_0815_30_jul_01KPT49DTXK4E1DS904FFQ8BVE.json,0,
"beaches, Eisenhower aboard the HMS Apollo; shots of beaches and unloading exercises; shots of",https://www.eisenhowerlibrary.gov/sites/default/files/research/subject-guides/pdf/operation-overlord.pdf,,"Collection relating to the Normandy invasion, June 6, 1944. The film accession number is located at Box 1",Operation Overlord (Subject Guide),575,fwd_13765_4_sep_44_and_fwd_14764_14_sep_44_eisenhower_to_comdrs_01KTA7ZXY1QNG8X018BQR0CJJX.json; eisenhower_to_12th_and_6th_a_gps_fwd_15934_26_sep_44_01KS8KB8C9SBZXEGPTWB77183B.json; memo_sub_decisions_reached_at_supreme_commanders_conf_18_oct_44_dtd_22_oct_44_01KT7YPJS0YVYNHDJN1ZH7YWFX.json; cable_to_marshall_cpa_90255_01KQV0KE1ZVD8QZCNXVBXE8M7Q.json; cable_marshall_to_eisenhower_01KQ67WVV4MJDV63RH8TD5HFAD.json,0,
Montgomery being helped off a ship; Omar Bradley in a landing craft.,https://www.eisenhowerlibrary.gov/sites/default/files/research/subject-guides/pdf/operation-overlord.pdf,,"Collection relating to the Normandy invasion, June 6, 1944. The film accession number is located at Box 1",Operation Overlord (Subject Guide),603,to_patton_01KRJ34DV7HGNM0J7AXP1W1XGZ.json; smith_to_bradley_01KS3J4ECWTG9RJN51KP4KJRY8.json; letter_to_montgomery_15_september_1944_01KS0ZV0NQ2FHEQD91RPXP83VS.json; ltr_bradley_to_eisenhower_10_sep_pogue_files_01KPSWCX9XBT5SGAWJND6K4FK0.json; bradley_to_patton_23_sep_44_01KS0ZXMHAGDN4EFSN9E6C37TM.json,0,
"June 26--July 4, 1944: Eisenhower visits: US Army 35th Division, 2nd Division, 1st Division, VII Cor",https://www.eisenhowerlibrary.gov/sites/default/files/research/subject-guides/pdf/operation-overlord.pdf,,"Collection relating to the Normandy invasion, June 6, 1944. The film accession number is located at Box 1",Operation Overlord (Subject Guide),575,fwd_13765_4_sep_44_and_fwd_14764_14_sep_44_eisenhower_to_comdrs_01KTA7ZXY1QNG8X018BQR0CJJX.json; eisenhower_to_12th_and_6th_a_gps_fwd_15934_26_sep_44_01KS8KB8C9SBZXEGPTWB77183B.json; memo_sub_decisions_reached_at_supreme_commanders_conf_18_oct_44_dtd_22_oct_44_01KT7YPJS0YVYNHDJN1ZH7YWFX.json; cable_to_marshall_cpa_90255_01KQV0KE1ZVD8QZCNXVBXE8M7Q.json; cable_marshall_to_eisenhower_01KQ67WVV4MJDV63RH8TD5HFAD.json,0,
EL-MP16-80 GENERAL DWIGHT D. EISENHOWER,https://www.eisenhowerlibrary.gov/sites/default/files/research/subject-guides/pdf/operation-overlord.pdf,,"Collection relating to the Normandy invasion, June 6, 1944. The film accession number is located at Box 1",Operation Overlord (Subject Guide),575,fwd_13765_4_sep_44_and_fwd_14764_14_sep_44_eisenhower_to_comdrs_01KTA7ZXY1QNG8X018BQR0CJJX.json; eisenhower_to_12th_and_6th_a_gps_fwd_15934_26_sep_44_01KS8KB8C9SBZXEGPTWB77183B.json; memo_sub_decisions_reached_at_supreme_commanders_conf_18_oct_44_dtd_22_oct_44_01KT7YPJS0YVYNHDJN1ZH7YWFX.json; cable_to_marshall_cpa_90255_01KQV0KE1ZVD8QZCNXVBXE8M7Q.json; cable_marshall_to_eisenhower_01KQ67WVV4MJDV63RH8TD5HFAD.json,0,
"""Eisenhower Visits Normandy on 7th D-Day Anniversary"" St. Mere Eglise, first city to be liberated af",https://www.eisenhowerlibrary.gov/sites/default/files/research/subject-guides/pdf/operation-overlord.pdf,,"Collection relating to the Normandy invasion, June 6, 1944. The film accession number is located at Box 1",Operation Overlord (Subject Guide),664,fwd_13765_4_sep_44_and_fwd_14764_14_sep_44_eisenhower_to_comdrs_01KTA7ZXY1QNG8X018BQR0CJJX.json; eisenhower_to_12th_and_6th_a_gps_fwd_15934_26_sep_44_01KS8KB8C9SBZXEGPTWB77183B.json; memo_sub_decisions_reached_at_supreme_commanders_conf_18_oct_44_dtd_22_oct_44_01KT7YPJS0YVYNHDJN1ZH7YWFX.json; cable_to_marshall_cpa_90255_01KQV0KE1ZVD8QZCNXVBXE8M7Q.json; cable_marshall_to_eisenhower_01KQ67WVV4MJDV63RH8TD5HFAD.json,0,
landings; visits Omaha Beach. 68 seconds,https://www.eisenhowerlibrary.gov/sites/default/files/research/subject-guides/pdf/operation-overlord.pdf,,"Collection relating to the Normandy invasion, June 6, 1944. The film accession number is located at Box 1",Operation Overlord (Subject Guide),8,amendment_i_to_fusa_plan_01KPTAME05WBVCCETJD1BBQTAQ.json; neptune_training_mounting_the_artificial_ports_the_administrative_and_logistical_01KQ62TX9SVWB0BGXQ171N6XEP.json; ancxf_report_01KPT4J3FVKFAEZQRW309QSTSC.json; talley_notes_01KPTCA4ZSDM2ES8NG4M4Q2VC3.json; neptune_training_mounting_the_artificial_ports_the_administrative_and_logistical_01KQ62TN8NC9F6A24WBX2GQWFB.json,0,
This film is a biographical sketch of Eisenhower's military career through the 1953 presidential,https://www.eisenhowerlibrary.gov/sites/default/files/research/subject-guides/pdf/operation-overlord.pdf,,"Collection relating to the Normandy invasion, June 6, 1944. The film accession number is located at Box 1",Operation Overlord (Subject Guide),575,fwd_13765_4_sep_44_and_fwd_14764_14_sep_44_eisenhower_to_comdrs_01KTA7ZXY1QNG8X018BQR0CJJX.json; eisenhower_to_12th_and_6th_a_gps_fwd_15934_26_sep_44_01KS8KB8C9SBZXEGPTWB77183B.json; memo_sub_decisions_reached_at_supreme_commanders_conf_18_oct_44_dtd_22_oct_44_01KT7YPJS0YVYNHDJN1ZH7YWFX.json; cable_to_marshall_cpa_90255_01KQV0KE1ZVD8QZCNXVBXE8M7Q.json; cable_marshall_to_eisenhower_01KQ67WVV4MJDV63RH8TD5HFAD.json,0,
inauguration. Some scenes are of Eisenhower's family and personal life. The major portion of footage,https://www.eisenhowerlibrary.gov/sites/default/files/research/subject-guides/pdf/operation-overlord.pdf,,"Collection relating to the Normandy invasion, June 6, 1944. The film accession number is located at Box 1",Operation Overlord (Subject Guide),575,fwd_13765_4_sep_44_and_fwd_14764_14_sep_44_eisenhower_to_comdrs_01KTA7ZXY1QNG8X018BQR0CJJX.json; eisenhower_to_12th_and_6th_a_gps_fwd_15934_26_sep_44_01KS8KB8C9SBZXEGPTWB77183B.json; memo_sub_decisions_reached_at_supreme_commanders_conf_18_oct_44_dtd_22_oct_44_01KT7YPJS0YVYNHDJN1ZH7YWFX.json; cable_to_marshall_cpa_90255_01KQV0KE1ZVD8QZCNXVBXE8M7Q.json; cable_marshall_to_eisenhower_01KQ67WVV4MJDV63RH8TD5HFAD.json,0,
"concerns Eisenhower's military career, including:",https://www.eisenhowerlibrary.gov/sites/default/files/research/subject-guides/pdf/operation-overlord.pdf,,"Collection relating to the Normandy invasion, June 6, 1944. The film accession number is located at Box 1",Operation Overlord (Subject Guide),575,fwd_13765_4_sep_44_and_fwd_14764_14_sep_44_eisenhower_to_comdrs_01KTA7ZXY1QNG8X018BQR0CJJX.json; eisenhower_to_12th_and_6th_a_gps_fwd_15934_26_sep_44_01KS8KB8C9SBZXEGPTWB77183B.json; memo_sub_decisions_reached_at_supreme_commanders_conf_18_oct_44_dtd_22_oct_44_01KT7YPJS0YVYNHDJN1ZH7YWFX.json; cable_to_marshall_cpa_90255_01KQV0KE1ZVD8QZCNXVBXE8M7Q.json; cable_marshall_to_eisenhower_01KQ67WVV4MJDV63RH8TD5HFAD.json,0,
"Eisenhower in London, Supreme Allied Commander conference (Bernard Montgomery, Arthur Tedder,",https://www.eisenhowerlibrary.gov/sites/default/files/research/subject-guides/pdf/operation-overlord.pdf,,"Collection relating to the Normandy invasion, June 6, 1944. The film accession number is located at Box 1",Operation Overlord (Subject Guide),706,fwd_13765_4_sep_44_and_fwd_14764_14_sep_44_eisenhower_to_comdrs_01KTA7ZXY1QNG8X018BQR0CJJX.json; eisenhower_to_12th_and_6th_a_gps_fwd_15934_26_sep_44_01KS8KB8C9SBZXEGPTWB77183B.json; memo_sub_decisions_reached_at_supreme_commanders_conf_18_oct_44_dtd_22_oct_44_01KT7YPJS0YVYNHDJN1ZH7YWFX.json; cable_to_marshall_cpa_90255_01KQV0KE1ZVD8QZCNXVBXE8M7Q.json; cable_marshall_to_eisenhower_01KQ67WVV4MJDV63RH8TD5HFAD.json,0,
D-Day coverage--Eisenhower accompanied by Admiral Bertram Ramsay and Commander Harry,https://www.eisenhowerlibrary.gov/sites/default/files/research/subject-guides/pdf/operation-overlord.pdf,,"Collection relating to the Normandy invasion, June 6, 1944. The film accession number is located at Box 1",Operation Overlord (Subject Guide),577,fwd_13765_4_sep_44_and_fwd_14764_14_sep_44_eisenhower_to_comdrs_01KTA7ZXY1QNG8X018BQR0CJJX.json; eisenhower_to_12th_and_6th_a_gps_fwd_15934_26_sep_44_01KS8KB8C9SBZXEGPTWB77183B.json; memo_sub_decisions_reached_at_supreme_commanders_conf_18_oct_44_dtd_22_oct_44_01KT7YPJS0YVYNHDJN1ZH7YWFX.json; cable_to_marshall_cpa_90255_01KQV0KE1ZVD8QZCNXVBXE8M7Q.json; cable_marshall_to_eisenhower_01KQ67WVV4MJDV63RH8TD5HFAD.json,0,
Butcher sees General Omar Bradley off Omaha Beach; stops along the HMS Hilary off British beaches,https://www.eisenhowerlibrary.gov/sites/default/files/research/subject-guides/pdf/operation-overlord.pdf,,"Collection relating to the Normandy invasion, June 6, 1944. The film accession number is located at Box 1",Operation Overlord (Subject Guide),324,to_patton_01KRJ34DV7HGNM0J7AXP1W1XGZ.json; smith_to_bradley_01KS3J4ECWTG9RJN51KP4KJRY8.json; ltr_bradley_to_eisenhower_10_sep_pogue_files_01KPSWCX9XBT5SGAWJND6K4FK0.json; bradley_to_patton_23_sep_44_01KS0ZXMHAGDN4EFSN9E6C37TM.json; 21_agp_dirs_m_510_and_m_515_01KPSR7SV6P8CJAJMST5MACTWR.json,0,
EL-MP16-137 THE BIG PICTURE: THE EISENHOWER STORY,https://www.eisenhowerlibrary.gov/sites/default/files/research/subject-guides/pdf/operation-overlord.pdf,,"Collection relating to the Normandy invasion, June 6, 1944. The film accession number is located at Box 1",Operation Overlord (Subject Guide),575,fwd_13765_4_sep_44_and_fwd_14764_14_sep_44_eisenhower_to_comdrs_01KTA7ZXY1QNG8X018BQR0CJJX.json; eisenhower_to_12th_and_6th_a_gps_fwd_15934_26_sep_44_01KS8KB8C9SBZXEGPTWB77183B.json; memo_sub_decisions_reached_at_supreme_commanders_conf_18_oct_44_dtd_22_oct_44_01KT7YPJS0YVYNHDJN1ZH7YWFX.json; cable_to_marshall_cpa_90255_01KQV0KE1ZVD8QZCNXVBXE8M7Q.json; cable_marshall_to_eisenhower_01KQ67WVV4MJDV63RH8TD5HFAD.json,0,
Includes small portion on the 1944 invasion of Normandy.,https://www.eisenhowerlibrary.gov/sites/default/files/research/subject-guides/pdf/operation-overlord.pdf,,"Collection relating to the Normandy invasion, June 6, 1944. The film accession number is located at Box 1",Operation Overlord (Subject Guide),175,research_and_analysis_to_fix_earliest_practicable_date_for_invasion_of_western_e_01KQ68N782VCFZMKQ83X27N773.json; intentions_second_british_army_and_first_canadian_army_19_20_21_and_23_aug_01KPSY97B5VKNJH2NEGVKBPSG4.json; remarks_on_90th_division_performance_01KPVBW7KQV6MJXCSZTQY9T04M.json; 12th_army_group_report_of_operations_01KQ96PXTQTFRRHS5P9CD6ESEA.json; fusa_psychological_warfare_division_letter_bombing_of_st_lô_4_july_1944_01KPT3M5NYB7DQ4YSJFBH6X5A8.json,0,
shows clips from Eisenhower's career. These include films of the Normandy invasion among many,https://www.eisenhowerlibrary.gov/sites/default/files/research/subject-guides/pdf/operation-overlord.pdf,,"Collection relating to the Normandy invasion, June 6, 1944. The film accession number is located at Box 1",Operation Overlord (Subject Guide),730,fwd_13765_4_sep_44_and_fwd_14764_14_sep_44_eisenhower_to_comdrs_01KTA7ZXY1QNG8X018BQR0CJJX.json; eisenhower_to_12th_and_6th_a_gps_fwd_15934_26_sep_44_01KS8KB8C9SBZXEGPTWB77183B.json; memo_sub_decisions_reached_at_supreme_commanders_conf_18_oct_44_dtd_22_oct_44_01KT7YPJS0YVYNHDJN1ZH7YWFX.json; cable_to_marshall_cpa_90255_01KQV0KE1ZVD8QZCNXVBXE8M7Q.json; cable_marshall_to_eisenhower_01KQ67WVV4MJDV63RH8TD5HFAD.json,0,
"Eisenhower's career. These include Eisenhower with Bernard Montgomery, Franklin D. Roosevelt,",https://www.eisenhowerlibrary.gov/sites/default/files/research/subject-guides/pdf/operation-overlord.pdf,,"Collection relating to the Normandy invasion, June 6, 1944. The film accession number is located at Box 1",Operation Overlord (Subject Guide),702,fwd_13765_4_sep_44_and_fwd_14764_14_sep_44_eisenhower_to_comdrs_01KTA7ZXY1QNG8X018BQR0CJJX.json; eisenhower_to_12th_and_6th_a_gps_fwd_15934_26_sep_44_01KS8KB8C9SBZXEGPTWB77183B.json; memo_sub_decisions_reached_at_supreme_commanders_conf_18_oct_44_dtd_22_oct_44_01KT7YPJS0YVYNHDJN1ZH7YWFX.json; cable_to_marshall_cpa_90255_01KQV0KE1ZVD8QZCNXVBXE8M7Q.json; cable_marshall_to_eisenhower_01KQ67WVV4MJDV63RH8TD5HFAD.json,0,
Winston Churchill; Eisenhower with soldiers; film of Normandy invasion.,https://www.eisenhowerlibrary.gov/sites/default/files/research/subject-guides/pdf/operation-overlord.pdf,,"Collection relating to the Normandy invasion, June 6, 1944. The film accession number is located at Box 1",Operation Overlord (Subject Guide),730,fwd_13765_4_sep_44_and_fwd_14764_14_sep_44_eisenhower_to_comdrs_01KTA7ZXY1QNG8X018BQR0CJJX.json; eisenhower_to_12th_and_6th_a_gps_fwd_15934_26_sep_44_01KS8KB8C9SBZXEGPTWB77183B.json; memo_sub_decisions_reached_at_supreme_commanders_conf_18_oct_44_dtd_22_oct_44_01KT7YPJS0YVYNHDJN1ZH7YWFX.json; cable_to_marshall_cpa_90255_01KQV0KE1ZVD8QZCNXVBXE8M7Q.json; cable_marshall_to_eisenhower_01KQ67WVV4MJDV63RH8TD5HFAD.json,0,
EL-MP16-231 THE BIG PICTURE: EISENHOWER THE SOLDIER,https://www.eisenhowerlibrary.gov/sites/default/files/research/subject-guides/pdf/operation-overlord.pdf,,"Collection relating to the Normandy invasion, June 6, 1944. The film accession number is located at Box 1",Operation Overlord (Subject Guide),575,fwd_13765_4_sep_44_and_fwd_14764_14_sep_44_eisenhower_to_comdrs_01KTA7ZXY1QNG8X018BQR0CJJX.json; eisenhower_to_12th_and_6th_a_gps_fwd_15934_26_sep_44_01KS8KB8C9SBZXEGPTWB77183B.json; memo_sub_decisions_reached_at_supreme_commanders_conf_18_oct_44_dtd_22_oct_44_01KT7YPJS0YVYNHDJN1ZH7YWFX.json; cable_to_marshall_cpa_90255_01KQV0KE1ZVD8QZCNXVBXE8M7Q.json; cable_marshall_to_eisenhower_01KQ67WVV4MJDV63RH8TD5HFAD.json,0,
Walter Matthau with the introduction; with Raymond Massey. The chronological sketch of Eisenhower's,https://www.eisenhowerlibrary.gov/sites/default/files/research/subject-guides/pdf/operation-overlord.pdf,,"Collection relating to the Normandy invasion, June 6, 1944. The film accession number is located at Box 1",Operation Overlord (Subject Guide),575,fwd_13765_4_sep_44_and_fwd_14764_14_sep_44_eisenhower_to_comdrs_01KTA7ZXY1QNG8X018BQR0CJJX.json; eisenhower_to_12th_and_6th_a_gps_fwd_15934_26_sep_44_01KS8KB8C9SBZXEGPTWB77183B.json; memo_sub_decisions_reached_at_supreme_commanders_conf_18_oct_44_dtd_22_oct_44_01KT7YPJS0YVYNHDJN1ZH7YWFX.json; cable_to_marshall_cpa_90255_01KQV0KE1ZVD8QZCNXVBXE8M7Q.json; cable_marshall_to_eisenhower_01KQ67WVV4MJDV63RH8TD5HFAD.json,0,
the invasion of Normandy.,https://www.eisenhowerlibrary.gov/sites/default/files/research/subject-guides/pdf/operation-overlord.pdf,,"Collection relating to the Normandy invasion, June 6, 1944. The film accession number is located at Box 1",Operation Overlord (Subject Guide),175,research_and_analysis_to_fix_earliest_practicable_date_for_invasion_of_western_e_01KQ68N782VCFZMKQ83X27N773.json; intentions_second_british_army_and_first_canadian_army_19_20_21_and_23_aug_01KPSY97B5VKNJH2NEGVKBPSG4.json; remarks_on_90th_division_performance_01KPVBW7KQV6MJXCSZTQY9T04M.json; 12th_army_group_report_of_operations_01KQ96PXTQTFRRHS5P9CD6ESEA.json; fusa_psychological_warfare_division_letter_bombing_of_st_lô_4_july_1944_01KPT3M5NYB7DQ4YSJFBH6X5A8.json,0,
EL-MP16-242 JOHN EISENHOWER GRADUATES,https://www.eisenhowerlibrary.gov/sites/default/files/research/subject-guides/pdf/operation-overlord.pdf,,"Collection relating to the Normandy invasion, June 6, 1944. The film accession number is located at Box 1",Operation Overlord (Subject Guide),575,fwd_13765_4_sep_44_and_fwd_14764_14_sep_44_eisenhower_to_comdrs_01KTA7ZXY1QNG8X018BQR0CJJX.json; eisenhower_to_12th_and_6th_a_gps_fwd_15934_26_sep_44_01KS8KB8C9SBZXEGPTWB77183B.json; memo_sub_decisions_reached_at_supreme_commanders_conf_18_oct_44_dtd_22_oct_44_01KT7YPJS0YVYNHDJN1ZH7YWFX.json; cable_to_marshall_cpa_90255_01KQV0KE1ZVD8QZCNXVBXE8M7Q.json; cable_marshall_to_eisenhower_01KQ67WVV4MJDV63RH8TD5HFAD.json,0,
EL-MP16-333 D-DAY PLUS 20 YEARS: EISENHOWER RETURNS TO NORMANDY,https://www.eisenhowerlibrary.gov/sites/default/files/research/subject-guides/pdf/operation-overlord.pdf,,"Collection relating to the Normandy invasion, June 6, 1944. The film accession number is located at Box 1",Operation Overlord (Subject Guide),664,fwd_13765_4_sep_44_and_fwd_14764_14_sep_44_eisenhower_to_comdrs_01KTA7ZXY1QNG8X018BQR0CJJX.json; eisenhower_to_12th_and_6th_a_gps_fwd_15934_26_sep_44_01KS8KB8C9SBZXEGPTWB77183B.json; memo_sub_decisions_reached_at_supreme_commanders_conf_18_oct_44_dtd_22_oct_44_01KT7YPJS0YVYNHDJN1ZH7YWFX.json; cable_to_marshall_cpa_90255_01KQV0KE1ZVD8QZCNXVBXE8M7Q.json; cable_marshall_to_eisenhower_01KQ67WVV4MJDV63RH8TD5HFAD.json,0,
"Walter Cronkite interviews Eisenhower for segment of CBS Reports, broadcast June 5, 1964. Begins",https://www.eisenhowerlibrary.gov/sites/default/files/research/subject-guides/pdf/operation-overlord.pdf,,"Collection relating to the Normandy invasion, June 6, 1944. The film accession number is located at Box 1",Operation Overlord (Subject Guide),575,fwd_13765_4_sep_44_and_fwd_14764_14_sep_44_eisenhower_to_comdrs_01KTA7ZXY1QNG8X018BQR0CJJX.json; eisenhower_to_12th_and_6th_a_gps_fwd_15934_26_sep_44_01KS8KB8C9SBZXEGPTWB77183B.json; memo_sub_decisions_reached_at_supreme_commanders_conf_18_oct_44_dtd_22_oct_44_01KT7YPJS0YVYNHDJN1ZH7YWFX.json; cable_to_marshall_cpa_90255_01KQV0KE1ZVD8QZCNXVBXE8M7Q.json; cable_marshall_to_eisenhower_01KQ67WVV4MJDV63RH8TD5HFAD.json,0,
discuss the strategy and tactics of the Normandy invasion. From there they drive to the Royal Naval,https://www.eisenhowerlibrary.gov/sites/default/files/research/subject-guides/pdf/operation-overlord.pdf,,"Collection relating to the Normandy invasion, June 6, 1944. The film accession number is located at Box 1",Operation Overlord (Subject Guide),175,research_and_analysis_to_fix_earliest_practicable_date_for_invasion_of_western_e_01KQ68N782VCFZMKQ83X27N773.json; intentions_second_british_army_and_first_canadian_army_19_20_21_and_23_aug_01KPSY97B5VKNJH2NEGVKBPSG4.json; remarks_on_90th_division_performance_01KPVBW7KQV6MJXCSZTQY9T04M.json; 12th_army_group_report_of_operations_01KQ96PXTQTFRRHS5P9CD6ESEA.json; fusa_psychological_warfare_division_letter_bombing_of_st_lô_4_july_1944_01KPT3M5NYB7DQ4YSJFBH6X5A8.json,0,
"Yard, Portsmouth, England and depart to the Normandy beaches. They visit Pointe duos, Omaha",https://www.eisenhowerlibrary.gov/sites/default/files/research/subject-guides/pdf/operation-overlord.pdf,,"Collection relating to the Normandy invasion, June 6, 1944. The film accession number is located at Box 1",Operation Overlord (Subject Guide),114,intentions_second_british_army_and_first_canadian_army_19_20_21_and_23_aug_01KPSY97B5VKNJH2NEGVKBPSG4.json; remarks_on_90th_division_performance_01KPVBW7KQV6MJXCSZTQY9T04M.json; 12th_army_group_report_of_operations_01KQ96PXTQTFRRHS5P9CD6ESEA.json; fusa_psychological_warfare_division_letter_bombing_of_st_lô_4_july_1944_01KPT3M5NYB7DQ4YSJFBH6X5A8.json; 8th_div_g_3_jnl_entry_0815_30_jul_01KPT49DTXK4E1DS904FFQ8BVE.json,0,
"Beach, and St. E. Mere Eglise, and discuss the operations there. Eisenhower talks of invasion logist",https://www.eisenhowerlibrary.gov/sites/default/files/research/subject-guides/pdf/operation-overlord.pdf,,"Collection relating to the Normandy invasion, June 6, 1944. The film accession number is located at Box 1",Operation Overlord (Subject Guide),649,fwd_13765_4_sep_44_and_fwd_14764_14_sep_44_eisenhower_to_comdrs_01KTA7ZXY1QNG8X018BQR0CJJX.json; eisenhower_to_12th_and_6th_a_gps_fwd_15934_26_sep_44_01KS8KB8C9SBZXEGPTWB77183B.json; memo_sub_decisions_reached_at_supreme_commanders_conf_18_oct_44_dtd_22_oct_44_01KT7YPJS0YVYNHDJN1ZH7YWFX.json; cable_to_marshall_cpa_90255_01KQV0KE1ZVD8QZCNXVBXE8M7Q.json; cable_marshall_to_eisenhower_01KQ67WVV4MJDV63RH8TD5HFAD.json,0,
"and the construction and operation of the artificial harbors (Mulberry, Gooseberry, etc.) Eisenhower",https://www.eisenhowerlibrary.gov/sites/default/files/research/subject-guides/pdf/operation-overlord.pdf,,"Collection relating to the Normandy invasion, June 6, 1944. The film accession number is located at Box 1",Operation Overlord (Subject Guide),575,fwd_13765_4_sep_44_and_fwd_14764_14_sep_44_eisenhower_to_comdrs_01KTA7ZXY1QNG8X018BQR0CJJX.json; eisenhower_to_12th_and_6th_a_gps_fwd_15934_26_sep_44_01KS8KB8C9SBZXEGPTWB77183B.json; memo_sub_decisions_reached_at_supreme_commanders_conf_18_oct_44_dtd_22_oct_44_01KT7YPJS0YVYNHDJN1ZH7YWFX.json; cable_to_marshall_cpa_90255_01KQV0KE1ZVD8QZCNXVBXE8M7Q.json; cable_marshall_to_eisenhower_01KQ67WVV4MJDV63RH8TD5HFAD.json,0,
Shows Allied and German preparations for invasion of Europe.,https://www.eisenhowerlibrary.gov/sites/default/files/research/subject-guides/pdf/operation-overlord.pdf,,"Collection relating to the Normandy invasion, June 6, 1944. The film accession number is located at Box 1",Operation Overlord (Subject Guide),77,research_and_analysis_to_fix_earliest_practicable_date_for_invasion_of_western_e_01KQ68N782VCFZMKQ83X27N773.json; fusa_psychological_warfare_division_letter_bombing_of_st_lô_4_july_1944_01KPT3M5NYB7DQ4YSJFBH6X5A8.json; report_to_bormann_01KPVC8N7XTH5Z99ABEPKZGJKB.json; ltr_gavin_to_maj_gen_paul_l_williams_01KT9TDCJFKZC6KYD6JRJBNY98.json; study_by_the_kdtr_dbef_eifel_und_saarpfalz_01KSEE8V21F0JGGX2V8E9P4EH4.json,0,
Excellent footage of Mulberry and Eisenhower's Cadillac. Commentary by Lord Mountbatten and J. M.,https://www.eisenhowerlibrary.gov/sites/default/files/research/subject-guides/pdf/operation-overlord.pdf,,"Collection relating to the Normandy invasion, June 6, 1944. The film accession number is located at Box 1",Operation Overlord (Subject Guide),575,fwd_13765_4_sep_44_and_fwd_14764_14_sep_44_eisenhower_to_comdrs_01KTA7ZXY1QNG8X018BQR0CJJX.json; eisenhower_to_12th_and_6th_a_gps_fwd_15934_26_sep_44_01KS8KB8C9SBZXEGPTWB77183B.json; memo_sub_decisions_reached_at_supreme_commanders_conf_18_oct_44_dtd_22_oct_44_01KT7YPJS0YVYNHDJN1ZH7YWFX.json; cable_to_marshall_cpa_90255_01KQV0KE1ZVD8QZCNXVBXE8M7Q.json; cable_marshall_to_eisenhower_01KQ67WVV4MJDV63RH8TD5HFAD.json,0,
EL-MP16-372 BIOGRAPHY: DWIGHT D. EISENHOWER,https://www.eisenhowerlibrary.gov/sites/default/files/research/subject-guides/pdf/operation-overlord.pdf,,"Collection relating to the Normandy invasion, June 6, 1944. The film accession number is located at Box 1",Operation Overlord (Subject Guide),575,fwd_13765_4_sep_44_and_fwd_14764_14_sep_44_eisenhower_to_comdrs_01KTA7ZXY1QNG8X018BQR0CJJX.json; eisenhower_to_12th_and_6th_a_gps_fwd_15934_26_sep_44_01KS8KB8C9SBZXEGPTWB77183B.json; memo_sub_decisions_reached_at_supreme_commanders_conf_18_oct_44_dtd_22_oct_44_01KT7YPJS0YVYNHDJN1ZH7YWFX.json; cable_to_marshall_cpa_90255_01KQV0KE1ZVD8QZCNXVBXE8M7Q.json; cable_marshall_to_eisenhower_01KQ67WVV4MJDV63RH8TD5HFAD.json,0,
"A tribute to Eisenhower narrated by actor, Jimmy Stewart. Short excerpts cover the following: the wa",https://www.eisenhowerlibrary.gov/sites/default/files/research/subject-guides/pdf/operation-overlord.pdf,,"Collection relating to the Normandy invasion, June 6, 1944. The film accession number is located at Box 1",Operation Overlord (Subject Guide),575,fwd_13765_4_sep_44_and_fwd_14764_14_sep_44_eisenhower_to_comdrs_01KTA7ZXY1QNG8X018BQR0CJJX.json; eisenhower_to_12th_and_6th_a_gps_fwd_15934_26_sep_44_01KS8KB8C9SBZXEGPTWB77183B.json; memo_sub_decisions_reached_at_supreme_commanders_conf_18_oct_44_dtd_22_oct_44_01KT7YPJS0YVYNHDJN1ZH7YWFX.json; cable_to_marshall_cpa_90255_01KQV0KE1ZVD8QZCNXVBXE8M7Q.json; cable_marshall_to_eisenhower_01KQ67WVV4MJDV63RH8TD5HFAD.json,0,
PREPARATION FOR INVASION,https://www.eisenhowerlibrary.gov/sites/default/files/research/subject-guides/pdf/operation-overlord.pdf,,"Collection relating to the Normandy invasion, June 6, 1944. The film accession number is located at Box 1",Operation Overlord (Subject Guide),77,research_and_analysis_to_fix_earliest_practicable_date_for_invasion_of_western_e_01KQ68N782VCFZMKQ83X27N773.json; fusa_psychological_warfare_division_letter_bombing_of_st_lô_4_july_1944_01KPT3M5NYB7DQ4YSJFBH6X5A8.json; report_to_bormann_01KPVC8N7XTH5Z99ABEPKZGJKB.json; ltr_gavin_to_maj_gen_paul_l_williams_01KT9TDCJFKZC6KYD6JRJBNY98.json; study_by_the_kdtr_dbef_eifel_und_saarpfalz_01KSEE8V21F0JGGX2V8E9P4EH4.json,0,
Eisenhower starts intensive planning for the great cross channel invasion of the Nazi fortress of,https://www.eisenhowerlibrary.gov/sites/default/files/research/subject-guides/pdf/operation-overlord.pdf,,"Collection relating to the Normandy invasion, June 6, 1944. The film accession number is located at Box 1",Operation Overlord (Subject Guide),697,fwd_13765_4_sep_44_and_fwd_14764_14_sep_44_eisenhower_to_comdrs_01KTA7ZXY1QNG8X018BQR0CJJX.json; eisenhower_to_12th_and_6th_a_gps_fwd_15934_26_sep_44_01KS8KB8C9SBZXEGPTWB77183B.json; memo_sub_decisions_reached_at_supreme_commanders_conf_18_oct_44_dtd_22_oct_44_01KT7YPJS0YVYNHDJN1ZH7YWFX.json; cable_to_marshall_cpa_90255_01KQV0KE1ZVD8QZCNXVBXE8M7Q.json; cable_marshall_to_eisenhower_01KQ67WVV4MJDV63RH8TD5HFAD.json,0,
"airborne troops took off and the invasion fleet shoved off, and the greatest moment in World War II ",https://www.eisenhowerlibrary.gov/sites/default/files/research/subject-guides/pdf/operation-overlord.pdf,,"Collection relating to the Normandy invasion, June 6, 1944. The film accession number is located at Box 1",Operation Overlord (Subject Guide),77,research_and_analysis_to_fix_earliest_practicable_date_for_invasion_of_western_e_01KQ68N782VCFZMKQ83X27N773.json; fusa_psychological_warfare_division_letter_bombing_of_st_lô_4_july_1944_01KPT3M5NYB7DQ4YSJFBH6X5A8.json; report_to_bormann_01KPVC8N7XTH5Z99ABEPKZGJKB.json; ltr_gavin_to_maj_gen_paul_l_williams_01KT9TDCJFKZC6KYD6JRJBNY98.json; study_by_the_kdtr_dbef_eifel_und_saarpfalz_01KSEE8V21F0JGGX2V8E9P4EH4.json,0,
"June 6, 1944 and the great cross channel invasion is finally a reality. Film includes scenes of the",https://www.eisenhowerlibrary.gov/sites/default/files/research/subject-guides/pdf/operation-overlord.pdf,,"Collection relating to the Normandy invasion, June 6, 1944. The film accession number is located at Box 1",Operation Overlord (Subject Guide),135,research_and_analysis_to_fix_earliest_practicable_date_for_invasion_of_western_e_01KQ68N782VCFZMKQ83X27N773.json; zustandberichte_ss_divisiones_jun_43_jul_44_01KPT230H7E4C5FV2C4H99W23H.json; fusa_psychological_warfare_division_letter_bombing_of_st_lô_4_july_1944_01KPT3M5NYB7DQ4YSJFBH6X5A8.json; hitler_versus_his_generals_in_the_west_01KPSYYDQ8RT3Q70Z85KR2N33A.json; rommel_to_rundstedt_01KPVPQH04ZA15DY7SN9TFYH8P.json,0,
"one, Eisenhower and Admiral Ramsay inspect the beaches from a ship offshore.",https://www.eisenhowerlibrary.gov/sites/default/files/research/subject-guides/pdf/operation-overlord.pdf,,"Collection relating to the Normandy invasion, June 6, 1944. The film accession number is located at Box 1",Operation Overlord (Subject Guide),577,fwd_13765_4_sep_44_and_fwd_14764_14_sep_44_eisenhower_to_comdrs_01KTA7ZXY1QNG8X018BQR0CJJX.json; eisenhower_to_12th_and_6th_a_gps_fwd_15934_26_sep_44_01KS8KB8C9SBZXEGPTWB77183B.json; memo_sub_decisions_reached_at_supreme_commanders_conf_18_oct_44_dtd_22_oct_44_01KT7YPJS0YVYNHDJN1ZH7YWFX.json; cable_to_marshall_cpa_90255_01KQV0KE1ZVD8QZCNXVBXE8M7Q.json; cable_marshall_to_eisenhower_01KQ67WVV4MJDV63RH8TD5HFAD.json,0,
"General Eisenhower, Admiral King, General Arnold, and members of their staffs visited the beaches",https://www.eisenhowerlibrary.gov/sites/default/files/research/subject-guides/pdf/operation-overlord.pdf,,"Collection relating to the Normandy invasion, June 6, 1944. The film accession number is located at Box 1",Operation Overlord (Subject Guide),575,fwd_13765_4_sep_44_and_fwd_14764_14_sep_44_eisenhower_to_comdrs_01KTA7ZXY1QNG8X018BQR0CJJX.json; eisenhower_to_12th_and_6th_a_gps_fwd_15934_26_sep_44_01KS8KB8C9SBZXEGPTWB77183B.json; memo_sub_decisions_reached_at_supreme_commanders_conf_18_oct_44_dtd_22_oct_44_01KT7YPJS0YVYNHDJN1ZH7YWFX.json; cable_to_marshall_cpa_90255_01KQV0KE1ZVD8QZCNXVBXE8M7Q.json; cable_marshall_to_eisenhower_01KQ67WVV4MJDV63RH8TD5HFAD.json,0,
the invasion beaches and caused great damage to Allied ships and equipment. The Allies fought their,https://www.eisenhowerlibrary.gov/sites/default/files/research/subject-guides/pdf/operation-overlord.pdf,,"Collection relating to the Normandy invasion, June 6, 1944. The film accession number is located at Box 1",Operation Overlord (Subject Guide),77,research_and_analysis_to_fix_earliest_practicable_date_for_invasion_of_western_e_01KQ68N782VCFZMKQ83X27N773.json; fusa_psychological_warfare_division_letter_bombing_of_st_lô_4_july_1944_01KPT3M5NYB7DQ4YSJFBH6X5A8.json; report_to_bormann_01KPVC8N7XTH5Z99ABEPKZGJKB.json; ltr_gavin_to_maj_gen_paul_l_williams_01KT9TDCJFKZC6KYD6JRJBNY98.json; study_by_the_kdtr_dbef_eifel_und_saarpfalz_01KSEE8V21F0JGGX2V8E9P4EH4.json,0,
planning and execution of the mighty invasion of the coast of France; D-Day; the Liberation of Paris,https://www.eisenhowerlibrary.gov/sites/default/files/research/subject-guides/pdf/operation-overlord.pdf,,"Collection relating to the Normandy invasion, June 6, 1944. The film accession number is located at Box 1",Operation Overlord (Subject Guide),77,research_and_analysis_to_fix_earliest_practicable_date_for_invasion_of_western_e_01KQ68N782VCFZMKQ83X27N773.json; fusa_psychological_warfare_division_letter_bombing_of_st_lô_4_july_1944_01KPT3M5NYB7DQ4YSJFBH6X5A8.json; report_to_bormann_01KPVC8N7XTH5Z99ABEPKZGJKB.json; ltr_gavin_to_maj_gen_paul_l_williams_01KT9TDCJFKZC6KYD6JRJBNY98.json; study_by_the_kdtr_dbef_eifel_und_saarpfalz_01KSEE8V21F0JGGX2V8E9P4EH4.json,0,
Battle of the Bulge; Crossing of the Rhine; and meeting with the Russians at the Elbe. Eisenhower,https://www.eisenhowerlibrary.gov/sites/default/files/research/subject-guides/pdf/operation-overlord.pdf,,"Collection relating to the Normandy invasion, June 6, 1944. The film accession number is located at Box 1",Operation Overlord (Subject Guide),575,fwd_13765_4_sep_44_and_fwd_14764_14_sep_44_eisenhower_to_comdrs_01KTA7ZXY1QNG8X018BQR0CJJX.json; eisenhower_to_12th_and_6th_a_gps_fwd_15934_26_sep_44_01KS8KB8C9SBZXEGPTWB77183B.json; memo_sub_decisions_reached_at_supreme_commanders_conf_18_oct_44_dtd_22_oct_44_01KT7YPJS0YVYNHDJN1ZH7YWFX.json; cable_to_marshall_cpa_90255_01KQV0KE1ZVD8QZCNXVBXE8M7Q.json; cable_marshall_to_eisenhower_01KQ67WVV4MJDV63RH8TD5HFAD.json,0,
"EL-MP16-400 INVASION OF NORMANDY, FRANCE BY ALLIED FORCES",https://www.eisenhowerlibrary.gov/sites/default/files/research/subject-guides/pdf/operation-overlord.pdf,,"Collection relating to the Normandy invasion, June 6, 1944. The film accession number is located at Box 1",Operation Overlord (Subject Guide),175,research_and_analysis_to_fix_earliest_practicable_date_for_invasion_of_western_e_01KQ68N782VCFZMKQ83X27N773.json; intentions_second_british_army_and_first_canadian_army_19_20_21_and_23_aug_01KPSY97B5VKNJH2NEGVKBPSG4.json; remarks_on_90th_division_performance_01KPVBW7KQV6MJXCSZTQY9T04M.json; 12th_army_group_report_of_operations_01KQ96PXTQTFRRHS5P9CD6ESEA.json; fusa_psychological_warfare_division_letter_bombing_of_st_lô_4_july_1944_01KPT3M5NYB7DQ4YSJFBH6X5A8.json,0,
through D-Day plus 3. Allied soldiers prior to embarking for the invasion; troops reading Eisenhower,https://www.eisenhowerlibrary.gov/sites/default/files/research/subject-guides/pdf/operation-overlord.pdf,,"Collection relating to the Normandy invasion, June 6, 1944. The film accession number is located at Box 1",Operation Overlord (Subject Guide),649,fwd_13765_4_sep_44_and_fwd_14764_14_sep_44_eisenhower_to_comdrs_01KTA7ZXY1QNG8X018BQR0CJJX.json; eisenhower_to_12th_and_6th_a_gps_fwd_15934_26_sep_44_01KS8KB8C9SBZXEGPTWB77183B.json; memo_sub_decisions_reached_at_supreme_commanders_conf_18_oct_44_dtd_22_oct_44_01KT7YPJS0YVYNHDJN1ZH7YWFX.json; cable_to_marshall_cpa_90255_01KQV0KE1ZVD8QZCNXVBXE8M7Q.json; cable_marshall_to_eisenhower_01KQ67WVV4MJDV63RH8TD5HFAD.json,0,
"Order of the Day (narrated); various invasion operations; USS Corey sinking; gliders, German beach",https://www.eisenhowerlibrary.gov/sites/default/files/research/subject-guides/pdf/operation-overlord.pdf,,"Collection relating to the Normandy invasion, June 6, 1944. The film accession number is located at Box 1",Operation Overlord (Subject Guide),77,research_and_analysis_to_fix_earliest_practicable_date_for_invasion_of_western_e_01KQ68N782VCFZMKQ83X27N773.json; fusa_psychological_warfare_division_letter_bombing_of_st_lô_4_july_1944_01KPT3M5NYB7DQ4YSJFBH6X5A8.json; report_to_bormann_01KPVC8N7XTH5Z99ABEPKZGJKB.json; ltr_gavin_to_maj_gen_paul_l_williams_01KT9TDCJFKZC6KYD6JRJBNY98.json; study_by_the_kdtr_dbef_eifel_und_saarpfalz_01KSEE8V21F0JGGX2V8E9P4EH4.json,0,
defenses; West Wall; German prisoners of war; Eisenhower off the coast of France inspecting Allied,https://www.eisenhowerlibrary.gov/sites/default/files/research/subject-guides/pdf/operation-overlord.pdf,,"Collection relating to the Normandy invasion, June 6, 1944. The film accession number is located at Box 1",Operation Overlord (Subject Guide),575,fwd_13765_4_sep_44_and_fwd_14764_14_sep_44_eisenhower_to_comdrs_01KTA7ZXY1QNG8X018BQR0CJJX.json; eisenhower_to_12th_and_6th_a_gps_fwd_15934_26_sep_44_01KS8KB8C9SBZXEGPTWB77183B.json; memo_sub_decisions_reached_at_supreme_commanders_conf_18_oct_44_dtd_22_oct_44_01KT7YPJS0YVYNHDJN1ZH7YWFX.json; cable_to_marshall_cpa_90255_01KQV0KE1ZVD8QZCNXVBXE8M7Q.json; cable_marshall_to_eisenhower_01KQ67WVV4MJDV63RH8TD5HFAD.json,0,
"Normandy invasion, June 1944.",https://www.eisenhowerlibrary.gov/sites/default/files/research/subject-guides/pdf/operation-overlord.pdf,,"Collection relating to the Normandy invasion, June 6, 1944. The film accession number is located at Box 1",Operation Overlord (Subject Guide),175,research_and_analysis_to_fix_earliest_practicable_date_for_invasion_of_western_e_01KQ68N782VCFZMKQ83X27N773.json; intentions_second_british_army_and_first_canadian_army_19_20_21_and_23_aug_01KPSY97B5VKNJH2NEGVKBPSG4.json; remarks_on_90th_division_performance_01KPVBW7KQV6MJXCSZTQY9T04M.json; 12th_army_group_report_of_operations_01KQ96PXTQTFRRHS5P9CD6ESEA.json; fusa_psychological_warfare_division_letter_bombing_of_st_lô_4_july_1944_01KPT3M5NYB7DQ4YSJFBH6X5A8.json,0,
EL-MP16-442 NEWSREEL: ROME FALLS TO ALLIES/INVASION OF FORTRESS EUROPE,https://www.eisenhowerlibrary.gov/sites/default/files/research/subject-guides/pdf/operation-overlord.pdf,,"Collection relating to the Normandy invasion, June 6, 1944. The film accession number is located at Box 1",Operation Overlord (Subject Guide),77,research_and_analysis_to_fix_earliest_practicable_date_for_invasion_of_western_e_01KQ68N782VCFZMKQ83X27N773.json; fusa_psychological_warfare_division_letter_bombing_of_st_lô_4_july_1944_01KPT3M5NYB7DQ4YSJFBH6X5A8.json; report_to_bormann_01KPVC8N7XTH5Z99ABEPKZGJKB.json; ltr_gavin_to_maj_gen_paul_l_williams_01KT9TDCJFKZC6KYD6JRJBNY98.json; study_by_the_kdtr_dbef_eifel_und_saarpfalz_01KSEE8V21F0JGGX2V8E9P4EH4.json,0,
EL-MP16-489 THE COMMANDERS: GENERAL OF THE ARMY DWIGHT D. EISENHOWER,https://www.eisenhowerlibrary.gov/sites/default/files/research/subject-guides/pdf/operation-overlord.pdf,,"Collection relating to the Normandy invasion, June 6, 1944. The film accession number is located at Box 1",Operation Overlord (Subject Guide),575,fwd_13765_4_sep_44_and_fwd_14764_14_sep_44_eisenhower_to_comdrs_01KTA7ZXY1QNG8X018BQR0CJJX.json; eisenhower_to_12th_and_6th_a_gps_fwd_15934_26_sep_44_01KS8KB8C9SBZXEGPTWB77183B.json; memo_sub_decisions_reached_at_supreme_commanders_conf_18_oct_44_dtd_22_oct_44_01KT7YPJS0YVYNHDJN1ZH7YWFX.json; cable_to_marshall_cpa_90255_01KQV0KE1ZVD8QZCNXVBXE8M7Q.json; cable_marshall_to_eisenhower_01KQ67WVV4MJDV63RH8TD5HFAD.json,0,
Documentary traces Eisenhower's career from his birth to the end of World War II. Majority of the fi,https://www.eisenhowerlibrary.gov/sites/default/files/research/subject-guides/pdf/operation-overlord.pdf,,"Collection relating to the Normandy invasion, June 6, 1944. The film accession number is located at Box 1",Operation Overlord (Subject Guide),575,fwd_13765_4_sep_44_and_fwd_14764_14_sep_44_eisenhower_to_comdrs_01KTA7ZXY1QNG8X018BQR0CJJX.json; eisenhower_to_12th_and_6th_a_gps_fwd_15934_26_sep_44_01KS8KB8C9SBZXEGPTWB77183B.json; memo_sub_decisions_reached_at_supreme_commanders_conf_18_oct_44_dtd_22_oct_44_01KT7YPJS0YVYNHDJN1ZH7YWFX.json; cable_to_marshall_cpa_90255_01KQV0KE1ZVD8QZCNXVBXE8M7Q.json; cable_marshall_to_eisenhower_01KQ67WVV4MJDV63RH8TD5HFAD.json,0,
"Eisenhower's former staff and associates: Milton Eisenhower, Kenneth Strong, James Gault, Harry",https://www.eisenhowerlibrary.gov/sites/default/files/research/subject-guides/pdf/operation-overlord.pdf,,"Collection relating to the Normandy invasion, June 6, 1944. The film accession number is located at Box 1",Operation Overlord (Subject Guide),575,fwd_13765_4_sep_44_and_fwd_14764_14_sep_44_eisenhower_to_comdrs_01KTA7ZXY1QNG8X018BQR0CJJX.json; eisenhower_to_12th_and_6th_a_gps_fwd_15934_26_sep_44_01KS8KB8C9SBZXEGPTWB77183B.json; memo_sub_decisions_reached_at_supreme_commanders_conf_18_oct_44_dtd_22_oct_44_01KT7YPJS0YVYNHDJN1ZH7YWFX.json; cable_to_marshall_cpa_90255_01KQV0KE1ZVD8QZCNXVBXE8M7Q.json; cable_marshall_to_eisenhower_01KQ67WVV4MJDV63RH8TD5HFAD.json,0,
"Butcher, Alfred Gruenther, Thor M. Smith, Francis de Guingand. Written by Stephen E. Ambrose;",https://www.eisenhowerlibrary.gov/sites/default/files/research/subject-guides/pdf/operation-overlord.pdf,,"Collection relating to the Normandy invasion, June 6, 1944. The film accession number is located at Box 1",Operation Overlord (Subject Guide),98,smith_to_bradley_01KS3J4ECWTG9RJN51KP4KJRY8.json; letter_to_montgomery_15_september_1944_01KS0ZV0NQ2FHEQD91RPXP83VS.json; de_guingand_to_smith_26_sep_44_01KT7WZTY1550Z2M8PXKRT5VDN.json; cbl_smith_to_eisenhower_5_jan_44_eisenhower_personal_files_see_bibliographical_n_01KQ6GA50AS799AW9QN2XEJA88.json; cbl_eisenhower_to_smith_6_jan_44_eisenhower_personal_files_01KQ67WBVNV4BFF7NV7N3466N9.json,0,
This is by no means a complete and comprehensive list of all books written about Operation Overlord,https://www.eisenhowerlibrary.gov/sites/default/files/research/subject-guides/pdf/operation-overlord.pdf,,"Collection relating to the Normandy invasion, June 6, 1944. The film accession number is located at Box 1",Operation Overlord (Subject Guide),444,ltr_airborne_opns_to_further_overlord_6_jul_01KQ7YKC2VS82T5JY5CKHV1VD7.json; eisenhower_to_12th_and_6th_a_gps_fwd_15934_26_sep_44_01KS8KB8C9SBZXEGPTWB77183B.json; cable_marshall_to_eisenhower_01KQ67WVV4MJDV63RH8TD5HFAD.json; eisenhower_to_ccs_01KSDGRV10GZTKJ5BTM867SEBR.json; directive_to_commanders_01KS3GDGP010HG4AN4MTHASHE7.json,0,
and the D-Day invasion; the volume of writing on that event is staggering. There are also no general,https://www.eisenhowerlibrary.gov/sites/default/files/research/subject-guides/pdf/operation-overlord.pdf,,"Collection relating to the Normandy invasion, June 6, 1944. The film accession number is located at Box 1",Operation Overlord (Subject Guide),77,research_and_analysis_to_fix_earliest_practicable_date_for_invasion_of_western_e_01KQ68N782VCFZMKQ83X27N773.json; fusa_psychological_warfare_division_letter_bombing_of_st_lô_4_july_1944_01KPT3M5NYB7DQ4YSJFBH6X5A8.json; report_to_bormann_01KPVC8N7XTH5Z99ABEPKZGJKB.json; ltr_gavin_to_maj_gen_paul_l_williams_01KT9TDCJFKZC6KYD6JRJBNY98.json; study_by_the_kdtr_dbef_eifel_und_saarpfalz_01KSEE8V21F0JGGX2V8E9P4EH4.json,0,
breadth of the Operation Overlord experience. This bibliography contains official military histories,https://www.eisenhowerlibrary.gov/sites/default/files/research/subject-guides/pdf/operation-overlord.pdf,,"Collection relating to the Normandy invasion, June 6, 1944. The film accession number is located at Box 1",Operation Overlord (Subject Guide),444,ltr_airborne_opns_to_further_overlord_6_jul_01KQ7YKC2VS82T5JY5CKHV1VD7.json; eisenhower_to_12th_and_6th_a_gps_fwd_15934_26_sep_44_01KS8KB8C9SBZXEGPTWB77183B.json; cable_marshall_to_eisenhower_01KQ67WVV4MJDV63RH8TD5HFAD.json; eisenhower_to_ccs_01KSDGRV10GZTKJ5BTM867SEBR.json; directive_to_commanders_01KS3GDGP010HG4AN4MTHASHE7.json,0,
Mulberry harbors or the airborne portion of the invasion. There are also books written by or about,https://www.eisenhowerlibrary.gov/sites/default/files/research/subject-guides/pdf/operation-overlord.pdf,,"Collection relating to the Normandy invasion, June 6, 1944. The film accession number is located at Box 1",Operation Overlord (Subject Guide),77,research_and_analysis_to_fix_earliest_practicable_date_for_invasion_of_western_e_01KQ68N782VCFZMKQ83X27N773.json; fusa_psychological_warfare_division_letter_bombing_of_st_lô_4_july_1944_01KPT3M5NYB7DQ4YSJFBH6X5A8.json; report_to_bormann_01KPVC8N7XTH5Z99ABEPKZGJKB.json; ltr_gavin_to_maj_gen_paul_l_williams_01KT9TDCJFKZC6KYD6JRJBNY98.json; study_by_the_kdtr_dbef_eifel_und_saarpfalz_01KSEE8V21F0JGGX2V8E9P4EH4.json,0,
"__________. Eisenhower, Soldier, General of the Army, President Elect: 1890-1952. New York:",https://www.eisenhowerlibrary.gov/sites/default/files/research/subject-guides/pdf/operation-overlord.pdf,,"Collection relating to the Normandy invasion, June 6, 1944. The film accession number is located at Box 1",Operation Overlord (Subject Guide),575,fwd_13765_4_sep_44_and_fwd_14764_14_sep_44_eisenhower_to_comdrs_01KTA7ZXY1QNG8X018BQR0CJJX.json; eisenhower_to_12th_and_6th_a_gps_fwd_15934_26_sep_44_01KS8KB8C9SBZXEGPTWB77183B.json; memo_sub_decisions_reached_at_supreme_commanders_conf_18_oct_44_dtd_22_oct_44_01KT7YPJS0YVYNHDJN1ZH7YWFX.json; cable_to_marshall_cpa_90255_01KQV0KE1ZVD8QZCNXVBXE8M7Q.json; cable_marshall_to_eisenhower_01KQ67WVV4MJDV63RH8TD5HFAD.json,0,
"Balkowski, David. Beyond the Beachhead: The 29th Infantry Division in Normandy. Harrisburg, PA:",https://www.eisenhowerlibrary.gov/sites/default/files/research/subject-guides/pdf/operation-overlord.pdf,,"Collection relating to the Normandy invasion, June 6, 1944. The film accession number is located at Box 1",Operation Overlord (Subject Guide),106,intentions_second_british_army_and_first_canadian_army_19_20_21_and_23_aug_01KPSY97B5VKNJH2NEGVKBPSG4.json; remarks_on_90th_division_performance_01KPVBW7KQV6MJXCSZTQY9T04M.json; 12th_army_group_report_of_operations_01KQ96PXTQTFRRHS5P9CD6ESEA.json; fusa_psychological_warfare_division_letter_bombing_of_st_lô_4_july_1944_01KPT3M5NYB7DQ4YSJFBH6X5A8.json; 8th_div_g_3_jnl_entry_0815_30_jul_01KPT49DTXK4E1DS904FFQ8BVE.json,0,
"Breuer, William B. Hoodwinking Hitler: the Normandy Deception. Westport, CT: Praeger,",https://www.eisenhowerlibrary.gov/sites/default/files/research/subject-guides/pdf/operation-overlord.pdf,,"Collection relating to the Normandy invasion, June 6, 1944. The film accession number is located at Box 1",Operation Overlord (Subject Guide),106,intentions_second_british_army_and_first_canadian_army_19_20_21_and_23_aug_01KPSY97B5VKNJH2NEGVKBPSG4.json; remarks_on_90th_division_performance_01KPVBW7KQV6MJXCSZTQY9T04M.json; 12th_army_group_report_of_operations_01KQ96PXTQTFRRHS5P9CD6ESEA.json; fusa_psychological_warfare_division_letter_bombing_of_st_lô_4_july_1944_01KPT3M5NYB7DQ4YSJFBH6X5A8.json; 8th_div_g_3_jnl_entry_0815_30_jul_01KPT49DTXK4E1DS904FFQ8BVE.json,0,
"Chandler, Alfred D., editor. The Papers of Dwight D. Eisenhower: The War Years (Five volumes).",https://www.eisenhowerlibrary.gov/sites/default/files/research/subject-guides/pdf/operation-overlord.pdf,,"Collection relating to the Normandy invasion, June 6, 1944. The film accession number is located at Box 1",Operation Overlord (Subject Guide),575,fwd_13765_4_sep_44_and_fwd_14764_14_sep_44_eisenhower_to_comdrs_01KTA7ZXY1QNG8X018BQR0CJJX.json; eisenhower_to_12th_and_6th_a_gps_fwd_15934_26_sep_44_01KS8KB8C9SBZXEGPTWB77183B.json; memo_sub_decisions_reached_at_supreme_commanders_conf_18_oct_44_dtd_22_oct_44_01KT7YPJS0YVYNHDJN1ZH7YWFX.json; cable_to_marshall_cpa_90255_01KQV0KE1ZVD8QZCNXVBXE8M7Q.json; cable_marshall_to_eisenhower_01KQ67WVV4MJDV63RH8TD5HFAD.json,0,
"Crookenden, Napier, Sir. Dropzone Normandy: The Story of the American and British Airborne",https://www.eisenhowerlibrary.gov/sites/default/files/research/subject-guides/pdf/operation-overlord.pdf,,"Collection relating to the Normandy invasion, June 6, 1944. The film accession number is located at Box 1",Operation Overlord (Subject Guide),106,intentions_second_british_army_and_first_canadian_army_19_20_21_and_23_aug_01KPSY97B5VKNJH2NEGVKBPSG4.json; remarks_on_90th_division_performance_01KPVBW7KQV6MJXCSZTQY9T04M.json; 12th_army_group_report_of_operations_01KQ96PXTQTFRRHS5P9CD6ESEA.json; fusa_psychological_warfare_division_letter_bombing_of_st_lô_4_july_1944_01KPT3M5NYB7DQ4YSJFBH6X5A8.json; 8th_div_g_3_jnl_entry_0815_30_jul_01KPT49DTXK4E1DS904FFQ8BVE.json,0,
"D'Este, Carlo. Decision in Normandy. New York: Dutton, 1983.",https://www.eisenhowerlibrary.gov/sites/default/files/research/subject-guides/pdf/operation-overlord.pdf,,"Collection relating to the Normandy invasion, June 6, 1944. The film accession number is located at Box 1",Operation Overlord (Subject Guide),106,intentions_second_british_army_and_first_canadian_army_19_20_21_and_23_aug_01KPSY97B5VKNJH2NEGVKBPSG4.json; remarks_on_90th_division_performance_01KPVBW7KQV6MJXCSZTQY9T04M.json; 12th_army_group_report_of_operations_01KQ96PXTQTFRRHS5P9CD6ESEA.json; fusa_psychological_warfare_division_letter_bombing_of_st_lô_4_july_1944_01KPT3M5NYB7DQ4YSJFBH6X5A8.json; 8th_div_g_3_jnl_entry_0815_30_jul_01KPT49DTXK4E1DS904FFQ8BVE.json,0,
"__________. Eisenhower: A Soldier’s Life. New York: Henry Holt and Company, 2002.",https://www.eisenhowerlibrary.gov/sites/default/files/research/subject-guides/pdf/operation-overlord.pdf,,"Collection relating to the Normandy invasion, June 6, 1944. The film accession number is located at Box 1",Operation Overlord (Subject Guide),575,fwd_13765_4_sep_44_and_fwd_14764_14_sep_44_eisenhower_to_comdrs_01KTA7ZXY1QNG8X018BQR0CJJX.json; eisenhower_to_12th_and_6th_a_gps_fwd_15934_26_sep_44_01KS8KB8C9SBZXEGPTWB77183B.json; memo_sub_decisions_reached_at_supreme_commanders_conf_18_oct_44_dtd_22_oct_44_01KT7YPJS0YVYNHDJN1ZH7YWFX.json; cable_to_marshall_cpa_90255_01KQV0KE1ZVD8QZCNXVBXE8M7Q.json; cable_marshall_to_eisenhower_01KQ67WVV4MJDV63RH8TD5HFAD.json,0,
"Eisenhower, David. Eisenhower at War, 1943-1945. New York: Random House, 1986.",https://www.eisenhowerlibrary.gov/sites/default/files/research/subject-guides/pdf/operation-overlord.pdf,,"Collection relating to the Normandy invasion, June 6, 1944. The film accession number is located at Box 1",Operation Overlord (Subject Guide),575,fwd_13765_4_sep_44_and_fwd_14764_14_sep_44_eisenhower_to_comdrs_01KTA7ZXY1QNG8X018BQR0CJJX.json; eisenhower_to_12th_and_6th_a_gps_fwd_15934_26_sep_44_01KS8KB8C9SBZXEGPTWB77183B.json; memo_sub_decisions_reached_at_supreme_commanders_conf_18_oct_44_dtd_22_oct_44_01KT7YPJS0YVYNHDJN1ZH7YWFX.json; cable_to_marshall_cpa_90255_01KQV0KE1ZVD8QZCNXVBXE8M7Q.json; cable_marshall_to_eisenhower_01KQ67WVV4MJDV63RH8TD5HFAD.json,0,
"Ellis, Major L. F. Victory in the West, Volume I: The Battle of Normandy. (History of the Second Wor",https://www.eisenhowerlibrary.gov/sites/default/files/research/subject-guides/pdf/operation-overlord.pdf,,"Collection relating to the Normandy invasion, June 6, 1944. The film accession number is located at Box 1",Operation Overlord (Subject Guide),106,intentions_second_british_army_and_first_canadian_army_19_20_21_and_23_aug_01KPSY97B5VKNJH2NEGVKBPSG4.json; remarks_on_90th_division_performance_01KPVBW7KQV6MJXCSZTQY9T04M.json; 12th_army_group_report_of_operations_01KQ96PXTQTFRRHS5P9CD6ESEA.json; fusa_psychological_warfare_division_letter_bombing_of_st_lô_4_july_1944_01KPT3M5NYB7DQ4YSJFBH6X5A8.json; 8th_div_g_3_jnl_entry_0815_30_jul_01KPT49DTXK4E1DS904FFQ8BVE.json,0,
"Harrison, Gordon A. Cross-Channel Attack. Washington, D.C.: Office of the Chief of Military",https://www.eisenhowerlibrary.gov/sites/default/files/research/subject-guides/pdf/operation-overlord.pdf,,"Collection relating to the Normandy invasion, June 6, 1944. The film accession number is located at Box 1",Operation Overlord (Subject Guide),59,zustandberichte_ss_divisiones_jun_43_jul_44_01KPT230H7E4C5FV2C4H99W23H.json; hitler_versus_his_generals_in_the_west_01KPSYYDQ8RT3Q70Z85KR2N33A.json; rommel_to_rundstedt_01KPVPQH04ZA15DY7SN9TFYH8P.json; r_24_r_34_and_r_49_01KPT1K5PYMGCC2TJGZBN3971Q.json; agp_b_ktb_annex_52a_to_anlage_52_01KPSYY67VFX53M2AY0S3A8J2N.json,0,
"Hoyt, Edwin Palmer. The Invasion Before Normandy: The Secret Battle of Slapton Sands. New",https://www.eisenhowerlibrary.gov/sites/default/files/research/subject-guides/pdf/operation-overlord.pdf,,"Collection relating to the Normandy invasion, June 6, 1944. The film accession number is located at Box 1",Operation Overlord (Subject Guide),175,research_and_analysis_to_fix_earliest_practicable_date_for_invasion_of_western_e_01KQ68N782VCFZMKQ83X27N773.json; intentions_second_british_army_and_first_canadian_army_19_20_21_and_23_aug_01KPSY97B5VKNJH2NEGVKBPSG4.json; remarks_on_90th_division_performance_01KPVBW7KQV6MJXCSZTQY9T04M.json; 12th_army_group_report_of_operations_01KQ96PXTQTFRRHS5P9CD6ESEA.json; fusa_psychological_warfare_division_letter_bombing_of_st_lô_4_july_1944_01KPT3M5NYB7DQ4YSJFBH6X5A8.json,0,
"Hughes, Thomas Alexander. Overlord: General Pete Quesada and the Triumph of Tactical Air",https://www.eisenhowerlibrary.gov/sites/default/files/research/subject-guides/pdf/operation-overlord.pdf,,"Collection relating to the Normandy invasion, June 6, 1944. The film accession number is located at Box 1",Operation Overlord (Subject Guide),444,ltr_airborne_opns_to_further_overlord_6_jul_01KQ7YKC2VS82T5JY5CKHV1VD7.json; eisenhower_to_12th_and_6th_a_gps_fwd_15934_26_sep_44_01KS8KB8C9SBZXEGPTWB77183B.json; cable_marshall_to_eisenhower_01KQ67WVV4MJDV63RH8TD5HFAD.json; eisenhower_to_ccs_01KSDGRV10GZTKJ5BTM867SEBR.json; directive_to_commanders_01KS3GDGP010HG4AN4MTHASHE7.json,0,
"Keegan, John. Six Armies in Normandy: From D-Day to the Liberation of Paris, June 6th-August 25th,",https://www.eisenhowerlibrary.gov/sites/default/files/research/subject-guides/pdf/operation-overlord.pdf,,"Collection relating to the Normandy invasion, June 6, 1944. The film accession number is located at Box 1",Operation Overlord (Subject Guide),106,intentions_second_british_army_and_first_canadian_army_19_20_21_and_23_aug_01KPSY97B5VKNJH2NEGVKBPSG4.json; remarks_on_90th_division_performance_01KPVBW7KQV6MJXCSZTQY9T04M.json; 12th_army_group_report_of_operations_01KQ96PXTQTFRRHS5P9CD6ESEA.json; fusa_psychological_warfare_division_letter_bombing_of_st_lô_4_july_1944_01KPT3M5NYB7DQ4YSJFBH6X5A8.json; 8th_div_g_3_jnl_entry_0815_30_jul_01KPT49DTXK4E1DS904FFQ8BVE.json,0,
"Lewis, Adrian. Omaha Beach: A Flawed Victory. Chapel Hill and London: University of North Carolina",https://www.eisenhowerlibrary.gov/sites/default/files/research/subject-guides/pdf/operation-overlord.pdf,,"Collection relating to the Normandy invasion, June 6, 1944. The film accession number is located at Box 1",Operation Overlord (Subject Guide),8,amendment_i_to_fusa_plan_01KPTAME05WBVCCETJD1BBQTAQ.json; neptune_training_mounting_the_artificial_ports_the_administrative_and_logistical_01KQ62TX9SVWB0BGXQ171N6XEP.json; ancxf_report_01KPT4J3FVKFAEZQRW309QSTSC.json; talley_notes_01KPTCA4ZSDM2ES8NG4M4Q2VC3.json; neptune_training_mounting_the_artificial_ports_the_administrative_and_logistical_01KQ62TN8NC9F6A24WBX2GQWFB.json,0,
"Man, John. The Facts on File D-Day Atlas: The Definitive Account of the Allied Invasion of",https://www.eisenhowerlibrary.gov/sites/default/files/research/subject-guides/pdf/operation-overlord.pdf,,"Collection relating to the Normandy invasion, June 6, 1944. The film accession number is located at Box 1",Operation Overlord (Subject Guide),77,research_and_analysis_to_fix_earliest_practicable_date_for_invasion_of_western_e_01KQ68N782VCFZMKQ83X27N773.json; fusa_psychological_warfare_division_letter_bombing_of_st_lô_4_july_1944_01KPT3M5NYB7DQ4YSJFBH6X5A8.json; report_to_bormann_01KPVC8N7XTH5Z99ABEPKZGJKB.json; ltr_gavin_to_maj_gen_paul_l_williams_01KT9TDCJFKZC6KYD6JRJBNY98.json; study_by_the_kdtr_dbef_eifel_und_saarpfalz_01KSEE8V21F0JGGX2V8E9P4EH4.json,0,
"Normandy. New York: Facts on File, 1994.",https://www.eisenhowerlibrary.gov/sites/default/files/research/subject-guides/pdf/operation-overlord.pdf,,"Collection relating to the Normandy invasion, June 6, 1944. The film accession number is located at Box 1",Operation Overlord (Subject Guide),106,intentions_second_british_army_and_first_canadian_army_19_20_21_and_23_aug_01KPSY97B5VKNJH2NEGVKBPSG4.json; remarks_on_90th_division_performance_01KPVBW7KQV6MJXCSZTQY9T04M.json; 12th_army_group_report_of_operations_01KQ96PXTQTFRRHS5P9CD6ESEA.json; fusa_psychological_warfare_division_letter_bombing_of_st_lô_4_july_1944_01KPT3M5NYB7DQ4YSJFBH6X5A8.json; 8th_div_g_3_jnl_entry_0815_30_jul_01KPT49DTXK4E1DS904FFQ8BVE.json,0,
"Marshall, Samuel Lyman Atwood. Night Drop: the American Airborne Invasion of Normandy.",https://www.eisenhowerlibrary.gov/sites/default/files/research/subject-guides/pdf/operation-overlord.pdf,,"Collection relating to the Normandy invasion, June 6, 1944. The film accession number is located at Box 1",Operation Overlord (Subject Guide),175,research_and_analysis_to_fix_earliest_practicable_date_for_invasion_of_western_e_01KQ68N782VCFZMKQ83X27N773.json; intentions_second_british_army_and_first_canadian_army_19_20_21_and_23_aug_01KPSY97B5VKNJH2NEGVKBPSG4.json; remarks_on_90th_division_performance_01KPVBW7KQV6MJXCSZTQY9T04M.json; 12th_army_group_report_of_operations_01KQ96PXTQTFRRHS5P9CD6ESEA.json; fusa_psychological_warfare_division_letter_bombing_of_st_lô_4_july_1944_01KPT3M5NYB7DQ4YSJFBH6X5A8.json,0,
"Messenger, Charles. The D-Day Atlas: Anatomy of the Normandy Campaign. New York: Thames and",https://www.eisenhowerlibrary.gov/sites/default/files/research/subject-guides/pdf/operation-overlord.pdf,,"Collection relating to the Normandy invasion, June 6, 1944. The film accession number is located at Box 1",Operation Overlord (Subject Guide),106,intentions_second_british_army_and_first_canadian_army_19_20_21_and_23_aug_01KPSY97B5VKNJH2NEGVKBPSG4.json; remarks_on_90th_division_performance_01KPVBW7KQV6MJXCSZTQY9T04M.json; 12th_army_group_report_of_operations_01KQ96PXTQTFRRHS5P9CD6ESEA.json; fusa_psychological_warfare_division_letter_bombing_of_st_lô_4_july_1944_01KPT3M5NYB7DQ4YSJFBH6X5A8.json; 8th_div_g_3_jnl_entry_0815_30_jul_01KPT49DTXK4E1DS904FFQ8BVE.json,0,
"Morgan, Sir Frederick. Overture to OVERLORD. Garden City, NY: Doubleday and Co., 1950.",https://www.eisenhowerlibrary.gov/sites/default/files/research/subject-guides/pdf/operation-overlord.pdf,,"Collection relating to the Normandy invasion, June 6, 1944. The film accession number is located at Box 1",Operation Overlord (Subject Guide),502,ltr_airborne_opns_to_further_overlord_6_jul_01KQ7YKC2VS82T5JY5CKHV1VD7.json; eisenhower_to_12th_and_6th_a_gps_fwd_15934_26_sep_44_01KS8KB8C9SBZXEGPTWB77183B.json; cable_marshall_to_eisenhower_01KQ67WVV4MJDV63RH8TD5HFAD.json; eisenhower_to_ccs_01KSDGRV10GZTKJ5BTM867SEBR.json; directive_to_commanders_01KS3GDGP010HG4AN4MTHASHE7.json,0,
"Invasion of France and Germany, 1944-1945. Boston: Little, Brown and Company, 1962.",https://www.eisenhowerlibrary.gov/sites/default/files/research/subject-guides/pdf/operation-overlord.pdf,,"Collection relating to the Normandy invasion, June 6, 1944. The film accession number is located at Box 1",Operation Overlord (Subject Guide),77,research_and_analysis_to_fix_earliest_practicable_date_for_invasion_of_western_e_01KQ68N782VCFZMKQ83X27N773.json; fusa_psychological_warfare_division_letter_bombing_of_st_lô_4_july_1944_01KPT3M5NYB7DQ4YSJFBH6X5A8.json; report_to_bormann_01KPVC8N7XTH5Z99ABEPKZGJKB.json; ltr_gavin_to_maj_gen_paul_l_williams_01KT9TDCJFKZC6KYD6JRJBNY98.json; study_by_the_kdtr_dbef_eifel_und_saarpfalz_01KSEE8V21F0JGGX2V8E9P4EH4.json,0,
"Omaha Beachhead (6 June-13 June 1944). American Forces in Action Series. Washington, D.C.:",https://www.eisenhowerlibrary.gov/sites/default/files/research/subject-guides/pdf/operation-overlord.pdf,,"Collection relating to the Normandy invasion, June 6, 1944. The film accession number is located at Box 1",Operation Overlord (Subject Guide),8,amendment_i_to_fusa_plan_01KPTAME05WBVCCETJD1BBQTAQ.json; neptune_training_mounting_the_artificial_ports_the_administrative_and_logistical_01KQ62TX9SVWB0BGXQ171N6XEP.json; ancxf_report_01KPT4J3FVKFAEZQRW309QSTSC.json; talley_notes_01KPTCA4ZSDM2ES8NG4M4Q2VC3.json; neptune_training_mounting_the_artificial_ports_the_administrative_and_logistical_01KQ62TN8NC9F6A24WBX2GQWFB.json,0,
"Rohmer, Richard. Patton’s Gap: An Account of the Battle of Normandy 1944. Don Mills, Ontario:",https://www.eisenhowerlibrary.gov/sites/default/files/research/subject-guides/pdf/operation-overlord.pdf,,"Collection relating to the Normandy invasion, June 6, 1944. The film accession number is located at Box 1",Operation Overlord (Subject Guide),106,intentions_second_british_army_and_first_canadian_army_19_20_21_and_23_aug_01KPSY97B5VKNJH2NEGVKBPSG4.json; remarks_on_90th_division_performance_01KPVBW7KQV6MJXCSZTQY9T04M.json; 12th_army_group_report_of_operations_01KQ96PXTQTFRRHS5P9CD6ESEA.json; fusa_psychological_warfare_division_letter_bombing_of_st_lô_4_july_1944_01KPT3M5NYB7DQ4YSJFBH6X5A8.json; 8th_div_g_3_jnl_entry_0815_30_jul_01KPT49DTXK4E1DS904FFQ8BVE.json,0,
"Ruge, Friedrich. Rommel in Normandy: Reminiscences. San Rafael, CA: Presidio Press, 1979.",https://www.eisenhowerlibrary.gov/sites/default/files/research/subject-guides/pdf/operation-overlord.pdf,,"Collection relating to the Normandy invasion, June 6, 1944. The film accession number is located at Box 1",Operation Overlord (Subject Guide),106,intentions_second_british_army_and_first_canadian_army_19_20_21_and_23_aug_01KPSY97B5VKNJH2NEGVKBPSG4.json; remarks_on_90th_division_performance_01KPVBW7KQV6MJXCSZTQY9T04M.json; 12th_army_group_report_of_operations_01KQ96PXTQTFRRHS5P9CD6ESEA.json; fusa_psychological_warfare_division_letter_bombing_of_st_lô_4_july_1944_01KPT3M5NYB7DQ4YSJFBH6X5A8.json; 8th_div_g_3_jnl_entry_0815_30_jul_01KPT49DTXK4E1DS904FFQ8BVE.json,0,
"Smith, Walter Bedell. Eisenhower’s Six Great Decisions. New York, London and Toronto: Longmans,",https://www.eisenhowerlibrary.gov/sites/default/files/research/subject-guides/pdf/operation-overlord.pdf,,"Collection relating to the Normandy invasion, June 6, 1944. The film accession number is located at Box 1",Operation Overlord (Subject Guide),631,fwd_13765_4_sep_44_and_fwd_14764_14_sep_44_eisenhower_to_comdrs_01KTA7ZXY1QNG8X018BQR0CJJX.json; eisenhower_to_12th_and_6th_a_gps_fwd_15934_26_sep_44_01KS8KB8C9SBZXEGPTWB77183B.json; memo_sub_decisions_reached_at_supreme_commanders_conf_18_oct_44_dtd_22_oct_44_01KT7YPJS0YVYNHDJN1ZH7YWFX.json; cable_to_marshall_cpa_90255_01KQV0KE1ZVD8QZCNXVBXE8M7Q.json; cable_marshall_to_eisenhower_01KQ67WVV4MJDV63RH8TD5HFAD.json,0,
"Stafford, David. Ten Days to D-Day: Citizens and Soldiers on the Eve of the Invasion. New York &",https://www.eisenhowerlibrary.gov/sites/default/files/research/subject-guides/pdf/operation-overlord.pdf,,"Collection relating to the Normandy invasion, June 6, 1944. The film accession number is located at Box 1",Operation Overlord (Subject Guide),77,research_and_analysis_to_fix_earliest_practicable_date_for_invasion_of_western_e_01KQ68N782VCFZMKQ83X27N773.json; fusa_psychological_warfare_division_letter_bombing_of_st_lô_4_july_1944_01KPT3M5NYB7DQ4YSJFBH6X5A8.json; report_to_bormann_01KPVC8N7XTH5Z99ABEPKZGJKB.json; ltr_gavin_to_maj_gen_paul_l_williams_01KT9TDCJFKZC6KYD6JRJBNY98.json; study_by_the_kdtr_dbef_eifel_und_saarpfalz_01KSEE8V21F0JGGX2V8E9P4EH4.json,0,
"Off U.S. Normandy Beaches in World War II. New York: Morrow, 1951.",https://www.eisenhowerlibrary.gov/sites/default/files/research/subject-guides/pdf/operation-overlord.pdf,,"Collection relating to the Normandy invasion, June 6, 1944. The film accession number is located at Box 1",Operation Overlord (Subject Guide),106,intentions_second_british_army_and_first_canadian_army_19_20_21_and_23_aug_01KPSY97B5VKNJH2NEGVKBPSG4.json; remarks_on_90th_division_performance_01KPVBW7KQV6MJXCSZTQY9T04M.json; 12th_army_group_report_of_operations_01KQ96PXTQTFRRHS5P9CD6ESEA.json; fusa_psychological_warfare_division_letter_bombing_of_st_lô_4_july_1944_01KPT3M5NYB7DQ4YSJFBH6X5A8.json; 8th_div_g_3_jnl_entry_0815_30_jul_01KPT49DTXK4E1DS904FFQ8BVE.json,0,
"Turner, John Frayn. Invasion 44; the First Full Story of D-Day in Normandy. New York,",https://www.eisenhowerlibrary.gov/sites/default/files/research/subject-guides/pdf/operation-overlord.pdf,,"Collection relating to the Normandy invasion, June 6, 1944. The film accession number is located at Box 1",Operation Overlord (Subject Guide),175,research_and_analysis_to_fix_earliest_practicable_date_for_invasion_of_western_e_01KQ68N782VCFZMKQ83X27N773.json; intentions_second_british_army_and_first_canadian_army_19_20_21_and_23_aug_01KPSY97B5VKNJH2NEGVKBPSG4.json; remarks_on_90th_division_performance_01KPVBW7KQV6MJXCSZTQY9T04M.json; 12th_army_group_report_of_operations_01KQ96PXTQTFRRHS5P9CD6ESEA.json; fusa_psychological_warfare_division_letter_bombing_of_st_lô_4_july_1944_01KPT3M5NYB7DQ4YSJFBH6X5A8.json,0,
Voices of D-Day: The Story of the Allied Invasion Told by Those Who Were There. Edited by,https://www.eisenhowerlibrary.gov/sites/default/files/research/subject-guides/pdf/operation-overlord.pdf,,"Collection relating to the Normandy invasion, June 6, 1944. The film accession number is located at Box 1",Operation Overlord (Subject Guide),77,research_and_analysis_to_fix_earliest_practicable_date_for_invasion_of_western_e_01KQ68N782VCFZMKQ83X27N773.json; fusa_psychological_warfare_division_letter_bombing_of_st_lô_4_july_1944_01KPT3M5NYB7DQ4YSJFBH6X5A8.json; report_to_bormann_01KPVC8N7XTH5Z99ABEPKZGJKB.json; ltr_gavin_to_maj_gen_paul_l_williams_01KT9TDCJFKZC6KYD6JRJBNY98.json; study_by_the_kdtr_dbef_eifel_und_saarpfalz_01KSEE8V21F0JGGX2V8E9P4EH4.json,0,
"Waddell, Steve R. United States Army Logistics: The Normandy Campaign, 1944. Westport,",https://www.eisenhowerlibrary.gov/sites/default/files/research/subject-guides/pdf/operation-overlord.pdf,,"Collection relating to the Normandy invasion, June 6, 1944. The film accession number is located at Box 1",Operation Overlord (Subject Guide),106,intentions_second_british_army_and_first_canadian_army_19_20_21_and_23_aug_01KPSY97B5VKNJH2NEGVKBPSG4.json; remarks_on_90th_division_performance_01KPVBW7KQV6MJXCSZTQY9T04M.json; 12th_army_group_report_of_operations_01KQ96PXTQTFRRHS5P9CD6ESEA.json; fusa_psychological_warfare_division_letter_bombing_of_st_lô_4_july_1944_01KPT3M5NYB7DQ4YSJFBH6X5A8.json; 8th_div_g_3_jnl_entry_0815_30_jul_01KPT49DTXK4E1DS904FFQ8BVE.json,0,
"Collins, J. Lawton: Papers, 1896-1975",https://www.eisenhowerlibrary.gov/sites/default/files/research/subject-guides/pdf/ardennes-battle-of-the-bulge.pdf,,THE ARDENNES CAMPAIGN: BATTLE OF THE BULGE Box 2,Ardennes/Battle of the Bulge (Subject Guide),104,notes_for_general_hobbs_01KQ5STH6FH52NC4K2GQFNXNFQ.json; vii_corps_and_9th_div_fos_notes_for_chief_of_staff_22_and_23_sep_44_ltr_craig_to_01KTAARFM3VY4D773P0JKR3TPK.json; operation_victory_01KPSMES47EZK7KEE7N66ZFRXH.json; ltr_collins_to_hechler_9_dec_45_01KPSNK0MZ3DPDH1T2J36YVME2.json; letter_collins_to_hechler_01KQ5KVZZAJNCK0VQ7D68WM29T.json,0,
"Cole, Hugh M. The Ardennes Offensive, Critique and Correspondence re",https://www.eisenhowerlibrary.gov/sites/default/files/research/subject-guides/pdf/ardennes-battle-of-the-bulge.pdf,,THE ARDENNES CAMPAIGN: BATTLE OF THE BULGE Box 68,Ardennes/Battle of the Bulge (Subject Guide),35,the_army_air_forces_in_world_war_ii_vol_iii_europe_argument_to_v_e_day_01KPSZ6X6SCTK1KKKSCW800P4T.json; ms_b_412_einem_01KRSJ2CDNQ1ZE6P7RR8FM5ASY.json; the_ardennes_01KS0ZC1KD7D07WM63Q4YSESFW.json; the_ardennes_01KS0DHX1HKN6GVEN22RTJWXMS.json; the_ardennes_offensive_planning_and_preparations_chapter_1_the_preliminary_plann_01KTC4B36GAP51N4BXNP11YSAR.json,0,
"Correspondence, Cook-Patton, 1944-1945 (2)",https://www.eisenhowerlibrary.gov/sites/default/files/research/subject-guides/pdf/ardennes-battle-of-the-bulge.pdf,,THE ARDENNES CAMPAIGN: BATTLE OF THE BULGE Box 4,Ardennes/Battle of the Bulge (Subject Guide),248,to_patton_01KRJ34DV7HGNM0J7AXP1W1XGZ.json; xii_corps_spearhead_of_pattons_third_army_01KS45GYFK1SZHTS9E3EGA4AGJ.json; g_1_journal_and_after_action_report_01KQTHKAHYV45JB50Y79504N22.json; bradley_to_patton_23_sep_44_01KS0ZXMHAGDN4EFSN9E6C37TM.json; 21_agp_dirs_m_510_and_m_515_01KPSR7SV6P8CJAJMST5MACTWR.json,0,
"7th Armored Division, Defense of St. Vith, Belgium, December 1944",https://www.eisenhowerlibrary.gov/sites/default/files/research/subject-guides/pdf/ardennes-battle-of-the-bulge.pdf,,THE ARDENNES CAMPAIGN: BATTLE OF THE BULGE Box 7,Ardennes/Battle of the Bulge (Subject Guide),53,after_action_reports_and_unit_journals_of_the_xx_corps_7th_armored_division_5th__01KRSK04YH0XEZNT5E6HNBXR56.json; 7th_armored_division_g_2_periodic_reports_1_2_oct_44_01KTC0MMW0BNSARMPFAAA6JJNS.json; pass_in_review_the_fifth_infantry_division_in_eto_01KRSVAJ9QN6QEBP7R9TDQJBRG.json; anlagen_to_the_ktbs_of_army_group_g_ob_west_and_okw_01KRSVAT9RBR0A3KYEBV2BP4SM.json; ibid_cf_7th_armd_div_g_3_jnl_6_sep_44_01KQGT9M1ZPZ9S9H11J0469ST5.json,0,
"AR (1) [clipping re movie, “Ardennes”-DDE-Montgomery relationship]",https://www.eisenhowerlibrary.gov/sites/default/files/research/subject-guides/pdf/ardennes-battle-of-the-bulge.pdf,,THE ARDENNES CAMPAIGN: BATTLE OF THE BULGE Box 18,Ardennes/Battle of the Bulge (Subject Guide),311,letter_to_montgomery_15_september_1944_01KS0ZV0NQ2FHEQD91RPXP83VS.json; the_army_air_forces_in_world_war_ii_vol_iii_europe_argument_to_v_e_day_01KPSZ6X6SCTK1KKKSCW800P4T.json; intentions_second_british_army_and_first_canadian_army_19_20_21_and_23_aug_01KPSY97B5VKNJH2NEGVKBPSG4.json; unnumbered_telg_01KQ6T1G6023K5JH2RE9ME2DF0.json; 21_agp_dirs_m_510_and_m_515_01KPSR7SV6P8CJAJMST5MACTWR.json,0,
Brown (3) [re: Gen. Von Manteuffel and Battle of Bulge],https://www.eisenhowerlibrary.gov/sites/default/files/research/subject-guides/pdf/ardennes-battle-of-the-bulge.pdf,,THE ARDENNES CAMPAIGN: BATTLE OF THE BULGE Box 21,Ardennes/Battle of the Bulge (Subject Guide),107,opns_order_for_6_dec_44_01KT9SBBQ1TKACK0ARKKC6DSRC.json; opns_order_for_2_dec_44_gruppe_von_manteuffel_to_xii_ss_xlvii_pz_and_lxxxi_corps_01KTABKPRE7S0C5FE50XDN9NKR.json; ms_b_445_01KS3JS3WV744A3H7PSGY8ARCD.json; ms_a_916_01KRVWYEX81JM8WN0Z3YPDKEB8.json; ms_a_916_01KS1QHFMYV3JHWWMS0NQNPZ17.json,0,
"Bradley, Omar N. (5)",https://www.eisenhowerlibrary.gov/sites/default/files/research/subject-guides/pdf/ardennes-battle-of-the-bulge.pdf,,THE ARDENNES CAMPAIGN: BATTLE OF THE BULGE Box 13,Ardennes/Battle of the Bulge (Subject Guide),316,to_patton_01KRJ34DV7HGNM0J7AXP1W1XGZ.json; smith_to_bradley_01KS3J4ECWTG9RJN51KP4KJRY8.json; ltr_bradley_to_eisenhower_10_sep_pogue_files_01KPSWCX9XBT5SGAWJND6K4FK0.json; bradley_to_patton_23_sep_44_01KS0ZXMHAGDN4EFSN9E6C37TM.json; 21_agp_dirs_m_510_and_m_515_01KPSR7SV6P8CJAJMST5MACTWR.json,0,
"Hodges, Courtney H.",https://www.eisenhowerlibrary.gov/sites/default/files/research/subject-guides/pdf/ardennes-battle-of-the-bulge.pdf,,THE ARDENNES CAMPAIGN: BATTLE OF THE BULGE Box 57,Ardennes/Battle of the Bulge (Subject Guide),64,to_hodges_1645_2_sep_01KQ7YJZD0JHKEZ3GD4K5P4FSK.json; notes_of_hodges_haislip_conf_1130_1330_26_aug_01KQ6Z1XT1BMBBHYGJBYHD13PK.json; letters_of_instructions_to_corlett_01KQ7WCG6VY6A33MMFCFG5713V.json; letter_corlett_to_ocmh_01KPT0QZW5BTTHD6E6ZA6VBTA4.json; fusa_memo_bradley_to_hodges_and_patton_01KPSR5AHM66111WFG9PSXX87R.json,0,
"Montgomery, Bernard (10) (11)",https://www.eisenhowerlibrary.gov/sites/default/files/research/subject-guides/pdf/ardennes-battle-of-the-bulge.pdf,,THE ARDENNES CAMPAIGN: BATTLE OF THE BULGE Box 83,Ardennes/Battle of the Bulge (Subject Guide),276,letter_to_montgomery_15_september_1944_01KS0ZV0NQ2FHEQD91RPXP83VS.json; intentions_second_british_army_and_first_canadian_army_19_20_21_and_23_aug_01KPSY97B5VKNJH2NEGVKBPSG4.json; unnumbered_telg_01KQ6T1G6023K5JH2RE9ME2DF0.json; 21_agp_dirs_m_510_and_m_515_01KPSR7SV6P8CJAJMST5MACTWR.json; pogue_intervs_memo_eisenhower_for_pogue_10_mar_47_21_agp_cinc_notes_15_jun_44_21_01KQ6RN98T3QKF79WY3F0NWNW0.json,0,
See finding aid; entire collection focuses on the Ardennes Campaign,https://www.eisenhowerlibrary.gov/sites/default/files/research/subject-guides/pdf/ardennes-battle-of-the-bulge.pdf,,THE ARDENNES CAMPAIGN: BATTLE OF THE BULGE Boxes 1-19,Ardennes/Battle of the Bulge (Subject Guide),35,the_army_air_forces_in_world_war_ii_vol_iii_europe_argument_to_v_e_day_01KPSZ6X6SCTK1KKKSCW800P4T.json; ms_b_412_einem_01KRSJ2CDNQ1ZE6P7RR8FM5ASY.json; the_ardennes_01KS0ZC1KD7D07WM63Q4YSESFW.json; the_ardennes_01KS0DHX1HKN6GVEN22RTJWXMS.json; the_ardennes_offensive_planning_and_preparations_chapter_1_the_preliminary_plann_01KTC4B36GAP51N4BXNP11YSAR.json,0,
"Hodges, Courtney H.: Papers, 1904-1965",https://www.eisenhowerlibrary.gov/sites/default/files/research/subject-guides/pdf/ardennes-battle-of-the-bulge.pdf,,THE ARDENNES CAMPAIGN: BATTLE OF THE BULGE Boxes 1-19,Ardennes/Battle of the Bulge (Subject Guide),64,to_hodges_1645_2_sep_01KQ7YJZD0JHKEZ3GD4K5P4FSK.json; notes_of_hodges_haislip_conf_1130_1330_26_aug_01KQ6Z1XT1BMBBHYGJBYHD13PK.json; letters_of_instructions_to_corlett_01KQ7WCG6VY6A33MMFCFG5713V.json; letter_corlett_to_ocmh_01KPT0QZW5BTTHD6E6ZA6VBTA4.json; fusa_memo_bradley_to_hodges_and_patton_01KPSR5AHM66111WFG9PSXX87R.json,0,
"1946 ""Ardennes Campaign"" (article)",https://www.eisenhowerlibrary.gov/sites/default/files/research/subject-guides/pdf/ardennes-battle-of-the-bulge.pdf,,THE ARDENNES CAMPAIGN: BATTLE OF THE BULGE Box 9,Ardennes/Battle of the Bulge (Subject Guide),35,the_army_air_forces_in_world_war_ii_vol_iii_europe_argument_to_v_e_day_01KPSZ6X6SCTK1KKKSCW800P4T.json; ms_b_412_einem_01KRSJ2CDNQ1ZE6P7RR8FM5ASY.json; the_ardennes_01KS0ZC1KD7D07WM63Q4YSESFW.json; the_ardennes_01KS0DHX1HKN6GVEN22RTJWXMS.json; the_ardennes_offensive_planning_and_preparations_chapter_1_the_preliminary_plann_01KTC4B36GAP51N4BXNP11YSAR.json,0,
Air Attack on Enemy Armour in the Ardennes Salient,https://www.eisenhowerlibrary.gov/sites/default/files/research/subject-guides/pdf/ardennes-battle-of-the-bulge.pdf,,"Smith, Walter Bedell: Collection of WWII Documents, 1941-1945 Box 36",Ardennes/Battle of the Bulge (Subject Guide),35,the_army_air_forces_in_world_war_ii_vol_iii_europe_argument_to_v_e_day_01KPSZ6X6SCTK1KKKSCW800P4T.json; ms_b_412_einem_01KRSJ2CDNQ1ZE6P7RR8FM5ASY.json; the_ardennes_01KS0ZC1KD7D07WM63Q4YSESFW.json; the_ardennes_01KS0DHX1HKN6GVEN22RTJWXMS.json; the_ardennes_offensive_planning_and_preparations_chapter_1_the_preliminary_plann_01KTC4B36GAP51N4BXNP11YSAR.json,0,
The Siege of Bastogne (1)-(4),https://www.eisenhowerlibrary.gov/sites/default/files/research/subject-guides/pdf/ardennes-battle-of-the-bulge.pdf,,"Smith, Walter Bedell: Collection of WWII Documents, 1941-1945 Box 41",Ardennes/Battle of the Bulge (Subject Guide),12,overseas_pictorial_history_of_headquarters_battery_231st_armored_field_artillery_01KPSSFPA3XFDH39Z73H4W89CD.json; authors_interviews_with_former_6th_armored_division_personnel_01KPVGNAFFS1J09YGSKPM4P6AR.json; the_sources_for_this_chapter_are_the_invaluable_msgs_in_the_viii_corps_g_3_jnl_a_01KQ7R0H1EY47VQM9BN18K59G2.json; the_68th_tank_battalion_in_combat_01KPSSFG88S7YCAHJEJD6DYZS3.json; brest_to_bastogne_the_story_of_the_6th_armored_division_01KPSSFEQ2H9GWXQXM4R5S8V5Z.json,0,
The Siege of Bastogne (5)-(7),https://www.eisenhowerlibrary.gov/sites/default/files/research/subject-guides/pdf/ardennes-battle-of-the-bulge.pdf,,"Smith, Walter Bedell: Collection of WWII Documents, 1941-1945 Box 42",Ardennes/Battle of the Bulge (Subject Guide),12,overseas_pictorial_history_of_headquarters_battery_231st_armored_field_artillery_01KPSSFPA3XFDH39Z73H4W89CD.json; authors_interviews_with_former_6th_armored_division_personnel_01KPVGNAFFS1J09YGSKPM4P6AR.json; the_sources_for_this_chapter_are_the_invaluable_msgs_in_the_viii_corps_g_3_jnl_a_01KQ7R0H1EY47VQM9BN18K59G2.json; the_68th_tank_battalion_in_combat_01KPSSFG88S7YCAHJEJD6DYZS3.json; brest_to_bastogne_the_story_of_the_6th_armored_division_01KPSSFEQ2H9GWXQXM4R5S8V5Z.json,0,
The Story of the 82nd Airborne Division in the Battle of the Bulge,https://www.eisenhowerlibrary.gov/sites/default/files/research/subject-guides/pdf/ardennes-battle-of-the-bulge.pdf,,"Smith, Walter Bedell: Collection of WWII Documents, 1941-1945 Box 46",Ardennes/Battle of the Bulge (Subject Guide),6,msg_g_2_to_co_base_echelon_17_sep_01KT9TFHDHJWP90V6TZF63P068.json; the_ardennes_battle_of_the_bulge_01KTA7YSC5M9N72JTAMGQ420R8.json; the_ardennes_battle_of_the_bulge_01KT9SFVZYMAAFTNN0DYWXJEKQ.json; msg_g_2_to_co_base_echelon_17_sep_01KT82QDG5BS5ZXYMGRT0Z6R3X.json; the_ardennes_battle_of_the_bulge_01KTC52PNBDDEDS51TQPFAD47K.json,0,
"U.S.ARMY, 82nd AIRBORNE DIVISION: After action reports, 1943 - 46 (Microfilm)",https://www.eisenhowerlibrary.gov/sites/default/files/research/subject-guides/pdf/ardennes-battle-of-the-bulge.pdf,,"Smith, Walter Bedell: Collection of WWII Documents, 1941-1945 Box 1 Weekly Intelligence Summary #19, 16 Dec.1944",Ardennes/Battle of the Bulge (Subject Guide),2,msg_g_2_to_co_base_echelon_17_sep_01KT9TFHDHJWP90V6TZF63P068.json; msg_g_2_to_co_base_echelon_17_sep_01KT82QDG5BS5ZXYMGRT0Z6R3X.json,0,
Battle of Belgian Bulge in Siegfried Line & on Roer River 17 Dec 1944-31 Jan 1945,https://www.eisenhowerlibrary.gov/sites/default/files/research/subject-guides/pdf/ardennes-battle-of-the-bulge.pdf,,"Smith, Walter Bedell: Collection of WWII Documents, 1941-1945 Box 1, Reel 1 Narrative Central Europe, 12 Dec 1944-21 Feb 1945",Ardennes/Battle of the Bulge (Subject Guide),4,the_ardennes_battle_of_the_bulge_01KTA7YSC5M9N72JTAMGQ420R8.json; the_ardennes_battle_of_the_bulge_01KT9SFVZYMAAFTNN0DYWXJEKQ.json; the_ardennes_battle_of_the_bulge_01KTC52PNBDDEDS51TQPFAD47K.json; the_ardennes_battle_of_the_bulge_01KT812SAV5QV02P4RKNM9J77Y.json,0,
"27th Armored Field Artillery History, July-Dec 1944",https://www.eisenhowerlibrary.gov/sites/default/files/research/subject-guides/pdf/ardennes-battle-of-the-bulge.pdf,,"Smith, Walter Bedell: Collection of WWII Documents, 1941-1945 Box 3, Reel 15",Ardennes/Battle of the Bulge (Subject Guide),53,after_action_reports_and_unit_journals_of_the_xx_corps_7th_armored_division_5th__01KRSK04YH0XEZNT5E6HNBXR56.json; 7th_armored_division_g_2_periodic_reports_1_2_oct_44_01KTC0MMW0BNSARMPFAAA6JJNS.json; pass_in_review_the_fifth_infantry_division_in_eto_01KRSVAJ9QN6QEBP7R9TDQJBRG.json; anlagen_to_the_ktbs_of_army_group_g_ob_west_and_okw_01KRSVAT9RBR0A3KYEBV2BP4SM.json; ibid_cf_7th_armd_div_g_3_jnl_6_sep_44_01KQGT9M1ZPZ9S9H11J0469ST5.json,0,
"27th Armored Field Artillery History, Jan- Aug 1945",https://www.eisenhowerlibrary.gov/sites/default/files/research/subject-guides/pdf/ardennes-battle-of-the-bulge.pdf,,"Smith, Walter Bedell: Collection of WWII Documents, 1941-1945 Box 3, Reel 15",Ardennes/Battle of the Bulge (Subject Guide),53,after_action_reports_and_unit_journals_of_the_xx_corps_7th_armored_division_5th__01KRSK04YH0XEZNT5E6HNBXR56.json; 7th_armored_division_g_2_periodic_reports_1_2_oct_44_01KTC0MMW0BNSARMPFAAA6JJNS.json; pass_in_review_the_fifth_infantry_division_in_eto_01KRSVAJ9QN6QEBP7R9TDQJBRG.json; anlagen_to_the_ktbs_of_army_group_g_ob_west_and_okw_01KRSVAT9RBR0A3KYEBV2BP4SM.json; ibid_cf_7th_armd_div_g_3_jnl_6_sep_44_01KQGT9M1ZPZ9S9H11J0469ST5.json,0,
"Yank article, “Battle of Bastogne”, Jan. 21, 1945",https://www.eisenhowerlibrary.gov/sites/default/files/research/subject-guides/pdf/ardennes-battle-of-the-bulge.pdf,,"Smith, Walter Bedell: Collection of WWII Documents, 1941-1945 Box 7",Ardennes/Battle of the Bulge (Subject Guide),12,overseas_pictorial_history_of_headquarters_battery_231st_armored_field_artillery_01KPSSFPA3XFDH39Z73H4W89CD.json; authors_interviews_with_former_6th_armored_division_personnel_01KPVGNAFFS1J09YGSKPM4P6AR.json; the_sources_for_this_chapter_are_the_invaluable_msgs_in_the_viii_corps_g_3_jnl_a_01KQ7R0H1EY47VQM9BN18K59G2.json; the_68th_tank_battalion_in_combat_01KPSSFG88S7YCAHJEJD6DYZS3.json; brest_to_bastogne_the_story_of_the_6th_armored_division_01KPSSFEQ2H9GWXQXM4R5S8V5Z.json,0,
"G-2 Periodic Reports (XV Corps), January 14-February 18, 1945",https://www.eisenhowerlibrary.gov/sites/default/files/research/subject-guides/pdf/ardennes-battle-of-the-bulge.pdf,,"Smith, Walter Bedell: Collection of WWII Documents, 1941-1945 Box 13",Ardennes/Battle of the Bulge (Subject Guide),547,second_br_army_g_2_to_xix_corps_g_2_01KPT0Q6M0WRKZ8WJX7ES7YR8Q.json; annex_6_8_dec_44_to_v_corps_fo_33_and_changes_to_annex_6_11_dec_44_01KTA7YE6V73GEN4K168QNP349.json; xv_corps_cofs_jnl_and_file_01KPVP00P6DYGCG52VAT3EWQRF.json; xv_corps_aar_annex_no_2_nov_44_01KRVQRJ681VTPNB2FQD2WR4GV.json; msg_17th_luftwaffen_feld_div_to_lxxxi_corps_2040_19_aug_lxxxi_corps_tagesmeldung_01KPSY863J25X9KDFEX1J6Y0JH.json,0,
"101 Airborne Division, IPW Reports (Battle of Bastogne), Dec. 19, 1944-Jan. 18, 1945",https://www.eisenhowerlibrary.gov/sites/default/files/research/subject-guides/pdf/ardennes-battle-of-the-bulge.pdf,,"Smith, Walter Bedell: Collection of WWII Documents, 1941-1945 Box 13",Ardennes/Battle of the Bulge (Subject Guide),12,overseas_pictorial_history_of_headquarters_battery_231st_armored_field_artillery_01KPSSFPA3XFDH39Z73H4W89CD.json; authors_interviews_with_former_6th_armored_division_personnel_01KPVGNAFFS1J09YGSKPM4P6AR.json; the_sources_for_this_chapter_are_the_invaluable_msgs_in_the_viii_corps_g_3_jnl_a_01KQ7R0H1EY47VQM9BN18K59G2.json; the_68th_tank_battalion_in_combat_01KPSSFG88S7YCAHJEJD6DYZS3.json; brest_to_bastogne_the_story_of_the_6th_armored_division_01KPSSFEQ2H9GWXQXM4R5S8V5Z.json,0,
"907 Glider FA Med Det. Holland & Bastogne Campaign Reports, 09/44-01/1945",https://www.eisenhowerlibrary.gov/sites/default/files/research/subject-guides/pdf/ardennes-battle-of-the-bulge.pdf,,"Smith, Walter Bedell: Collection of WWII Documents, 1941-1945 Box 15",Ardennes/Battle of the Bulge (Subject Guide),12,overseas_pictorial_history_of_headquarters_battery_231st_armored_field_artillery_01KPSSFPA3XFDH39Z73H4W89CD.json; authors_interviews_with_former_6th_armored_division_personnel_01KPVGNAFFS1J09YGSKPM4P6AR.json; the_sources_for_this_chapter_are_the_invaluable_msgs_in_the_viii_corps_g_3_jnl_a_01KQ7R0H1EY47VQM9BN18K59G2.json; the_68th_tank_battalion_in_combat_01KPSSFG88S7YCAHJEJD6DYZS3.json; brest_to_bastogne_the_story_of_the_6th_armored_division_01KPSSFEQ2H9GWXQXM4R5S8V5Z.json,0,
"VIII Corps Field Orders, December 1944-Janaury 1945",https://www.eisenhowerlibrary.gov/sites/default/files/research/subject-guides/pdf/ardennes-battle-of-the-bulge.pdf,,"Smith, Walter Bedell: Collection of WWII Documents, 1941-1945 Box 139",Ardennes/Battle of the Bulge (Subject Guide),424,rpt_of_abn_phase_101st_abn_div_and_a_graphic_account_of_the_82d_airborne_divisio_01KTC74CC2R7R21SB7XTTAPC27.json; 90th_div_msg_1105_8_jul_and_viii_corps_msg_0940_9_jul_viii_corps_g_3_jnl_and_fil_01KPVTVWPVBHW2AX91673RS3ST.json; task_force_a_after_action_report_and_journal_august_01KPSSQDDNAZAJ976792ZYTAWD.json; tf_a_jnl_entry_1200_7_aug_01KQ5QQJJ1NYJP3E3KVFRN51TN.json; viii_corps_g_2_estimate_no_6_01KPST6YYRJY3RM52A0YCVY8B9.json,0,
"VIII Corps Memoranda, January 1945",https://www.eisenhowerlibrary.gov/sites/default/files/research/subject-guides/pdf/ardennes-battle-of-the-bulge.pdf,,"Smith, Walter Bedell: Collection of WWII Documents, 1941-1945 Box 139",Ardennes/Battle of the Bulge (Subject Guide),424,rpt_of_abn_phase_101st_abn_div_and_a_graphic_account_of_the_82d_airborne_divisio_01KTC74CC2R7R21SB7XTTAPC27.json; 90th_div_msg_1105_8_jul_and_viii_corps_msg_0940_9_jul_viii_corps_g_3_jnl_and_fil_01KPVTVWPVBHW2AX91673RS3ST.json; task_force_a_after_action_report_and_journal_august_01KPSSQDDNAZAJ976792ZYTAWD.json; tf_a_jnl_entry_1200_7_aug_01KQ5QQJJ1NYJP3E3KVFRN51TN.json; viii_corps_g_2_estimate_no_6_01KPST6YYRJY3RM52A0YCVY8B9.json,0,
99 Infantry Division: Battle of the Bulge in Belgium,https://www.eisenhowerlibrary.gov/sites/default/files/research/subject-guides/pdf/ardennes-battle-of-the-bulge.pdf,,"Smith, Walter Bedell: Collection of WWII Documents, 1941-1945 Box 1196",Ardennes/Battle of the Bulge (Subject Guide),4,the_ardennes_battle_of_the_bulge_01KTA7YSC5M9N72JTAMGQ420R8.json; the_ardennes_battle_of_the_bulge_01KT9SFVZYMAAFTNN0DYWXJEKQ.json; the_ardennes_battle_of_the_bulge_01KTC52PNBDDEDS51TQPFAD47K.json; the_ardennes_battle_of_the_bulge_01KT812SAV5QV02P4RKNM9J77Y.json,0,
"506 Parachute Infantry Regiment, After Action Report, Bastogne, Dec. 1944-Jan. 1945",https://www.eisenhowerlibrary.gov/sites/default/files/research/subject-guides/pdf/ardennes-battle-of-the-bulge.pdf,,"Smith, Walter Bedell: Collection of WWII Documents, 1941-1945 Box 1535",Ardennes/Battle of the Bulge (Subject Guide),12,overseas_pictorial_history_of_headquarters_battery_231st_armored_field_artillery_01KPSSFPA3XFDH39Z73H4W89CD.json; authors_interviews_with_former_6th_armored_division_personnel_01KPVGNAFFS1J09YGSKPM4P6AR.json; the_sources_for_this_chapter_are_the_invaluable_msgs_in_the_viii_corps_g_3_jnl_a_01KQ7R0H1EY47VQM9BN18K59G2.json; the_68th_tank_battalion_in_combat_01KPSSFG88S7YCAHJEJD6DYZS3.json; brest_to_bastogne_the_story_of_the_6th_armored_division_01KPSSFEQ2H9GWXQXM4R5S8V5Z.json,0,
Military Engineer (2) [August 1945 contains article: “Road Work in the Bulge” by W.C. Hall],https://www.eisenhowerlibrary.gov/sites/default/files/research/subject-guides/pdf/ardennes-battle-of-the-bulge.pdf,,"Smith, Walter Bedell: Collection of WWII Documents, 1941-1945 Box 5",Ardennes/Battle of the Bulge (Subject Guide),4,the_ardennes_battle_of_the_bulge_01KTA7YSC5M9N72JTAMGQ420R8.json; the_ardennes_battle_of_the_bulge_01KT9SFVZYMAAFTNN0DYWXJEKQ.json; the_ardennes_battle_of_the_bulge_01KTC52PNBDDEDS51TQPFAD47K.json; the_ardennes_battle_of_the_bulge_01KT812SAV5QV02P4RKNM9J77Y.json,0,
"The Ardennes-related materials in this collection consist of a photograph album, “Ninth Air Force Co",https://www.eisenhowerlibrary.gov/sites/default/files/research/subject-guides/pdf/ardennes-battle-of-the-bulge.pdf,,Elwood Quesada Collection Box 1,Ardennes/Battle of the Bulge (Subject Guide),35,the_army_air_forces_in_world_war_ii_vol_iii_europe_argument_to_v_e_day_01KPSZ6X6SCTK1KKKSCW800P4T.json; ms_b_412_einem_01KRSJ2CDNQ1ZE6P7RR8FM5ASY.json; the_ardennes_01KS0ZC1KD7D07WM63Q4YSESFW.json; the_ardennes_01KS0DHX1HKN6GVEN22RTJWXMS.json; the_ardennes_offensive_planning_and_preparations_chapter_1_the_preliminary_plann_01KTC4B36GAP51N4BXNP11YSAR.json,0,
WEATHERING THE BULGE,https://www.eisenhowerlibrary.gov/sites/default/files/research/subject-guides/pdf/ardennes-battle-of-the-bulge.pdf,,This group of photographs from the Numerical Collections contains images from the Army Signal Corps taken in Box 1,Ardennes/Battle of the Bulge (Subject Guide),4,the_ardennes_battle_of_the_bulge_01KTA7YSC5M9N72JTAMGQ420R8.json; the_ardennes_battle_of_the_bulge_01KT9SFVZYMAAFTNN0DYWXJEKQ.json; the_ardennes_battle_of_the_bulge_01KTC52PNBDDEDS51TQPFAD47K.json; the_ardennes_battle_of_the_bulge_01KT812SAV5QV02P4RKNM9J77Y.json,0,
Program deals with weather as a key factor in the timing for the BATTLE OF THE BULGE.,https://www.eisenhowerlibrary.gov/sites/default/files/research/subject-guides/pdf/ardennes-battle-of-the-bulge.pdf,,This group of photographs from the Numerical Collections contains images from the Army Signal Corps taken in Box 1,Ardennes/Battle of the Bulge (Subject Guide),4,the_ardennes_battle_of_the_bulge_01KTA7YSC5M9N72JTAMGQ420R8.json; the_ardennes_battle_of_the_bulge_01KT9SFVZYMAAFTNN0DYWXJEKQ.json; the_ardennes_battle_of_the_bulge_01KTC52PNBDDEDS51TQPFAD47K.json; the_ardennes_battle_of_the_bulge_01KT812SAV5QV02P4RKNM9J77Y.json,0,
of the Bulge veterans.,https://www.eisenhowerlibrary.gov/sites/default/files/research/subject-guides/pdf/ardennes-battle-of-the-bulge.pdf,,This group of photographs from the Numerical Collections contains images from the Army Signal Corps taken in Box 1,Ardennes/Battle of the Bulge (Subject Guide),4,the_ardennes_battle_of_the_bulge_01KTA7YSC5M9N72JTAMGQ420R8.json; the_ardennes_battle_of_the_bulge_01KT9SFVZYMAAFTNN0DYWXJEKQ.json; the_ardennes_battle_of_the_bulge_01KTC52PNBDDEDS51TQPFAD47K.json; the_ardennes_battle_of_the_bulge_01KT812SAV5QV02P4RKNM9J77Y.json,0,
"Ardennes, the Battle of the Bulge: A Select Bibliography",https://www.eisenhowerlibrary.gov/sites/default/files/research/subject-guides/pdf/ardennes-battle-of-the-bulge.pdf,,This group of photographs from the Numerical Collections contains images from the Army Signal Corps taken in Box 1,Ardennes/Battle of the Bulge (Subject Guide),35,the_army_air_forces_in_world_war_ii_vol_iii_europe_argument_to_v_e_day_01KPSZ6X6SCTK1KKKSCW800P4T.json; ms_b_412_einem_01KRSJ2CDNQ1ZE6P7RR8FM5ASY.json; the_ardennes_01KS0ZC1KD7D07WM63Q4YSESFW.json; the_ardennes_01KS0DHX1HKN6GVEN22RTJWXMS.json; the_ardennes_offensive_planning_and_preparations_chapter_1_the_preliminary_plann_01KTC4B36GAP51N4BXNP11YSAR.json,0,
(This list contains only books focused on events surrounding the Ardennes campaign. For more informa,https://www.eisenhowerlibrary.gov/sites/default/files/research/subject-guides/pdf/ardennes-battle-of-the-bulge.pdf,,This group of photographs from the Numerical Collections contains images from the Army Signal Corps taken in Box 1,Ardennes/Battle of the Bulge (Subject Guide),35,the_army_air_forces_in_world_war_ii_vol_iii_europe_argument_to_v_e_day_01KPSZ6X6SCTK1KKKSCW800P4T.json; ms_b_412_einem_01KRSJ2CDNQ1ZE6P7RR8FM5ASY.json; the_ardennes_01KS0ZC1KD7D07WM63Q4YSESFW.json; the_ardennes_01KS0DHX1HKN6GVEN22RTJWXMS.json; the_ardennes_offensive_planning_and_preparations_chapter_1_the_preliminary_plann_01KTC4B36GAP51N4BXNP11YSAR.json,0,
"biographies of Dwight D. Eisenhower, George Patton, Omar Bradley, Bernard Law Montgomery, and other",https://www.eisenhowerlibrary.gov/sites/default/files/research/subject-guides/pdf/ardennes-battle-of-the-bulge.pdf,,This group of photographs from the Numerical Collections contains images from the Army Signal Corps taken in Box 1,Ardennes/Battle of the Bulge (Subject Guide),712,to_patton_01KRJ34DV7HGNM0J7AXP1W1XGZ.json; xii_corps_spearhead_of_pattons_third_army_01KS45GYFK1SZHTS9E3EGA4AGJ.json; smith_to_bradley_01KS3J4ECWTG9RJN51KP4KJRY8.json; g_1_journal_and_after_action_report_01KQTHKAHYV45JB50Y79504N22.json; letter_to_montgomery_15_september_1944_01KS0ZV0NQ2FHEQD91RPXP83VS.json,0,
"Astor, Gerald. A Blood-Dimmed Tide: The Story of the Battle of the Bulge and the Men Who Fought It. ",https://www.eisenhowerlibrary.gov/sites/default/files/research/subject-guides/pdf/ardennes-battle-of-the-bulge.pdf,,This group of photographs from the Numerical Collections contains images from the Army Signal Corps taken in Box 1,Ardennes/Battle of the Bulge (Subject Guide),4,the_ardennes_battle_of_the_bulge_01KTA7YSC5M9N72JTAMGQ420R8.json; the_ardennes_battle_of_the_bulge_01KT9SFVZYMAAFTNN0DYWXJEKQ.json; the_ardennes_battle_of_the_bulge_01KTC52PNBDDEDS51TQPFAD47K.json; the_ardennes_battle_of_the_bulge_01KT812SAV5QV02P4RKNM9J77Y.json,0,
"Cole, Hugh M. The Ardennes: Battle of the Bulge. Washington, D.C.: Office of the Chief of Military H",https://www.eisenhowerlibrary.gov/sites/default/files/research/subject-guides/pdf/ardennes-battle-of-the-bulge.pdf,,This group of photographs from the Numerical Collections contains images from the Army Signal Corps taken in Box 1,Ardennes/Battle of the Bulge (Subject Guide),35,the_army_air_forces_in_world_war_ii_vol_iii_europe_argument_to_v_e_day_01KPSZ6X6SCTK1KKKSCW800P4T.json; ms_b_412_einem_01KRSJ2CDNQ1ZE6P7RR8FM5ASY.json; the_ardennes_01KS0ZC1KD7D07WM63Q4YSESFW.json; the_ardennes_01KS0DHX1HKN6GVEN22RTJWXMS.json; the_ardennes_offensive_planning_and_preparations_chapter_1_the_preliminary_plann_01KTC4B36GAP51N4BXNP11YSAR.json,0,
"Dupuy, Trevor. Hitler’s Last Gamble: the Battle of the Bulge, December 1944-January 1945. New York:",https://www.eisenhowerlibrary.gov/sites/default/files/research/subject-guides/pdf/ardennes-battle-of-the-bulge.pdf,,This group of photographs from the Numerical Collections contains images from the Army Signal Corps taken in Box 1,Ardennes/Battle of the Bulge (Subject Guide),4,the_ardennes_battle_of_the_bulge_01KTA7YSC5M9N72JTAMGQ420R8.json; the_ardennes_battle_of_the_bulge_01KT9SFVZYMAAFTNN0DYWXJEKQ.json; the_ardennes_battle_of_the_bulge_01KTC52PNBDDEDS51TQPFAD47K.json; the_ardennes_battle_of_the_bulge_01KT812SAV5QV02P4RKNM9J77Y.json,0,
"HarperCollins, 1994.",https://www.eisenhowerlibrary.gov/sites/default/files/research/subject-guides/pdf/ardennes-battle-of-the-bulge.pdf,,This group of photographs from the Numerical Collections contains images from the Army Signal Corps taken in Box 1,Ardennes/Battle of the Bulge (Subject Guide),104,notes_for_general_hobbs_01KQ5STH6FH52NC4K2GQFNXNFQ.json; vii_corps_and_9th_div_fos_notes_for_chief_of_staff_22_and_23_sep_44_ltr_craig_to_01KTAARFM3VY4D773P0JKR3TPK.json; operation_victory_01KPSMES47EZK7KEE7N66ZFRXH.json; ltr_collins_to_hechler_9_dec_45_01KPSNK0MZ3DPDH1T2J36YVME2.json; letter_collins_to_hechler_01KQ5KVZZAJNCK0VQ7D68WM29T.json,0,
Commander to the Squad Leader—of the Crisis that Shook the Western Coalition: Hitler’s Surprise Arde,https://www.eisenhowerlibrary.gov/sites/default/files/research/subject-guides/pdf/ardennes-battle-of-the-bulge.pdf,,This group of photographs from the Numerical Collections contains images from the Army Signal Corps taken in Box 1,Ardennes/Battle of the Bulge (Subject Guide),35,the_army_air_forces_in_world_war_ii_vol_iii_europe_argument_to_v_e_day_01KPSZ6X6SCTK1KKKSCW800P4T.json; ms_b_412_einem_01KRSJ2CDNQ1ZE6P7RR8FM5ASY.json; the_ardennes_01KS0ZC1KD7D07WM63Q4YSESFW.json; the_ardennes_01KS0DHX1HKN6GVEN22RTJWXMS.json; the_ardennes_offensive_planning_and_preparations_chapter_1_the_preliminary_plann_01KTC4B36GAP51N4BXNP11YSAR.json,0,
"MacDonald, Charles. A Time for Trumpets: The Untold Story of the Battle of the Bulge. New York: Morr",https://www.eisenhowerlibrary.gov/sites/default/files/research/subject-guides/pdf/ardennes-battle-of-the-bulge.pdf,,This group of photographs from the Numerical Collections contains images from the Army Signal Corps taken in Box 1,Ardennes/Battle of the Bulge (Subject Guide),4,the_ardennes_battle_of_the_bulge_01KTA7YSC5M9N72JTAMGQ420R8.json; the_ardennes_battle_of_the_bulge_01KT9SFVZYMAAFTNN0DYWXJEKQ.json; the_ardennes_battle_of_the_bulge_01KTC52PNBDDEDS51TQPFAD47K.json; the_ardennes_battle_of_the_bulge_01KT812SAV5QV02P4RKNM9J77Y.json,0,
"Merriam, Robert E. Dark December: The Full Account of the Battle of the Bulge. Chicago: Ziff-Davis P",https://www.eisenhowerlibrary.gov/sites/default/files/research/subject-guides/pdf/ardennes-battle-of-the-bulge.pdf,,This group of photographs from the Numerical Collections contains images from the Army Signal Corps taken in Box 1,Ardennes/Battle of the Bulge (Subject Guide),4,the_ardennes_battle_of_the_bulge_01KTA7YSC5M9N72JTAMGQ420R8.json; the_ardennes_battle_of_the_bulge_01KT9SFVZYMAAFTNN0DYWXJEKQ.json; the_ardennes_battle_of_the_bulge_01KTC52PNBDDEDS51TQPFAD47K.json; the_ardennes_battle_of_the_bulge_01KT812SAV5QV02P4RKNM9J77Y.json,0,
"Neill, George W. Infantry Soldier: Holding the Line at the Battle of the Bulge. Norman, OK: Universi",https://www.eisenhowerlibrary.gov/sites/default/files/research/subject-guides/pdf/ardennes-battle-of-the-bulge.pdf,,This group of photographs from the Numerical Collections contains images from the Army Signal Corps taken in Box 1,Ardennes/Battle of the Bulge (Subject Guide),4,the_ardennes_battle_of_the_bulge_01KTA7YSC5M9N72JTAMGQ420R8.json; the_ardennes_battle_of_the_bulge_01KT9SFVZYMAAFTNN0DYWXJEKQ.json; the_ardennes_battle_of_the_bulge_01KTC52PNBDDEDS51TQPFAD47K.json; the_ardennes_battle_of_the_bulge_01KT812SAV5QV02P4RKNM9J77Y.json,0,
"Nobecourt, Jacques. Hitler’s Last Gamble: The Battle of the Bulge. Trans. By R. H. Barry. New York: ",https://www.eisenhowerlibrary.gov/sites/default/files/research/subject-guides/pdf/ardennes-battle-of-the-bulge.pdf,,This group of photographs from the Numerical Collections contains images from the Army Signal Corps taken in Box 1,Ardennes/Battle of the Bulge (Subject Guide),4,the_ardennes_battle_of_the_bulge_01KTA7YSC5M9N72JTAMGQ420R8.json; the_ardennes_battle_of_the_bulge_01KT9SFVZYMAAFTNN0DYWXJEKQ.json; the_ardennes_battle_of_the_bulge_01KTC52PNBDDEDS51TQPFAD47K.json; the_ardennes_battle_of_the_bulge_01KT812SAV5QV02P4RKNM9J77Y.json,0,
"Parker, Danny S. Battle of the Bulge: Hitler’s Ardennes Offensive, 1944-1945. Conshohocken, PA: Comb",https://www.eisenhowerlibrary.gov/sites/default/files/research/subject-guides/pdf/ardennes-battle-of-the-bulge.pdf,,This group of photographs from the Numerical Collections contains images from the Army Signal Corps taken in Box 1,Ardennes/Battle of the Bulge (Subject Guide),35,the_army_air_forces_in_world_war_ii_vol_iii_europe_argument_to_v_e_day_01KPSZ6X6SCTK1KKKSCW800P4T.json; ms_b_412_einem_01KRSJ2CDNQ1ZE6P7RR8FM5ASY.json; the_ardennes_01KS0ZC1KD7D07WM63Q4YSESFW.json; the_ardennes_01KS0DHX1HKN6GVEN22RTJWXMS.json; the_ardennes_offensive_planning_and_preparations_chapter_1_the_preliminary_plann_01KTC4B36GAP51N4BXNP11YSAR.json,0,
"Parker, Danny S. To Win the Winter Sky: The Air War Over the Ardennes, 1944-1945. Conshohocken, PA:",https://www.eisenhowerlibrary.gov/sites/default/files/research/subject-guides/pdf/ardennes-battle-of-the-bulge.pdf,,This group of photographs from the Numerical Collections contains images from the Army Signal Corps taken in Box 1,Ardennes/Battle of the Bulge (Subject Guide),35,the_army_air_forces_in_world_war_ii_vol_iii_europe_argument_to_v_e_day_01KPSZ6X6SCTK1KKKSCW800P4T.json; ms_b_412_einem_01KRSJ2CDNQ1ZE6P7RR8FM5ASY.json; the_ardennes_01KS0ZC1KD7D07WM63Q4YSESFW.json; the_ardennes_01KS0DHX1HKN6GVEN22RTJWXMS.json; the_ardennes_offensive_planning_and_preparations_chapter_1_the_preliminary_plann_01KTC4B36GAP51N4BXNP11YSAR.json,0,
"Strawson, John. The Battle for the Ardennes. New York: Scribner, 1972.",https://www.eisenhowerlibrary.gov/sites/default/files/research/subject-guides/pdf/ardennes-battle-of-the-bulge.pdf,,This group of photographs from the Numerical Collections contains images from the Army Signal Corps taken in Box 1,Ardennes/Battle of the Bulge (Subject Guide),35,the_army_air_forces_in_world_war_ii_vol_iii_europe_argument_to_v_e_day_01KPSZ6X6SCTK1KKKSCW800P4T.json; ms_b_412_einem_01KRSJ2CDNQ1ZE6P7RR8FM5ASY.json; the_ardennes_01KS0ZC1KD7D07WM63Q4YSESFW.json; the_ardennes_01KS0DHX1HKN6GVEN22RTJWXMS.json; the_ardennes_offensive_planning_and_preparations_chapter_1_the_preliminary_plann_01KTC4B36GAP51N4BXNP11YSAR.json,0,
"Toland, John. Battle, The Story of the Bulge. New York: Random House, 1959.",https://www.eisenhowerlibrary.gov/sites/default/files/research/subject-guides/pdf/ardennes-battle-of-the-bulge.pdf,,This group of photographs from the Numerical Collections contains images from the Army Signal Corps taken in Box 1,Ardennes/Battle of the Bulge (Subject Guide),4,the_ardennes_battle_of_the_bulge_01KTA7YSC5M9N72JTAMGQ420R8.json; the_ardennes_battle_of_the_bulge_01KT9SFVZYMAAFTNN0DYWXJEKQ.json; the_ardennes_battle_of_the_bulge_01KTC52PNBDDEDS51TQPFAD47K.json; the_ardennes_battle_of_the_bulge_01KT812SAV5QV02P4RKNM9J77Y.json,0,
Walter Farrar (1) [postcards of D-Day related locations in France],https://www.eisenhowerlibrary.gov/sites/default/files/research/subject-guides/pdf/dday-invasion.pdf,,DWIGHT D. EISENHOWER LIBRARY: Small Manuscript Collections Box 18,D-Day Invasion (Subject Guide),16,8th_div_g_3_jnl_entry_0815_30_jul_01KPT49DTXK4E1DS904FFQ8BVE.json; the_last_offensive_01KT9TBB2W2VKN39WBFAZ2D62B.json; shaef66876e_01KQ62FGSA1QG38SG05MW0AQ5N.json; annex_b_to_shaef10627gdp_01KQ62FE4XBS9F4PGC3TF6RBXN.json; information_on_german_preparations_and_combat_comes_from_original_records_of_the_01KQ64C56464SZ7EN0PRQRBFYV.json,0,
D-Day Message,https://www.eisenhowerlibrary.gov/sites/default/files/research/subject-guides/pdf/dday-invasion.pdf,,DWIGHT D. EISENHOWER LIBRARY: Small Manuscript Collections Box 139,D-Day Invasion (Subject Guide),16,8th_div_g_3_jnl_entry_0815_30_jul_01KPT49DTXK4E1DS904FFQ8BVE.json; the_last_offensive_01KT9TBB2W2VKN39WBFAZ2D62B.json; shaef66876e_01KQ62FGSA1QG38SG05MW0AQ5N.json; annex_b_to_shaef10627gdp_01KQ62FE4XBS9F4PGC3TF6RBXN.json; information_on_german_preparations_and_combat_comes_from_original_records_of_the_01KQ64C56464SZ7EN0PRQRBFYV.json,0,
"D-DAY MESSAGES, June 6, 1944",https://www.eisenhowerlibrary.gov/sites/default/files/research/subject-guides/pdf/dday-invasion.pdf,,DWIGHT D. EISENHOWER LIBRARY: Small Manuscript Collections Box 194,D-Day Invasion (Subject Guide),16,8th_div_g_3_jnl_entry_0815_30_jul_01KPT49DTXK4E1DS904FFQ8BVE.json; the_last_offensive_01KT9TBB2W2VKN39WBFAZ2D62B.json; shaef66876e_01KQ62FGSA1QG38SG05MW0AQ5N.json; annex_b_to_shaef10627gdp_01KQ62FE4XBS9F4PGC3TF6RBXN.json; information_on_german_preparations_and_combat_comes_from_original_records_of_the_01KQ64C56464SZ7EN0PRQRBFYV.json,0,
Cherbourg (1)-(2),https://www.eisenhowerlibrary.gov/sites/default/files/research/subject-guides/pdf/dday-invasion.pdf,,"HODGES, COURTNEY HICKS: Papers, 1904-1965 Box 3",D-Day Invasion (Subject Guide),9,aeaf_memo_operation_neptune_employment_of_british_and_american_airborne_forces_01KPTC8QZK2WRT1GAKDP3T39M3.json; combat_intervs_01KQ638WTAZN0NQR1HFM9PCCGA.json; combat_interviews_82d_abn_and_4th_inf_divs_01KQ6399W4K7QNM8G8S38S0G72.json; utah_beach_to_cherbourg_01KPT1SQKS4R97TH0JPBKZZKHT.json; although_general_bradley_thus_exposed_himself_to_criticism_for_piecemeal_commitm_01KPT1CWB5ATZQNS8GXW2ZTG16.json,0,
D-Day Broadcast Documents,https://www.eisenhowerlibrary.gov/sites/default/files/research/subject-guides/pdf/dday-invasion.pdf,,"HODGES, COURTNEY HICKS: Papers, 1904-1965 Box 1",D-Day Invasion (Subject Guide),16,8th_div_g_3_jnl_entry_0815_30_jul_01KPT49DTXK4E1DS904FFQ8BVE.json; the_last_offensive_01KT9TBB2W2VKN39WBFAZ2D62B.json; shaef66876e_01KQ62FGSA1QG38SG05MW0AQ5N.json; annex_b_to_shaef10627gdp_01KQ62FE4XBS9F4PGC3TF6RBXN.json; information_on_german_preparations_and_combat_comes_from_original_records_of_the_01KQ64C56464SZ7EN0PRQRBFYV.json,0,
16th Inf Regt Summary of Regimental Situation on D-Day 6 June 194,https://www.eisenhowerlibrary.gov/sites/default/files/research/subject-guides/pdf/dday-invasion.pdf,,"GENERAL STAFF: Records, 1943-45 (microfilm) Box 24, Reel 139",D-Day Invasion (Subject Guide),16,8th_div_g_3_jnl_entry_0815_30_jul_01KPT49DTXK4E1DS904FFQ8BVE.json; the_last_offensive_01KT9TBB2W2VKN39WBFAZ2D62B.json; shaef66876e_01KQ62FGSA1QG38SG05MW0AQ5N.json; annex_b_to_shaef10627gdp_01KQ62FE4XBS9F4PGC3TF6RBXN.json; information_on_german_preparations_and_combat_comes_from_original_records_of_the_01KQ64C56464SZ7EN0PRQRBFYV.json,0,
16th Inf Regt 3rd Bn D-Day Operations June 1944 [884-888],https://www.eisenhowerlibrary.gov/sites/default/files/research/subject-guides/pdf/dday-invasion.pdf,,"GENERAL STAFF: Records, 1943-45 (microfilm) Box 26, Reel 151",D-Day Invasion (Subject Guide),16,8th_div_g_3_jnl_entry_0815_30_jul_01KPT49DTXK4E1DS904FFQ8BVE.json; the_last_offensive_01KT9TBB2W2VKN39WBFAZ2D62B.json; shaef66876e_01KQ62FGSA1QG38SG05MW0AQ5N.json; annex_b_to_shaef10627gdp_01KQ62FE4XBS9F4PGC3TF6RBXN.json; information_on_german_preparations_and_combat_comes_from_original_records_of_the_01KQ64C56464SZ7EN0PRQRBFYV.json,0,
Special Operation Report The Advance to Cherbourg June 1944,https://www.eisenhowerlibrary.gov/sites/default/files/research/subject-guides/pdf/dday-invasion.pdf,,"GENERAL STAFF: Records, 1943-45 (microfilm) Box 1, Reel 2",D-Day Invasion (Subject Guide),9,aeaf_memo_operation_neptune_employment_of_british_and_american_airborne_forces_01KPTC8QZK2WRT1GAKDP3T39M3.json; combat_intervs_01KQ638WTAZN0NQR1HFM9PCCGA.json; combat_interviews_82d_abn_and_4th_inf_divs_01KQ6399W4K7QNM8G8S38S0G72.json; utah_beach_to_cherbourg_01KPT1SQKS4R97TH0JPBKZZKHT.json; although_general_bradley_thus_exposed_himself_to_criticism_for_piecemeal_commitm_01KPT1CWB5ATZQNS8GXW2ZTG16.json,0,
Cherbourg June1944,https://www.eisenhowerlibrary.gov/sites/default/files/research/subject-guides/pdf/dday-invasion.pdf,,"GENERAL STAFF: Records, 1943-45 (microfilm) Box 20, Reel 115",D-Day Invasion (Subject Guide),9,aeaf_memo_operation_neptune_employment_of_british_and_american_airborne_forces_01KPTC8QZK2WRT1GAKDP3T39M3.json; combat_intervs_01KQ638WTAZN0NQR1HFM9PCCGA.json; combat_interviews_82d_abn_and_4th_inf_divs_01KQ6399W4K7QNM8G8S38S0G72.json; utah_beach_to_cherbourg_01KPT1SQKS4R97TH0JPBKZZKHT.json; although_general_bradley_thus_exposed_himself_to_criticism_for_piecemeal_commitm_01KPT1CWB5ATZQNS8GXW2ZTG16.json,0,
Graphic Story of Division’s Operations on Cherbourg Peninsula 6 June-8,https://www.eisenhowerlibrary.gov/sites/default/files/research/subject-guides/pdf/dday-invasion.pdf,,"GENERAL STAFF: Records, 1943-45 (microfilm) Box 1, Reel 1",D-Day Invasion (Subject Guide),9,aeaf_memo_operation_neptune_employment_of_british_and_american_airborne_forces_01KPTC8QZK2WRT1GAKDP3T39M3.json; combat_intervs_01KQ638WTAZN0NQR1HFM9PCCGA.json; combat_interviews_82d_abn_and_4th_inf_divs_01KQ6399W4K7QNM8G8S38S0G72.json; utah_beach_to_cherbourg_01KPT1SQKS4R97TH0JPBKZZKHT.json; although_general_bradley_thus_exposed_himself_to_criticism_for_piecemeal_commitm_01KPT1CWB5ATZQNS8GXW2ZTG16.json,0,
307th A/B Medical Co Operations Cherbourg Peninsula 6 June-11,https://www.eisenhowerlibrary.gov/sites/default/files/research/subject-guides/pdf/dday-invasion.pdf,,"GENERAL STAFF: Records, 1943-45 (microfilm) Box 11, Reel 61",D-Day Invasion (Subject Guide),9,aeaf_memo_operation_neptune_employment_of_british_and_american_airborne_forces_01KPTC8QZK2WRT1GAKDP3T39M3.json; combat_intervs_01KQ638WTAZN0NQR1HFM9PCCGA.json; combat_interviews_82d_abn_and_4th_inf_divs_01KQ6399W4K7QNM8G8S38S0G72.json; utah_beach_to_cherbourg_01KPT1SQKS4R97TH0JPBKZZKHT.json; although_general_bradley_thus_exposed_himself_to_criticism_for_piecemeal_commitm_01KPT1CWB5ATZQNS8GXW2ZTG16.json,0,
"82nd A/B Signal Co Operations Report, Operation Neptune 6 June15 July 1944",https://www.eisenhowerlibrary.gov/sites/default/files/research/subject-guides/pdf/dday-invasion.pdf,,"GENERAL STAFF: Records, 1943-45 (microfilm) Box 11, Reel 61",D-Day Invasion (Subject Guide),86,aeaf_memo_operation_neptune_employment_of_british_and_american_airborne_forces_01KPTC8QZK2WRT1GAKDP3T39M3.json; post_neptune_courses_of_action_after_capture_of_the_lodgment_area_main_objective_01KTC591RRKV0E26SXJF82RG1P.json; ps_shaef_44_21_final_01KQ5JK0W40R6E1JXPN413DZD6.json; msg_g_2_to_co_base_echelon_17_sep_01KT9TFHDHJWP90V6TZF63P068.json; shaef245003ops_01KPSMFGHRNK88TBM9RQYYHRJ2.json,0,
U.S. Army units listed below were involved in the first 4 days of the Normandy Invasion. These recor,https://www.eisenhowerlibrary.gov/sites/default/files/research/subject-guides/pdf/dday-invasion.pdf,,"GENERAL STAFF: Records, 1943-45 (microfilm) Box 2",D-Day Invasion (Subject Guide),175,research_and_analysis_to_fix_earliest_practicable_date_for_invasion_of_western_e_01KQ68N782VCFZMKQ83X27N773.json; intentions_second_british_army_and_first_canadian_army_19_20_21_and_23_aug_01KPSY97B5VKNJH2NEGVKBPSG4.json; remarks_on_90th_division_performance_01KPVBW7KQV6MJXCSZTQY9T04M.json; 12th_army_group_report_of_operations_01KQ96PXTQTFRRHS5P9CD6ESEA.json; fusa_psychological_warfare_division_letter_bombing_of_st_lô_4_july_1944_01KPT3M5NYB7DQ4YSJFBH6X5A8.json,0,
do represent a comprehensive compilation of U. S. Army records for D-Day or for the military units,https://www.eisenhowerlibrary.gov/sites/default/files/research/subject-guides/pdf/dday-invasion.pdf,,"GENERAL STAFF: Records, 1943-45 (microfilm) Box 2",D-Day Invasion (Subject Guide),16,8th_div_g_3_jnl_entry_0815_30_jul_01KPT49DTXK4E1DS904FFQ8BVE.json; the_last_offensive_01KT9TBB2W2VKN39WBFAZ2D62B.json; shaef66876e_01KQ62FGSA1QG38SG05MW0AQ5N.json; annex_b_to_shaef10627gdp_01KQ62FE4XBS9F4PGC3TF6RBXN.json; information_on_german_preparations_and_combat_comes_from_original_records_of_the_01KQ64C56464SZ7EN0PRQRBFYV.json,0,
82nd Airborne Division,https://www.eisenhowerlibrary.gov/sites/default/files/research/subject-guides/pdf/dday-invasion.pdf,,"GENERAL STAFF: Records, 1943-45 (microfilm) Box 2",D-Day Invasion (Subject Guide),112,rpt_of_abn_phase_101st_abn_div_and_a_graphic_account_of_the_82d_airborne_divisio_01KTC74CC2R7R21SB7XTTAPC27.json; ltr_airborne_opns_to_further_overlord_6_jul_01KQ7YKC2VS82T5JY5CKHV1VD7.json; analysis_of_battle_casualty_reports_received_from_82d_airborne_division_01KQ6A6XAVJ1Y1S7RF5Z22Y7D8.json; aeaf_memo_operation_neptune_employment_of_british_and_american_airborne_forces_01KPTC8QZK2WRT1GAKDP3T39M3.json; 12th_army_group_report_of_operations_01KQ96PXTQTFRRHS5P9CD6ESEA.json,0,
101 Airborne Division,https://www.eisenhowerlibrary.gov/sites/default/files/research/subject-guides/pdf/dday-invasion.pdf,,"GENERAL STAFF: Records, 1943-45 (microfilm) Box 6",D-Day Invasion (Subject Guide),112,rpt_of_abn_phase_101st_abn_div_and_a_graphic_account_of_the_82d_airborne_divisio_01KTC74CC2R7R21SB7XTTAPC27.json; ltr_airborne_opns_to_further_overlord_6_jul_01KQ7YKC2VS82T5JY5CKHV1VD7.json; analysis_of_battle_casualty_reports_received_from_82d_airborne_division_01KQ6A6XAVJ1Y1S7RF5Z22Y7D8.json; aeaf_memo_operation_neptune_employment_of_british_and_american_airborne_forces_01KPTC8QZK2WRT1GAKDP3T39M3.json; 12th_army_group_report_of_operations_01KQ96PXTQTFRRHS5P9CD6ESEA.json,0,
"101st Airborne Division Artillery Unit History, 1944",https://www.eisenhowerlibrary.gov/sites/default/files/research/subject-guides/pdf/dday-invasion.pdf,,"GENERAL STAFF: Records, 1943-45 (microfilm) Box 14",D-Day Invasion (Subject Guide),210,rpt_of_abn_phase_101st_abn_div_and_a_graphic_account_of_the_82d_airborne_divisio_01KTC74CC2R7R21SB7XTTAPC27.json; ltr_airborne_opns_to_further_overlord_6_jul_01KQ7YKC2VS82T5JY5CKHV1VD7.json; ltr_lt_gen_anthony_c_mcauliffe_formerly_cg_101st_abn_div_arty_to_ocmh_8_feb_54_01KT827XXNEVB65FFC2HQ9SYKA.json; analysis_of_battle_casualty_reports_received_from_82d_airborne_division_01KQ6A6XAVJ1Y1S7RF5Z22Y7D8.json; aeaf_memo_operation_neptune_employment_of_british_and_american_airborne_forces_01KPTC8QZK2WRT1GAKDP3T39M3.json,0,
"101st Airborne Division Artillery After Action Reports, May 17-July 9, 1944",https://www.eisenhowerlibrary.gov/sites/default/files/research/subject-guides/pdf/dday-invasion.pdf,,"GENERAL STAFF: Records, 1943-45 (microfilm) Box 14",D-Day Invasion (Subject Guide),210,rpt_of_abn_phase_101st_abn_div_and_a_graphic_account_of_the_82d_airborne_divisio_01KTC74CC2R7R21SB7XTTAPC27.json; ltr_airborne_opns_to_further_overlord_6_jul_01KQ7YKC2VS82T5JY5CKHV1VD7.json; ltr_lt_gen_anthony_c_mcauliffe_formerly_cg_101st_abn_div_arty_to_ocmh_8_feb_54_01KT827XXNEVB65FFC2HQ9SYKA.json; analysis_of_battle_casualty_reports_received_from_82d_airborne_division_01KQ6A6XAVJ1Y1S7RF5Z22Y7D8.json; aeaf_memo_operation_neptune_employment_of_british_and_american_airborne_forces_01KPTC8QZK2WRT1GAKDP3T39M3.json,0,
"101st Airborne Division Artillery Unit Journal, May 17-July 12, 1944",https://www.eisenhowerlibrary.gov/sites/default/files/research/subject-guides/pdf/dday-invasion.pdf,,"GENERAL STAFF: Records, 1943-45 (microfilm) Box 14",D-Day Invasion (Subject Guide),210,rpt_of_abn_phase_101st_abn_div_and_a_graphic_account_of_the_82d_airborne_divisio_01KTC74CC2R7R21SB7XTTAPC27.json; ltr_airborne_opns_to_further_overlord_6_jul_01KQ7YKC2VS82T5JY5CKHV1VD7.json; ltr_lt_gen_anthony_c_mcauliffe_formerly_cg_101st_abn_div_arty_to_ocmh_8_feb_54_01KT827XXNEVB65FFC2HQ9SYKA.json; analysis_of_battle_casualty_reports_received_from_82d_airborne_division_01KQ6A6XAVJ1Y1S7RF5Z22Y7D8.json; aeaf_memo_operation_neptune_employment_of_british_and_american_airborne_forces_01KPTC8QZK2WRT1GAKDP3T39M3.json,0,
"101st Airborne Division Surgeon, Report of Activities, 1944-1945",https://www.eisenhowerlibrary.gov/sites/default/files/research/subject-guides/pdf/dday-invasion.pdf,,"GENERAL STAFF: Records, 1943-45 (microfilm) Box 15",D-Day Invasion (Subject Guide),210,rpt_of_abn_phase_101st_abn_div_and_a_graphic_account_of_the_82d_airborne_divisio_01KTC74CC2R7R21SB7XTTAPC27.json; ltr_airborne_opns_to_further_overlord_6_jul_01KQ7YKC2VS82T5JY5CKHV1VD7.json; ltr_lt_gen_anthony_c_mcauliffe_formerly_cg_101st_abn_div_arty_to_ocmh_8_feb_54_01KT827XXNEVB65FFC2HQ9SYKA.json; analysis_of_battle_casualty_reports_received_from_82d_airborne_division_01KQ6A6XAVJ1Y1S7RF5Z22Y7D8.json; aeaf_memo_operation_neptune_employment_of_british_and_american_airborne_forces_01KPTC8QZK2WRT1GAKDP3T39M3.json,0,
81st Airborne Antiaircraft Battalion,https://www.eisenhowerlibrary.gov/sites/default/files/research/subject-guides/pdf/dday-invasion.pdf,,"GENERAL STAFF: Records, 1943-45 (microfilm) Box 230",D-Day Invasion (Subject Guide),112,rpt_of_abn_phase_101st_abn_div_and_a_graphic_account_of_the_82d_airborne_divisio_01KTC74CC2R7R21SB7XTTAPC27.json; ltr_airborne_opns_to_further_overlord_6_jul_01KQ7YKC2VS82T5JY5CKHV1VD7.json; analysis_of_battle_casualty_reports_received_from_82d_airborne_division_01KQ6A6XAVJ1Y1S7RF5Z22Y7D8.json; aeaf_memo_operation_neptune_employment_of_british_and_american_airborne_forces_01KPTC8QZK2WRT1GAKDP3T39M3.json; 12th_army_group_report_of_operations_01KQ96PXTQTFRRHS5P9CD6ESEA.json,0,
81st Airborne Antiaircraft Battalion of the 101st Airborne Division,https://www.eisenhowerlibrary.gov/sites/default/files/research/subject-guides/pdf/dday-invasion.pdf,,"GENERAL STAFF: Records, 1943-45 (microfilm) Box 265",D-Day Invasion (Subject Guide),210,rpt_of_abn_phase_101st_abn_div_and_a_graphic_account_of_the_82d_airborne_divisio_01KTC74CC2R7R21SB7XTTAPC27.json; ltr_airborne_opns_to_further_overlord_6_jul_01KQ7YKC2VS82T5JY5CKHV1VD7.json; ltr_lt_gen_anthony_c_mcauliffe_formerly_cg_101st_abn_div_arty_to_ocmh_8_feb_54_01KT827XXNEVB65FFC2HQ9SYKA.json; analysis_of_battle_casualty_reports_received_from_82d_airborne_division_01KQ6A6XAVJ1Y1S7RF5Z22Y7D8.json; aeaf_memo_operation_neptune_employment_of_british_and_american_airborne_forces_01KPTC8QZK2WRT1GAKDP3T39M3.json,0,
326th Airborne Engineer Battalion,https://www.eisenhowerlibrary.gov/sites/default/files/research/subject-guides/pdf/dday-invasion.pdf,,"GENERAL STAFF: Records, 1943-45 (microfilm) Box 540",D-Day Invasion (Subject Guide),112,rpt_of_abn_phase_101st_abn_div_and_a_graphic_account_of_the_82d_airborne_divisio_01KTC74CC2R7R21SB7XTTAPC27.json; ltr_airborne_opns_to_further_overlord_6_jul_01KQ7YKC2VS82T5JY5CKHV1VD7.json; analysis_of_battle_casualty_reports_received_from_82d_airborne_division_01KQ6A6XAVJ1Y1S7RF5Z22Y7D8.json; aeaf_memo_operation_neptune_employment_of_british_and_american_airborne_forces_01KPTC8QZK2WRT1GAKDP3T39M3.json; 12th_army_group_report_of_operations_01KQ96PXTQTFRRHS5P9CD6ESEA.json,0,
Organizational [History] of the 326th Airborne Engineer Battalion. August,https://www.eisenhowerlibrary.gov/sites/default/files/research/subject-guides/pdf/dday-invasion.pdf,,"GENERAL STAFF: Records, 1943-45 (microfilm) Box 653",D-Day Invasion (Subject Guide),112,rpt_of_abn_phase_101st_abn_div_and_a_graphic_account_of_the_82d_airborne_divisio_01KTC74CC2R7R21SB7XTTAPC27.json; ltr_airborne_opns_to_further_overlord_6_jul_01KQ7YKC2VS82T5JY5CKHV1VD7.json; analysis_of_battle_casualty_reports_received_from_82d_airborne_division_01KQ6A6XAVJ1Y1S7RF5Z22Y7D8.json; aeaf_memo_operation_neptune_employment_of_british_and_american_airborne_forces_01KPTC8QZK2WRT1GAKDP3T39M3.json; 12th_army_group_report_of_operations_01KQ96PXTQTFRRHS5P9CD6ESEA.json,0,
"326th Airborne Engineer Battalion History February-November, 1944",https://www.eisenhowerlibrary.gov/sites/default/files/research/subject-guides/pdf/dday-invasion.pdf,,"GENERAL STAFF: Records, 1943-45 (microfilm) Box 653",D-Day Invasion (Subject Guide),112,rpt_of_abn_phase_101st_abn_div_and_a_graphic_account_of_the_82d_airborne_divisio_01KTC74CC2R7R21SB7XTTAPC27.json; ltr_airborne_opns_to_further_overlord_6_jul_01KQ7YKC2VS82T5JY5CKHV1VD7.json; analysis_of_battle_casualty_reports_received_from_82d_airborne_division_01KQ6A6XAVJ1Y1S7RF5Z22Y7D8.json; aeaf_memo_operation_neptune_employment_of_british_and_american_airborne_forces_01KPTC8QZK2WRT1GAKDP3T39M3.json; 12th_army_group_report_of_operations_01KQ96PXTQTFRRHS5P9CD6ESEA.json,0,
"326th Airborne Engineer Battalion Operational Information, June 1944",https://www.eisenhowerlibrary.gov/sites/default/files/research/subject-guides/pdf/dday-invasion.pdf,,"GENERAL STAFF: Records, 1943-45 (microfilm) Box 653",D-Day Invasion (Subject Guide),112,rpt_of_abn_phase_101st_abn_div_and_a_graphic_account_of_the_82d_airborne_divisio_01KTC74CC2R7R21SB7XTTAPC27.json; ltr_airborne_opns_to_further_overlord_6_jul_01KQ7YKC2VS82T5JY5CKHV1VD7.json; analysis_of_battle_casualty_reports_received_from_82d_airborne_division_01KQ6A6XAVJ1Y1S7RF5Z22Y7D8.json; aeaf_memo_operation_neptune_employment_of_british_and_american_airborne_forces_01KPTC8QZK2WRT1GAKDP3T39M3.json; 12th_army_group_report_of_operations_01KQ96PXTQTFRRHS5P9CD6ESEA.json,0,
"29th Division Artillery After Action Report, June 1944",https://www.eisenhowerlibrary.gov/sites/default/files/research/subject-guides/pdf/dday-invasion.pdf,,"GENERAL STAFF: Records, 1943-45 (microfilm) Box 865",D-Day Invasion (Subject Guide),19,29th_division_history_01KQ6AFJT3D9FTNK6DNW9PMSJR.json; brest_au_combat_01KPSZR6HABC9DKGA5016Y4H5Q.json; 29th_division_field_order_9_01KPVWXRZCGNWSDKRF8JREY511.json; arty_aar_jul_01KQ61Y3KBEHRGPCNP3KC192XZ.json; 29_lets_go_01KPTCAEPE89BNHWEKYZ0BNR1F.json,0,
201 File (1) [D-Day landing table],https://www.eisenhowerlibrary.gov/sites/default/files/research/subject-guides/pdf/dday-invasion.pdf,,WORLD WAR II PARTICIPANTS AND CONTEMPORARIES: Papers Box 4,D-Day Invasion (Subject Guide),16,8th_div_g_3_jnl_entry_0815_30_jul_01KPT49DTXK4E1DS904FFQ8BVE.json; the_last_offensive_01KT9TBB2W2VKN39WBFAZ2D62B.json; shaef66876e_01KQ62FGSA1QG38SG05MW0AQ5N.json; annex_b_to_shaef10627gdp_01KQ62FE4XBS9F4PGC3TF6RBXN.json; information_on_german_preparations_and_combat_comes_from_original_records_of_the_01KQ64C56464SZ7EN0PRQRBFYV.json,0,
"Papers [AP message announcing D-Day landings 3 days early by mistake, followed by",https://www.eisenhowerlibrary.gov/sites/default/files/research/subject-guides/pdf/dday-invasion.pdf,,WORLD WAR II PARTICIPANTS AND CONTEMPORARIES: Papers Box 4,D-Day Invasion (Subject Guide),16,8th_div_g_3_jnl_entry_0815_30_jul_01KPT49DTXK4E1DS904FFQ8BVE.json; the_last_offensive_01KT9TBB2W2VKN39WBFAZ2D62B.json; shaef66876e_01KQ62FGSA1QG38SG05MW0AQ5N.json; annex_b_to_shaef10627gdp_01KQ62FE4XBS9F4PGC3TF6RBXN.json; information_on_german_preparations_and_combat_comes_from_original_records_of_the_01KQ64C56464SZ7EN0PRQRBFYV.json,0,
Letters June 1944 [June 26 letter re experiences on D-Day],https://www.eisenhowerlibrary.gov/sites/default/files/research/subject-guides/pdf/dday-invasion.pdf,,WORLD WAR II PARTICIPANTS AND CONTEMPORARIES: Papers Box 4,D-Day Invasion (Subject Guide),16,8th_div_g_3_jnl_entry_0815_30_jul_01KPT49DTXK4E1DS904FFQ8BVE.json; the_last_offensive_01KT9TBB2W2VKN39WBFAZ2D62B.json; shaef66876e_01KQ62FGSA1QG38SG05MW0AQ5N.json; annex_b_to_shaef10627gdp_01KQ62FE4XBS9F4PGC3TF6RBXN.json; information_on_german_preparations_and_combat_comes_from_original_records_of_the_01KQ64C56464SZ7EN0PRQRBFYV.json,0,
Papers (1) (2)[diary of the war; xeroxed newspaper clippings from D-Day veterans],https://www.eisenhowerlibrary.gov/sites/default/files/research/subject-guides/pdf/dday-invasion.pdf,,WORLD WAR II PARTICIPANTS AND CONTEMPORARIES: Papers Box 4,D-Day Invasion (Subject Guide),16,8th_div_g_3_jnl_entry_0815_30_jul_01KPT49DTXK4E1DS904FFQ8BVE.json; the_last_offensive_01KT9TBB2W2VKN39WBFAZ2D62B.json; shaef66876e_01KQ62FGSA1QG38SG05MW0AQ5N.json; annex_b_to_shaef10627gdp_01KQ62FE4XBS9F4PGC3TF6RBXN.json; information_on_german_preparations_and_combat_comes_from_original_records_of_the_01KQ64C56464SZ7EN0PRQRBFYV.json,0,
Papers [rescue of survivors from USS Corry which was sunk by enemy fire on D-Day],https://www.eisenhowerlibrary.gov/sites/default/files/research/subject-guides/pdf/dday-invasion.pdf,,WORLD WAR II PARTICIPANTS AND CONTEMPORARIES: Papers Box 4,D-Day Invasion (Subject Guide),16,8th_div_g_3_jnl_entry_0815_30_jul_01KPT49DTXK4E1DS904FFQ8BVE.json; the_last_offensive_01KT9TBB2W2VKN39WBFAZ2D62B.json; shaef66876e_01KQ62FGSA1QG38SG05MW0AQ5N.json; annex_b_to_shaef10627gdp_01KQ62FE4XBS9F4PGC3TF6RBXN.json; information_on_german_preparations_and_combat_comes_from_original_records_of_the_01KQ64C56464SZ7EN0PRQRBFYV.json,0,
"Rosie, George M. (101st Airborne Division)",https://www.eisenhowerlibrary.gov/sites/default/files/research/subject-guides/pdf/dday-invasion.pdf,,WORLD WAR II PARTICIPANTS AND CONTEMPORARIES: Papers Box 4,D-Day Invasion (Subject Guide),210,rpt_of_abn_phase_101st_abn_div_and_a_graphic_account_of_the_82d_airborne_divisio_01KTC74CC2R7R21SB7XTTAPC27.json; ltr_airborne_opns_to_further_overlord_6_jul_01KQ7YKC2VS82T5JY5CKHV1VD7.json; ltr_lt_gen_anthony_c_mcauliffe_formerly_cg_101st_abn_div_arty_to_ocmh_8_feb_54_01KT827XXNEVB65FFC2HQ9SYKA.json; analysis_of_battle_casualty_reports_received_from_82d_airborne_division_01KQ6A6XAVJ1Y1S7RF5Z22Y7D8.json; aeaf_memo_operation_neptune_employment_of_british_and_american_airborne_forces_01KPTC8QZK2WRT1GAKDP3T39M3.json,0,
Memoirs [includes airborne training in preparation for D-Day and his experiences during,https://www.eisenhowerlibrary.gov/sites/default/files/research/subject-guides/pdf/dday-invasion.pdf,,WORLD WAR II PARTICIPANTS AND CONTEMPORARIES: Papers Box 4,D-Day Invasion (Subject Guide),127,rpt_of_abn_phase_101st_abn_div_and_a_graphic_account_of_the_82d_airborne_divisio_01KTC74CC2R7R21SB7XTTAPC27.json; ltr_airborne_opns_to_further_overlord_6_jul_01KQ7YKC2VS82T5JY5CKHV1VD7.json; analysis_of_battle_casualty_reports_received_from_82d_airborne_division_01KQ6A6XAVJ1Y1S7RF5Z22Y7D8.json; aeaf_memo_operation_neptune_employment_of_british_and_american_airborne_forces_01KPTC8QZK2WRT1GAKDP3T39M3.json; 12th_army_group_report_of_operations_01KQ96PXTQTFRRHS5P9CD6ESEA.json,0,
Memoirs [includes D-Day experiences],https://www.eisenhowerlibrary.gov/sites/default/files/research/subject-guides/pdf/dday-invasion.pdf,,WORLD WAR II PARTICIPANTS AND CONTEMPORARIES: Papers Box 4,D-Day Invasion (Subject Guide),16,8th_div_g_3_jnl_entry_0815_30_jul_01KPT49DTXK4E1DS904FFQ8BVE.json; the_last_offensive_01KT9TBB2W2VKN39WBFAZ2D62B.json; shaef66876e_01KQ62FGSA1QG38SG05MW0AQ5N.json; annex_b_to_shaef10627gdp_01KQ62FE4XBS9F4PGC3TF6RBXN.json; information_on_german_preparations_and_combat_comes_from_original_records_of_the_01KQ64C56464SZ7EN0PRQRBFYV.json,0,
and after D-Day],https://www.eisenhowerlibrary.gov/sites/default/files/research/subject-guides/pdf/dday-invasion.pdf,,"WYDEN, BARBARA: Papers, 1944-1945 Box 1",D-Day Invasion (Subject Guide),16,8th_div_g_3_jnl_entry_0815_30_jul_01KPT49DTXK4E1DS904FFQ8BVE.json; the_last_offensive_01KT9TBB2W2VKN39WBFAZ2D62B.json; shaef66876e_01KQ62FGSA1QG38SG05MW0AQ5N.json; annex_b_to_shaef10627gdp_01KQ62FE4XBS9F4PGC3TF6RBXN.json; information_on_german_preparations_and_combat_comes_from_original_records_of_the_01KQ64C56464SZ7EN0PRQRBFYV.json,0,
"BUTCHER, HARRY C. COLLECTION: Photographs depicting Allied commanders, Omaha Beach,",https://www.eisenhowerlibrary.gov/sites/default/files/research/subject-guides/pdf/dday-invasion.pdf,,"WYDEN, BARBARA: Papers, 1944-1945 Box 1",D-Day Invasion (Subject Guide),8,amendment_i_to_fusa_plan_01KPTAME05WBVCCETJD1BBQTAQ.json; neptune_training_mounting_the_artificial_ports_the_administrative_and_logistical_01KQ62TX9SVWB0BGXQ171N6XEP.json; ancxf_report_01KPT4J3FVKFAEZQRW309QSTSC.json; talley_notes_01KPTCA4ZSDM2ES8NG4M4Q2VC3.json; neptune_training_mounting_the_artificial_ports_the_administrative_and_logistical_01KQ62TN8NC9F6A24WBX2GQWFB.json,0,
"leaders prior to D-Day, Eisenhower speaking with the troops prior to the invasion,",https://www.eisenhowerlibrary.gov/sites/default/files/research/subject-guides/pdf/dday-invasion.pdf,,UNITED STATES ARMY PICTORIAL AGENCY COLLECTION: This series contains images of Allied Box 1,D-Day Invasion (Subject Guide),93,research_and_analysis_to_fix_earliest_practicable_date_for_invasion_of_western_e_01KQ68N782VCFZMKQ83X27N773.json; fusa_psychological_warfare_division_letter_bombing_of_st_lô_4_july_1944_01KPT3M5NYB7DQ4YSJFBH6X5A8.json; 8th_div_g_3_jnl_entry_0815_30_jul_01KPT49DTXK4E1DS904FFQ8BVE.json; report_to_bormann_01KPVC8N7XTH5Z99ABEPKZGJKB.json; the_last_offensive_01KT9TBB2W2VKN39WBFAZ2D62B.json,0,
"artificial harbor fabrication, and pre-invasion activities at Southampton dock. Some",https://www.eisenhowerlibrary.gov/sites/default/files/research/subject-guides/pdf/dday-invasion.pdf,,UNITED STATES ARMY PICTORIAL AGENCY COLLECTION: This series contains images of Allied Box 1,D-Day Invasion (Subject Guide),77,research_and_analysis_to_fix_earliest_practicable_date_for_invasion_of_western_e_01KQ68N782VCFZMKQ83X27N773.json; fusa_psychological_warfare_division_letter_bombing_of_st_lô_4_july_1944_01KPT3M5NYB7DQ4YSJFBH6X5A8.json; report_to_bormann_01KPVC8N7XTH5Z99ABEPKZGJKB.json; ltr_gavin_to_maj_gen_paul_l_williams_01KT9TDCJFKZC6KYD6JRJBNY98.json; study_by_the_kdtr_dbef_eifel_und_saarpfalz_01KSEE8V21F0JGGX2V8E9P4EH4.json,0,
D-Day invasion and of American troops on Utah Beach and Omaha Beach. There are,https://www.eisenhowerlibrary.gov/sites/default/files/research/subject-guides/pdf/dday-invasion.pdf,,UNITED STATES ARMY PICTORIAL AGENCY COLLECTION: This series contains images of Allied Box 1,D-Day Invasion (Subject Guide),115,research_and_analysis_to_fix_earliest_practicable_date_for_invasion_of_western_e_01KQ68N782VCFZMKQ83X27N773.json; aeaf_memo_operation_neptune_employment_of_british_and_american_airborne_forces_01KPTC8QZK2WRT1GAKDP3T39M3.json; fusa_psychological_warfare_division_letter_bombing_of_st_lô_4_july_1944_01KPT3M5NYB7DQ4YSJFBH6X5A8.json; 8th_div_g_3_jnl_entry_0815_30_jul_01KPT49DTXK4E1DS904FFQ8BVE.json; report_to_bormann_01KPVC8N7XTH5Z99ABEPKZGJKB.json,0,
"additional images of Normandy beaches following D-Day, Allied commanders and troops",https://www.eisenhowerlibrary.gov/sites/default/files/research/subject-guides/pdf/dday-invasion.pdf,,UNITED STATES ARMY PICTORIAL AGENCY COLLECTION: This series contains images of Allied Box 1,D-Day Invasion (Subject Guide),112,intentions_second_british_army_and_first_canadian_army_19_20_21_and_23_aug_01KPSY97B5VKNJH2NEGVKBPSG4.json; remarks_on_90th_division_performance_01KPVBW7KQV6MJXCSZTQY9T04M.json; 12th_army_group_report_of_operations_01KQ96PXTQTFRRHS5P9CD6ESEA.json; fusa_psychological_warfare_division_letter_bombing_of_st_lô_4_july_1944_01KPT3M5NYB7DQ4YSJFBH6X5A8.json; 8th_div_g_3_jnl_entry_0815_30_jul_01KPT49DTXK4E1DS904FFQ8BVE.json,0,
"in Northern France, of the liberation of Cherbourg, German prisoners-of-war and of the",https://www.eisenhowerlibrary.gov/sites/default/files/research/subject-guides/pdf/dday-invasion.pdf,,UNITED STATES ARMY PICTORIAL AGENCY COLLECTION: This series contains images of Allied Box 1,D-Day Invasion (Subject Guide),9,aeaf_memo_operation_neptune_employment_of_british_and_american_airborne_forces_01KPTC8QZK2WRT1GAKDP3T39M3.json; combat_intervs_01KQ638WTAZN0NQR1HFM9PCCGA.json; combat_interviews_82d_abn_and_4th_inf_divs_01KQ6399W4K7QNM8G8S38S0G72.json; utah_beach_to_cherbourg_01KPT1SQKS4R97TH0JPBKZZKHT.json; although_general_bradley_thus_exposed_himself_to_criticism_for_piecemeal_commitm_01KPT1CWB5ATZQNS8GXW2ZTG16.json,0,
"Edited program of D-Day broadcasts narrated by NBC newsmen, and correspondents. BBC",https://www.eisenhowerlibrary.gov/sites/default/files/research/subject-guides/pdf/dday-invasion.pdf,,UNITED STATES ARMY PICTORIAL AGENCY COLLECTION: This series contains images of Allied Box 1,D-Day Invasion (Subject Guide),16,8th_div_g_3_jnl_entry_0815_30_jul_01KPT49DTXK4E1DS904FFQ8BVE.json; the_last_offensive_01KT9TBB2W2VKN39WBFAZ2D62B.json; shaef66876e_01KQ62FGSA1QG38SG05MW0AQ5N.json; annex_b_to_shaef10627gdp_01KQ62FE4XBS9F4PGC3TF6RBXN.json; information_on_german_preparations_and_combat_comes_from_original_records_of_the_01KQ64C56464SZ7EN0PRQRBFYV.json,0,
"(Written for NBC commemorating D-Day); Bob Hope speaks from Van Nuys, CA; Edited portion of King",https://www.eisenhowerlibrary.gov/sites/default/files/research/subject-guides/pdf/dday-invasion.pdf,,UNITED STATES ARMY PICTORIAL AGENCY COLLECTION: This series contains images of Allied Box 1,D-Day Invasion (Subject Guide),16,8th_div_g_3_jnl_entry_0815_30_jul_01KPT49DTXK4E1DS904FFQ8BVE.json; the_last_offensive_01KT9TBB2W2VKN39WBFAZ2D62B.json; shaef66876e_01KQ62FGSA1QG38SG05MW0AQ5N.json; annex_b_to_shaef10627gdp_01KQ62FE4XBS9F4PGC3TF6RBXN.json; information_on_german_preparations_and_combat_comes_from_original_records_of_the_01KQ64C56464SZ7EN0PRQRBFYV.json,0,
contain a significant amount of footage of events other that D-Day; only the portion of the descript,https://www.eisenhowerlibrary.gov/sites/default/files/research/subject-guides/pdf/dday-invasion.pdf,,"Collection relating to the Normandy invasion, June 6, 1944. The film accession number is located at Box 1",D-Day Invasion (Subject Guide),16,8th_div_g_3_jnl_entry_0815_30_jul_01KPT49DTXK4E1DS904FFQ8BVE.json; the_last_offensive_01KT9TBB2W2VKN39WBFAZ2D62B.json; shaef66876e_01KQ62FGSA1QG38SG05MW0AQ5N.json; annex_b_to_shaef10627gdp_01KQ62FE4XBS9F4PGC3TF6RBXN.json; information_on_german_preparations_and_combat_comes_from_original_records_of_the_01KQ64C56464SZ7EN0PRQRBFYV.json,0,
Contains some clips of D-Day.,https://www.eisenhowerlibrary.gov/sites/default/files/research/subject-guides/pdf/dday-invasion.pdf,,"Collection relating to the Normandy invasion, June 6, 1944. The film accession number is located at Box 1",D-Day Invasion (Subject Guide),16,8th_div_g_3_jnl_entry_0815_30_jul_01KPT49DTXK4E1DS904FFQ8BVE.json; the_last_offensive_01KT9TBB2W2VKN39WBFAZ2D62B.json; shaef66876e_01KQ62FGSA1QG38SG05MW0AQ5N.json; annex_b_to_shaef10627gdp_01KQ62FE4XBS9F4PGC3TF6RBXN.json; information_on_german_preparations_and_combat_comes_from_original_records_of_the_01KQ64C56464SZ7EN0PRQRBFYV.json,0,
"hedgerow country, and the Falaise Gap. Ends in St. Lorant Cemetery.",https://www.eisenhowerlibrary.gov/sites/default/files/research/subject-guides/pdf/dday-invasion.pdf,,"Collection relating to the Normandy invasion, June 6, 1944. The film accession number is located at Box 1",D-Day Invasion (Subject Guide),1,dsc_award_citation_for_pfc_harry_ellis_01KRSTM492VGTPZ2VRXXX1VZRK.json,0,
beginnings of the phase of the European war known as the Battle of the Beachhead. On D-Day plus,https://www.eisenhowerlibrary.gov/sites/default/files/research/subject-guides/pdf/dday-invasion.pdf,,"Collection relating to the Normandy invasion, June 6, 1944. The film accession number is located at Box 1",D-Day Invasion (Subject Guide),22,operation_victory_01KPSMES47EZK7KEE7N66ZFRXH.json; 8th_div_g_3_jnl_entry_0815_30_jul_01KPT49DTXK4E1DS904FFQ8BVE.json; the_last_offensive_01KT9TBB2W2VKN39WBFAZ2D62B.json; shaef66876e_01KQ62FGSA1QG38SG05MW0AQ5N.json; annex_b_to_shaef10627gdp_01KQ62FE4XBS9F4PGC3TF6RBXN.json,0,
"This is a compilation of Naval, Air Force, and Army Signal Corps material of the action from D-Day",https://www.eisenhowerlibrary.gov/sites/default/files/research/subject-guides/pdf/dday-invasion.pdf,,"Collection relating to the Normandy invasion, June 6, 1944. The film accession number is located at Box 1",D-Day Invasion (Subject Guide),16,8th_div_g_3_jnl_entry_0815_30_jul_01KPT49DTXK4E1DS904FFQ8BVE.json; the_last_offensive_01KT9TBB2W2VKN39WBFAZ2D62B.json; shaef66876e_01KQ62FGSA1QG38SG05MW0AQ5N.json; annex_b_to_shaef10627gdp_01KQ62FE4XBS9F4PGC3TF6RBXN.json; information_on_german_preparations_and_combat_comes_from_original_records_of_the_01KQ64C56464SZ7EN0PRQRBFYV.json,0,
"Newsreel footage of Allied operations in Italy, with General Mark Clark and on D-Day.",https://www.eisenhowerlibrary.gov/sites/default/files/research/subject-guides/pdf/dday-invasion.pdf,,"Collection relating to the Normandy invasion, June 6, 1944. The film accession number is located at Box 1",D-Day Invasion (Subject Guide),16,8th_div_g_3_jnl_entry_0815_30_jul_01KPT49DTXK4E1DS904FFQ8BVE.json; the_last_offensive_01KT9TBB2W2VKN39WBFAZ2D62B.json; shaef66876e_01KQ62FGSA1QG38SG05MW0AQ5N.json; annex_b_to_shaef10627gdp_01KQ62FE4XBS9F4PGC3TF6RBXN.json; information_on_german_preparations_and_combat_comes_from_original_records_of_the_01KQ64C56464SZ7EN0PRQRBFYV.json,0,
concerns WWII with emphasis on North Africa and D-Day. Commentary supplied by several of,https://www.eisenhowerlibrary.gov/sites/default/files/research/subject-guides/pdf/dday-invasion.pdf,,"Collection relating to the Normandy invasion, June 6, 1944. The film accession number is located at Box 1",D-Day Invasion (Subject Guide),16,8th_div_g_3_jnl_entry_0815_30_jul_01KPT49DTXK4E1DS904FFQ8BVE.json; the_last_offensive_01KT9TBB2W2VKN39WBFAZ2D62B.json; shaef66876e_01KQ62FGSA1QG38SG05MW0AQ5N.json; annex_b_to_shaef10627gdp_01KQ62FE4XBS9F4PGC3TF6RBXN.json; information_on_german_preparations_and_combat_comes_from_original_records_of_the_01KQ64C56464SZ7EN0PRQRBFYV.json,0,
"Ambrose, Stephen E. D-Day, June 6, 1944: the Climactic Battle of World War II. New York:",https://www.eisenhowerlibrary.gov/sites/default/files/research/subject-guides/pdf/dday-invasion.pdf,,"Collection relating to the Normandy invasion, June 6, 1944. The film accession number is located at Box 1",D-Day Invasion (Subject Guide),16,8th_div_g_3_jnl_entry_0815_30_jul_01KPT49DTXK4E1DS904FFQ8BVE.json; the_last_offensive_01KT9TBB2W2VKN39WBFAZ2D62B.json; shaef66876e_01KQ62FGSA1QG38SG05MW0AQ5N.json; annex_b_to_shaef10627gdp_01KQ62FE4XBS9F4PGC3TF6RBXN.json; information_on_german_preparations_and_combat_comes_from_original_records_of_the_01KQ64C56464SZ7EN0PRQRBFYV.json,0,
"Assault on D-Day, 1944. New York: Scribner, 1976.",https://www.eisenhowerlibrary.gov/sites/default/files/research/subject-guides/pdf/dday-invasion.pdf,,"Collection relating to the Normandy invasion, June 6, 1944. The film accession number is located at Box 1",D-Day Invasion (Subject Guide),16,8th_div_g_3_jnl_entry_0815_30_jul_01KPT49DTXK4E1DS904FFQ8BVE.json; the_last_offensive_01KT9TBB2W2VKN39WBFAZ2D62B.json; shaef66876e_01KQ62FGSA1QG38SG05MW0AQ5N.json; annex_b_to_shaef10627gdp_01KQ62FE4XBS9F4PGC3TF6RBXN.json; information_on_german_preparations_and_combat_comes_from_original_records_of_the_01KQ64C56464SZ7EN0PRQRBFYV.json,0,
"June 6, 1944: The Voices of D-Day. Compiled by Gerald Astor. New York: St. Martins's Press,",https://www.eisenhowerlibrary.gov/sites/default/files/research/subject-guides/pdf/dday-invasion.pdf,,"Collection relating to the Normandy invasion, June 6, 1944. The film accession number is located at Box 1",D-Day Invasion (Subject Guide),16,8th_div_g_3_jnl_entry_0815_30_jul_01KPT49DTXK4E1DS904FFQ8BVE.json; the_last_offensive_01KT9TBB2W2VKN39WBFAZ2D62B.json; shaef66876e_01KQ62FGSA1QG38SG05MW0AQ5N.json; annex_b_to_shaef10627gdp_01KQ62FE4XBS9F4PGC3TF6RBXN.json; information_on_german_preparations_and_combat_comes_from_original_records_of_the_01KQ64C56464SZ7EN0PRQRBFYV.json,0,
